Income_Category,Card_Category,Education_Level_Doctorate,Education_Level_Graduate,Education_Level_High School,Education_Level_Post-Graduate,Education_Level_Uneducated,Education_Level_Unknown,Marital_Status_Married,Marital_Status_Single,Marital_Status_Unknown,Customer_Age,Gender,Dependent_count,Months_on_book,Total_Relationship_Count,Transaction_Amount_Change_Q4_Q1,Transaction_Count_Change_Q4_Q1,Avg_Utilization_Ratio,Customer_Tenure_Years,Average_Transaction_Value,Available_Credit_Ratio,Revolving_Balance_Ratio,Contact_Frequency,Inactivity_Ratio,Actual_Churn,Predicted_Churn,Churn_Probability,Churn_Probability_%,Predicted_Status,High_Risk,Risk_Category,High_Value,High_Value_At_Risk
0,0,0,0,0,0,1,0,0,1,0,65,1,0,56,4,1.035,0.591,0.643,4.666666667,46.42857143,0.357408555,0.642591445,0.166666667,0.166666667,0,0,0.036271309,3.63,Retained,0,Lower Risk,0,0
0,1,0,1,0,0,0,0,0,1,0,41,0,3,30,2,0.908,0.721,0,2.5,138.2,1,0,0.083333333,0.083333333,0,0,0.051214391,5.12,Retained,0,Lower Risk,0,0
0,0,0,0,0,0,0,0,1,0,0,31,0,0,21,5,1.369,0.613,0,1.75,61.18,1,0,0.166666667,0.166666667,0,0,0.132853549,13.29,Retained,0,Lower Risk,0,0
1,0,0,0,0,0,0,1,1,0,0,51,0,1,36,2,0.747,1.077,0.325,3,54.62962963,0.674615866,0.325384134,0.083333333,0.083333333,0,0,0.002714605,0.27,Retained,0,Lower Risk,0,0
0,0,0,1,0,0,0,0,0,1,0,51,0,3,41,6,0.767,0.738,0.756,3.416666667,67.49315068,0.244239631,0.755760369,0.25,0.166666667,0,0,0.02197741,2.2,Retained,0,Lower Risk,0,0
1,1,0,0,1,0,0,0,0,0,0,45,0,3,36,2,0.675,0.623,0.102,3,83.12790698,0.898388889,0.101611111,0.166666667,0.166666667,0,0,0.015994282,1.6,Retained,0,Lower Risk,0,0
0,0,0,0,1,0,0,0,1,0,0,39,0,1,36,1,0.821,0.822,0.421,3,59.2804878,0.579062159,0.420937841,0.166666667,0.25,0,0,0.061402794,6.14,Retained,0,Lower Risk,0,0
0,0,0,1,0,0,0,0,0,0,1,49,0,3,39,4,0.65,0.705,0.224,3.25,47.97333333,0.776486671,0.223513329,0,0.166666667,0,0,0.00936151,0.94,Retained,0,Lower Risk,0,0
4,0,0,1,0,0,0,0,0,1,0,58,1,4,52,6,0.567,0.364,0,4.333333333,45.6,1,0,0,0.083333333,0,0,0.020504683,2.05,Retained,0,Lower Risk,0,0
0,0,0,0,0,0,1,0,0,1,0,63,0,0,56,2,0.814,0.816,0.117,4.666666667,51.11594203,0.882846916,0.117153084,0.166666667,0.166666667,0,0,0.062452725,6.25,Retained,0,Lower Risk,0,0
1,0,0,1,0,0,0,0,1,0,0,49,1,1,40,6,0.895,0.439,0,3.333333333,76.55932203,1,0,0.333333333,0.083333333,1,1,0.67653868,67.65,Churn,1,High Risk,0,0
3,0,0,0,0,0,1,0,0,1,0,60,1,1,51,6,0.985,0.625,0.095,4.25,47.73846154,0.905254837,0.094745163,0.333333333,0.25,0,0,0.047837362,4.78,Retained,0,Lower Risk,0,0
0,0,0,1,0,0,0,0,0,1,0,61,1,1,54,1,0.801,0.7,0.231,4.5,82.74509804,0.768798236,0.231201764,0.25,0.083333333,0,0,0.017220147,1.72,Retained,0,Lower Risk,0,0
3,0,0,0,0,0,0,1,0,1,0,48,1,3,36,3,0.716,0.612,0.811,3,53.41772152,0.188720973,0.811279027,0.166666667,0.333333333,0,0,0.064562684,6.46,Retained,0,Lower Risk,0,0
2,0,1,0,0,0,0,0,1,0,0,55,1,2,36,5,0.791,0.721,0,3,58.45945946,1,0,0.083333333,0.083333333,0,0,0.007963397,0.8,Retained,0,Lower Risk,0,0
0,0,0,0,0,1,0,0,1,0,0,55,0,1,42,1,0.81,0.612,0.642,3.5,58.78481013,0.357941077,0.642058923,0.25,0.25,0,0,0.265212638,26.52,Retained,0,Lower Risk,0,0
0,0,0,1,0,0,0,0,0,1,0,26,1,1,13,3,0.607,0.294,0.696,1.083333333,57.04545455,0.303587856,0.696412144,0.166666667,0.25,0,0,0.048923561,4.89,Retained,0,Lower Risk,0,0
4,0,0,0,0,0,0,1,1,0,0,39,1,2,36,6,1.052,0.75,0.073,3,124.8571429,0.927077297,0.072922703,0.25,0.25,1,1,0.833826889,83.38,Churn,1,High Risk,0,0
0,0,0,0,0,0,1,0,1,0,0,58,0,2,45,3,0.615,0.407,0.791,3.75,36.07894737,0.209062822,0.790937178,0.333333333,0.25,0,0,0.254421204,25.44,Retained,0,Lower Risk,0,0
2,0,0,0,1,0,0,0,1,0,0,37,1,4,24,3,0.879,0.433,0.402,2,43.90697674,0.597938144,0.402061856,0.333333333,0.083333333,0,0,0.03491805,3.49,Retained,0,Lower Risk,0,0
0,0,0,0,1,0,0,0,1,0,0,49,0,4,43,4,0.576,0.622,0.415,3.583333333,48.78082192,0.584501237,0.415498763,0.166666667,0.25,0,0,0.08116029,8.12,Retained,0,Lower Risk,0,0
3,0,0,0,0,0,0,0,0,1,0,45,1,5,35,4,0.751,0.651,0.068,2.916666667,48.70422535,0.931832321,0.068167679,0.083333333,0.166666667,0,0,0.011827637,1.18,Retained,0,Lower Risk,0,0
0,0,0,1,0,0,0,0,1,0,0,31,1,0,36,3,0.934,0.732,0.364,3,114.4084507,0.635798003,0.364201997,0.25,0.166666667,1,0,0.199531493,19.95,Retained,0,Lower Risk,0,0
0,0,0,0,0,0,0,1,0,1,0,40,0,2,36,2,0.775,0.574,0.295,3,93.68235294,0.704679182,0.295320818,0.25,0.166666667,0,0,0.086433672,8.64,Retained,0,Lower Risk,0,0
3,0,0,0,1,0,0,0,0,0,0,60,1,1,48,1,0.645,0.227,0,4,83.37037037,1,0,0.25,0.416666667,1,1,0.959511473,95.95,Churn,1,High Risk,0,0
2,0,0,0,0,0,0,0,0,1,0,45,1,3,35,1,0.661,0.694,0.103,2.916666667,82.81967213,0.89728012,0.10271988,0.166666667,0.083333333,0,0,0.003827707,0.38,Retained,0,Lower Risk,0,0
2,0,0,0,1,0,0,0,0,1,0,39,1,3,36,4,0.534,0.929,0.244,3,51.40740741,0.75595324,0.24404676,0.25,0.166666667,0,0,0.028936492,2.89,Retained,0,Lower Risk,0,0
0,0,0,0,0,0,1,0,0,1,0,57,0,3,52,4,0.63,0.659,0.593,4.333333333,51.16438356,0.406593407,0.593406593,0.25,0.25,0,0,0.086895631,8.69,Retained,0,Lower Risk,0,0
3,0,0,1,0,0,0,0,0,1,0,45,1,2,39,6,0.635,0.444,0,3.25,54.6,1,0,0.25,0.25,0,1,0.604807518,60.48,Churn,1,High Risk,0,0
3,0,0,1,0,0,0,0,0,1,0,45,1,3,32,5,0.912,0.909,0.103,2.666666667,36,0.897210765,0.102789235,0.166666667,0.166666667,0,0,0.010241544,1.02,Retained,0,Lower Risk,0,0
0,0,0,0,1,0,0,0,1,0,0,56,0,1,49,1,0.8,0.792,0.143,4.083333333,101.0072464,0.856515791,0.143484209,0.083333333,0.166666667,0,0,0.021545139,2.15,Retained,0,Lower Risk,0,0
2,0,0,1,0,0,0,0,1,0,0,48,1,4,37,1,0.838,0.692,0.345,3.083333333,90.60227273,0.655110989,0.344889011,0.25,0.166666667,0,0,0.051577436,5.16,Retained,0,Lower Risk,0,0
3,0,0,0,1,0,0,0,1,0,0,49,1,3,39,5,0.6,0.529,0.568,3.25,55.33333333,0.431596781,0.568403219,0.166666667,0.25,0,0,0.121823367,12.18,Retained,0,Lower Risk,0,0
0,0,0,0,0,0,1,0,0,0,1,49,0,4,45,1,0.847,0.672,0.342,3.75,128.3333333,0.657740586,0.342259414,0.083333333,0.25,0,0,0.017862865,1.79,Retained,0,Lower Risk,0,0
0,0,0,1,0,0,0,0,0,0,1,59,0,0,49,2,0.899,0.656,0,4.083333333,57.50943396,1,0,0.166666667,0.25,1,0,0.344702733,34.47,Retained,0,Lower Risk,0,0
1,0,1,0,0,0,0,0,1,0,0,61,0,1,47,4,0.681,0.457,0.292,3.916666667,40.50980392,0.708444341,0.291555659,0.333333333,0.166666667,0,0,0.103695691,10.37,Retained,0,Lower Risk,0,0
3,0,0,1,0,0,0,0,1,0,0,54,1,2,46,6,0.939,0.69,0.65,3.833333333,28.10204082,0.349646821,0.650353179,0.25,0.166666667,0,0,0.026178886,2.62,Retained,0,Lower Risk,0,0
3,0,0,1,0,0,0,0,0,1,0,40,1,3,30,2,1.017,0.379,0.005,2.5,124.575,0.994580408,0.005419592,0.166666667,0.166666667,1,1,0.98401627,98.4,Churn,1,High Risk,0,0
1,0,0,0,0,0,0,1,0,1,0,52,0,1,43,4,0.584,0.731,0.546,3.583333333,43.47777778,0.453811206,0.546188794,0.166666667,0.166666667,0,0,0.036681379,3.67,Retained,0,Lower Risk,0,0
0,0,0,1,0,0,0,0,0,0,0,33,0,2,24,3,0.754,1.043,0.337,2,55.38297872,0.662501837,0.337498163,0.166666667,0.083333333,0,0,0.008144443,0.81,Retained,0,Lower Risk,0,0
0,0,0,0,0,0,1,0,0,1,0,36,0,2,23,3,0.867,0.718,0.603,1.916666667,58.14925373,0.396622313,0.603377687,0,0.083333333,0,0,0.012298545,1.23,Retained,0,Lower Risk,0,0
0,1,0,0,1,0,0,0,1,0,0,48,1,2,36,2,0.776,0.817,0.173,3,161.7247706,0.827378095,0.172621905,0.166666667,0.166666667,0,0,0.013340837,1.33,Retained,0,Lower Risk,0,0
0,0,0,1,0,0,0,0,0,1,0,48,0,4,40,3,0.915,0.634,0.077,3.333333333,63.08955224,0.923056252,0.076943748,0.166666667,0.166666667,0,0,0.042096887,4.21,Retained,0,Lower Risk,0,0
3,0,0,1,0,0,0,0,0,1,0,42,1,4,33,4,0.792,0.795,0,2.75,55.36708861,1,0,0.166666667,0.166666667,0,0,0.030493683,3.05,Retained,0,Lower Risk,0,0
4,0,1,0,0,0,0,0,1,0,0,52,1,2,34,3,0.658,0.621,0,2.833333333,44.87234043,1,0,0.25,0.166666667,1,0,0.446898577,44.69,Retained,0,Lower Risk,0,0
0,0,0,0,0,0,0,0,0,0,0,53,0,1,36,3,0.673,0.6,0,3,64.70833333,1,0,0.25,0.083333333,0,0,0.102397599,10.24,Retained,0,Lower Risk,0,0
0,0,0,0,1,0,0,0,1,0,0,41,0,2,24,1,0.969,0.745,0.228,2,143.0208333,0.771749688,0.228250312,0.083333333,0.083333333,0,0,0.039810351,3.98,Retained,0,Lower Risk,0,0
4,0,0,0,0,0,0,1,0,1,0,40,1,2,21,6,0.466,0.533,0.08,1.75,36.67391304,0.920123654,0.079876346,0.25,0.333333333,0,0,0.149413126,14.94,Retained,0,Lower Risk,0,0
0,0,0,1,0,0,0,0,1,0,0,46,0,4,40,5,0.675,0.925,0.491,3.333333333,58.19480519,0.508894045,0.491105955,0.333333333,0.25,0,0,0.040957834,4.1,Retained,0,Lower Risk,0,0
0,0,0,0,0,0,1,0,0,0,0,30,0,1,19,6,0.82,0.517,0,1.583333333,57.56818182,1,0,0.166666667,0.083333333,1,0,0.322256447,32.23,Retained,0,Lower Risk,0,0
0,0,0,0,0,0,0,0,1,0,0,39,1,1,27,4,0.854,0.756,0.461,2.25,63.48611111,0.538764783,0.461235217,0.166666667,0.166666667,0,0,0.027597639,2.76,Retained,0,Lower Risk,0,0
0,0,0,0,1,0,0,0,0,1,0,36,0,1,22,6,0.793,0.848,0.086,1.833333333,54.54117647,0.913619232,0.086380768,0.166666667,0.25,0,0,0.01163623,1.16,Retained,0,Lower Risk,0,0
2,0,0,0,0,1,0,0,0,1,0,61,1,0,36,6,0.637,0.6,0.051,3,53.1625,0.948736205,0.051263795,0.25,0.166666667,0,0,0.0549057,5.49,Retained,0,Lower Risk,0,0
0,0,0,1,0,0,0,0,1,0,0,52,0,3,44,5,0.674,0.605,0.955,3.666666667,61.14492754,0.045022718,0.954977282,0.25,0.416666667,0,0,0.302417509,30.24,Retained,0,Lower Risk,0,0
4,0,0,0,1,0,0,0,0,1,0,52,1,2,43,3,0.916,0.547,0.022,3.583333333,52.59756098,0.977952254,0.022047746,0.25,0.166666667,0,1,0.582583988,58.26,Churn,1,High Risk,0,0
2,0,1,0,0,0,0,0,0,1,0,35,1,0,18,6,0.765,0.903,0.633,1.5,42.08474576,0.366820631,0.633179369,0.25,0.166666667,0,0,0.007861443,0.79,Retained,0,Lower Risk,0,0
1,0,0,0,1,0,0,0,0,1,0,47,0,3,34,4,0.879,1.034,0.776,2.833333333,59.18644068,0.22363729,0.77636271,0.25,0.083333333,0,0,0.004953706,0.5,Retained,0,Lower Risk,0,0
0,0,0,0,1,0,0,0,0,1,0,46,0,3,36,1,0.681,0.654,0.362,3,81.6627907,0.63848704,0.36151296,0.166666667,0.25,0,0,0.04241787,4.24,Retained,0,Lower Risk,0,0
1,0,0,0,1,0,0,0,0,1,0,41,0,5,32,6,0.8,0.844,0.095,2.666666667,53.85542169,0.904917595,0.095082405,0.166666667,0.083333333,0,0,0.001232291,0.12,Retained,0,Lower Risk,0,0
0,1,0,0,0,1,0,0,0,1,0,31,1,1,36,6,0.843,0.628,0,3,107.5428571,1,0,0.416666667,0.25,1,1,0.907105222,90.71,Churn,1,High Risk,0,0
0,0,0,0,0,0,0,0,1,0,0,46,0,4,35,2,0.802,1.114,0,2.916666667,62.95945946,1,0,0.166666667,0.166666667,0,0,0.128613283,12.86,Retained,0,Lower Risk,0,0
2,0,0,0,1,0,0,0,0,0,1,48,1,4,30,3,0.806,0.766,0.13,2.5,50.85542169,0.870483981,0.129516019,0.166666667,0.25,0,0,0.038307484,3.83,Retained,0,Lower Risk,0,0
4,0,0,1,0,0,0,0,1,0,0,35,1,4,30,4,1.129,0.774,0.029,2.5,42.72727273,0.970506432,0.029493568,0.333333333,0.25,0,0,0.013692229,1.37,Retained,0,Lower Risk,0,0
4,1,0,0,1,0,0,0,1,0,0,44,1,3,34,3,0.814,0.566,0.073,2.833333333,89.48192771,0.927077297,0.072922703,0.166666667,0.083333333,0,0,0.007535142,0.75,Retained,0,Lower Risk,0,0
0,0,0,0,0,0,0,1,0,1,0,50,0,2,32,4,0.815,0.902,0,2.666666667,58.94871795,1,0,0.083333333,0.25,0,0,0.040775648,4.08,Retained,0,Lower Risk,0,0
3,0,0,0,0,0,0,1,1,0,0,47,1,2,36,3,0.664,0.696,0.214,3,60.44871795,0.785525061,0.214474939,0.25,0.083333333,0,0,0.009398336,0.94,Retained,0,Lower Risk,0,0
3,0,0,0,0,0,1,0,0,1,0,42,1,4,36,3,0.635,0.853,0.058,3,67.3015873,0.942259495,0.057740505,0.25,0.166666667,0,0,0.024854997,2.49,Retained,0,Lower Risk,0,0
0,0,1,0,0,0,0,0,0,0,0,49,0,3,42,1,0.489,0.593,0.41,3.5,46.58139535,0.590215676,0.409784324,0.25,0.25,1,1,0.784683069,78.47,Churn,1,High Risk,0,0
2,0,0,0,0,0,1,0,0,1,0,57,1,0,42,6,0.813,1.2,0.145,3.5,40.84090909,0.855437507,0.144562493,0.25,0.333333333,0,0,0.089747054,8.97,Retained,0,Lower Risk,0,0
0,1,0,0,0,0,0,1,1,0,0,41,0,3,34,5,1.034,0.733,0.059,2.833333333,57.19230769,0.940520338,0.059479662,0.25,0.25,0,0,0.057679852,5.77,Retained,0,Lower Risk,0,0
0,0,0,0,0,0,1,0,1,0,0,53,0,2,42,6,0.673,0.929,0.553,3.5,58.25925926,0.447028424,0.552971576,0.416666667,0.083333333,0,0,0.00469698,0.47,Retained,0,Lower Risk,0,0
0,0,0,0,0,0,0,0,0,1,0,29,0,1,23,4,1.033,0.769,0,1.916666667,39.75362319,1,0,0.333333333,0.25,0,0,0.025417606,2.54,Retained,0,Lower Risk,0,0
1,0,0,0,1,0,0,0,1,0,0,37,0,1,25,4,1.348,1.35,0.429,2.083333333,55.80851064,0.57084399,0.42915601,0.333333333,0.25,0,0,0.002521364,0.25,Retained,0,Lower Risk,0,0
3,0,0,0,1,0,0,0,1,0,0,39,1,2,34,6,1.06,1,0.175,2.833333333,61.28125,0.825342854,0.174657146,0.25,0.25,0,0,0.010902756,1.09,Retained,0,Lower Risk,0,0
1,0,0,1,0,0,0,0,0,0,1,38,1,2,36,4,0.79,0.605,0,3,76.09836066,1,0,0.333333333,0.25,0,0,0.308192495,30.82,Retained,0,Lower Risk,0,0
0,0,0,0,0,0,0,1,0,1,0,60,0,1,51,3,0.757,0.809,0.22,4.25,114.7317073,0.779766793,0.220233207,0.25,0.25,0,0,0.123460614,12.35,Retained,0,Lower Risk,0,0
3,2,0,0,1,0,0,0,0,1,0,41,1,3,28,2,0.746,0.526,0.061,2.333333333,79.67816092,0.939216595,0.060783405,0,0.166666667,0,0,0.012635111,1.26,Retained,0,Lower Risk,0,0
0,1,0,0,0,0,1,0,0,0,0,47,0,2,35,3,1.127,0.622,0.057,2.916666667,62.08333333,0.943194427,0.056805573,0.333333333,0.083333333,0,0,0.009861689,0.99,Retained,0,Lower Risk,0,0
0,0,1,0,0,0,0,0,0,0,0,57,0,2,47,5,0.897,0.654,0.765,3.916666667,56.36046512,0.235223642,0.764776358,0.166666667,0.083333333,0,0,0.008280883,0.83,Retained,0,Lower Risk,0,0
0,0,0,1,0,0,0,0,1,0,0,39,0,1,29,4,0.723,0.737,0.524,2.416666667,53.3030303,0.476474092,0.523525908,0.166666667,0.25,0,0,0.029038359,2.9,Retained,0,Lower Risk,0,0
3,0,0,0,0,0,0,0,0,1,0,47,1,5,41,1,0.938,0.65,0.519,3.416666667,142.4949495,0.481189851,0.518810149,0.25,0.083333333,0,0,0.020290672,2.03,Retained,0,Lower Risk,0,0
2,0,0,1,0,0,0,0,0,0,0,43,1,1,25,4,0.956,0.558,0.569,2.083333333,47.66666667,0.431295569,0.568704431,0.25,0.25,0,0,0.057520627,5.75,Retained,0,Lower Risk,0,0
1,0,0,0,0,0,1,0,1,0,0,46,0,4,34,6,0.725,0.769,0.786,2.833333333,49.82608696,0.21402214,0.78597786,0.25,0.25,0,0,0.053961191,5.4,Retained,0,Lower Risk,0,0
0,0,0,0,0,0,0,0,0,1,0,48,0,2,35,3,0.842,0.917,0.567,2.916666667,69.23188406,0.432663561,0.567336439,0.083333333,0.25,0,0,0.029685257,2.97,Retained,0,Lower Risk,0,0
1,0,0,0,1,0,0,0,1,0,0,45,0,4,36,5,0.858,0.58,0.757,3,46.01265823,0.242876526,0.757123474,0.083333333,0.166666667,0,0,0.041118664,4.11,Retained,0,Lower Risk,0,0
0,0,0,0,0,0,1,0,0,1,0,65,0,1,36,3,0.691,0.629,0,3,70.98245614,1,0,0.25,0.166666667,0,0,0.18663641,18.66,Retained,0,Lower Risk,0,0
3,0,0,1,0,0,0,0,1,0,0,32,1,2,36,2,0.741,0.793,0.075,3,158.5096154,0.925033415,0.074966585,0.166666667,0.083333333,0,0,0.004101211,0.41,Retained,0,Lower Risk,0,0
3,0,0,0,0,1,0,0,0,1,0,44,1,4,36,5,0.956,0.639,0.678,3,76.37288136,0.321504014,0.678495986,0.166666667,0.25,1,0,0.140091135,14.01,Retained,0,Lower Risk,0,0
0,0,0,1,0,0,0,0,0,1,0,34,1,2,23,1,0.726,0.702,0.17,1.916666667,149.0618557,0.830201342,0.169798658,0.166666667,0.25,0,0,0.014812746,1.48,Retained,0,Lower Risk,0,0
0,1,0,0,0,0,0,1,0,1,0,55,0,2,37,2,0.821,0.739,0.052,3.083333333,105.9,0.948342798,0.051657202,0.25,0.166666667,1,0,0.106773042,10.68,Retained,0,Lower Risk,0,0
0,0,0,1,0,0,0,0,1,0,0,50,0,2,42,5,0.626,0.774,0.964,3.5,52.55319149,0.036158192,0.963841808,0,0.25,0,0,0.006577711,0.66,Retained,0,Lower Risk,0,0
1,0,0,1,0,0,0,0,0,1,0,53,0,1,39,3,0.801,0.791,0.452,3.25,54.85714286,0.548275862,0.451724138,0.166666667,0.25,0,0,0.051482865,5.15,Retained,0,Lower Risk,0,0
2,0,0,0,0,0,1,0,0,1,0,62,1,0,36,6,0.884,0.688,0,3,56.44444444,1,0,0.25,0.083333333,0,0,0.03530466,3.53,Retained,0,Lower Risk,0,0
1,0,0,1,0,0,0,0,1,0,0,49,1,3,41,5,0.751,0.391,0.648,3.416666667,36.65625,0.351620948,0.648379052,0.166666667,0.25,0,0,0.083955268,8.4,Retained,0,Lower Risk,0,0
0,0,0,1,0,0,0,0,0,1,0,39,0,1,23,4,0.998,0.947,0,1.916666667,69.2972973,1,0,0.25,0.25,0,0,0.083884007,8.39,Retained,0,Lower Risk,0,0
2,0,0,0,1,0,0,0,1,0,0,44,1,3,34,4,0.633,0.811,0,2.833333333,60.76119403,1,0,0.416666667,0.166666667,0,0,0.088741249,8.87,Retained,0,Lower Risk,0,0
4,1,0,0,0,0,0,0,0,1,0,55,1,2,42,2,0.526,0.355,0.044,3.5,30.19047619,0.955759648,0.044240352,0.166666667,0.25,0,1,0.891605907,89.16,Churn,1,High Risk,0,0
0,0,0,1,0,0,0,0,0,1,0,47,0,2,36,3,0.732,0.465,0.519,3,34.44444444,0.480762047,0.519237953,0.25,0.25,0,0,0.475813689,47.58,Retained,0,Lower Risk,0,0
0,0,0,0,0,0,0,1,0,1,0,30,0,0,36,1,1.04,0.957,0.515,3,61.86666667,0.484579637,0.515420363,0.083333333,0.083333333,0,0,0.02017126,2.02,Retained,0,Lower Risk,0,0
0,0,0,0,0,0,0,0,1,0,0,29,0,0,19,2,0.636,0.742,0.772,1.583333333,45.57407407,0.228150874,0.771849126,0.166666667,0.083333333,1,0,0.043499781,4.35,Retained,0,Lower Risk,0,0
3,0,0,1,0,0,0,0,0,1,0,39,1,3,34,4,0.804,1,0,2.833333333,50.83783784,1,0,0.416666667,0.25,0,0,0.171167123,17.12,Retained,0,Lower Risk,0,0
2,0,1,0,0,0,0,0,0,1,0,39,1,2,27,4,0.771,0.808,0,2.25,41.59574468,1,0,0.25,0.083333333,0,0,0.051862179,5.19,Retained,0,Lower Risk,0,0
0,0,0,0,0,1,0,0,1,0,0,51,0,3,36,4,0.709,0.667,0,3,61.75714286,1,0,0.25,0.166666667,0,0,0.166931769,16.69,Retained,0,Lower Risk,0,0
2,0,0,0,0,0,0,0,0,1,0,42,1,4,23,2,0.7,0.905,0.254,1.916666667,56.9875,0.745998188,0.254001812,0.083333333,0.25,0,0,0.020953648,2.1,Retained,0,Lower Risk,0,0
0,0,0,0,0,1,0,0,1,0,0,27,0,1,13,3,0.715,1.147,0.688,1.083333333,52.80821918,0.311687409,0.688312591,0.166666667,0.166666667,0,0,0.005401984,0.54,Retained,0,Lower Risk,0,0
2,0,0,0,0,0,0,1,1,0,0,60,1,0,54,4,0.505,0.7,0.906,4.5,48.52941176,0.093512142,0.906487858,0,0.083333333,0,0,0.000375735,0.04,Retained,0,Lower Risk,0,0
0,0,0,0,1,0,0,0,0,0,0,52,0,2,32,6,0.694,0.816,0.651,2.666666667,55.89855072,0.348578492,0.651421508,0.333333333,0.25,0,0,0.044414286,4.44,Retained,0,Lower Risk,0,0
2,0,0,0,1,0,0,0,1,0,0,63,1,1,56,3,0.491,0.583,0.322,4.666666667,45.63157895,0.678353659,0.321646341,0.333333333,0.166666667,0,0,0.051827079,5.18,Retained,0,Lower Risk,0,0
1,0,0,0,0,0,1,0,1,0,0,48,0,2,36,3,0.718,0.652,0,3,52.68421053,1,0,0.333333333,0.25,0,0,0.437449671,43.74,Retained,0,Lower Risk,0,0
1,0,0,0,0,1,0,0,0,0,1,42,1,5,36,1,0.757,0.662,0.221,3,126.7372881,0.778748457,0.221251543,0.166666667,0.166666667,0,0,0.010221685,1.02,Retained,0,Lower Risk,0,0
1,0,0,0,0,0,1,0,1,0,0,53,0,1,46,5,0.743,0.455,0,3.833333333,33.09375,1,0,0.25,0.166666667,0,1,0.510272705,51.03,Churn,1,High Risk,0,0
0,0,0,1,0,0,0,0,1,0,0,46,0,4,36,4,1.057,0.481,0,3,69.95,1,0,0.333333333,0.25,1,1,0.90232935,90.23,Churn,1,High Risk,0,0
2,0,0,1,0,0,0,0,1,0,0,38,1,3,34,6,0.68,0.65,0.432,2.833333333,54.03030303,0.567724967,0.432275033,0.25,0.25,0,0,0.04995209,5,Retained,0,Lower Risk,0,0
0,0,0,0,0,0,0,1,0,1,0,55,0,1,42,4,0.74,0.714,0,3.5,68.83333333,1,0,0.25,0.416666667,0,0,0.177378723,17.74,Retained,0,Lower Risk,0,0
0,0,0,1,0,0,0,0,0,1,0,48,0,4,37,1,0.812,0.634,0.502,3.083333333,57.35820896,0.497509522,0.502490478,0.25,0.083333333,0,0,0.027696946,2.77,Retained,0,Lower Risk,0,0
1,0,0,0,0,0,0,0,1,0,0,43,0,3,36,1,0.638,0.8,0,3,164.7666667,1,0,0.166666667,0.25,0,0,0.16104211,16.1,Retained,0,Lower Risk,0,0
0,0,0,0,0,0,0,0,1,0,0,55,0,1,36,6,0.72,0.862,0.105,3,39.77777778,0.895363337,0.104636663,0.166666667,0.25,0,0,0.058159439,5.82,Retained,0,Lower Risk,0,0
3,0,0,0,0,0,0,0,0,1,0,51,1,2,43,5,0.52,0.66,0,3.583333333,46.60227273,1,0,0.25,0.25,0,0,0.35347468,35.35,Retained,0,Lower Risk,0,0
2,0,0,0,0,1,0,0,0,1,0,42,1,2,26,6,0.311,0.429,0.084,2.166666667,66.86666667,0.916021728,0.083978272,0.25,0.166666667,0,1,0.514597737,51.46,Churn,1,High Risk,0,0
0,0,0,0,0,0,0,1,0,1,0,41,0,4,36,2,0.811,0.743,0.634,3,82.14754098,0.365991903,0.634008097,0.166666667,0.25,0,0,0.049094392,4.91,Retained,0,Lower Risk,0,0
4,0,0,0,0,0,0,1,1,0,0,57,1,1,36,6,0.462,0.72,0.082,3,37,0.917519289,0.082480711,0.333333333,0.166666667,0,0,0.031968898,3.2,Retained,0,Lower Risk,0,0
3,0,0,0,1,0,0,0,0,1,0,51,1,1,45,6,0.603,0.705,0.14,3.75,51.34666667,0.859712501,0.140287499,0.25,0.083333333,0,0,0.006472923,0.65,Retained,0,Lower Risk,0,0
1,0,0,0,0,0,1,0,1,0,0,36,1,3,25,6,0.749,0.644,0.691,2.083333333,55.97297297,0.309465021,0.690534979,0.333333333,0.166666667,0,0,0.058905672,5.89,Retained,0,Lower Risk,0,0
2,0,0,1,0,0,0,0,0,1,0,41,1,2,31,3,0.627,0.545,0.235,2.583333333,72.54411765,0.764827419,0.235172581,0.25,0.083333333,0,0,0.017781513,1.78,Retained,0,Lower Risk,0,0
2,0,0,1,0,0,0,0,1,0,0,34,1,0,26,4,1.705,0.885,0.189,2.166666667,49.08163265,0.811207729,0.188792271,0.25,0.25,0,0,0.001597223,0.16,Retained,0,Lower Risk,0,0
0,0,0,0,0,0,0,1,0,1,0,48,0,2,36,4,0.727,0.619,0.251,3,53.17647059,0.748553393,0.251446607,0.166666667,0.25,0,0,0.125248176,12.52,Retained,0,Lower Risk,0,0
4,0,0,1,0,0,0,0,0,1,0,52,1,2,41,1,0.643,0.5,0.026,3.416666667,50.61111111,0.97442213,0.02557787,0.083333333,0.25,1,1,0.714397539,71.44,Churn,1,High Risk,0,0
4,0,0,0,0,0,0,1,1,0,0,38,1,1,16,3,0.61,0.905,0.113,1.333333333,53.4,0.886989554,0.113010446,0.333333333,0.083333333,1,0,0.049827159,4.98,Retained,0,Lower Risk,0,0
3,0,0,0,0,0,0,1,1,0,0,53,1,2,36,2,0.713,0.25,0,3,37.85,1,0,0.083333333,0.166666667,1,1,0.921471304,92.15,Churn,1,High Risk,0,0
1,0,0,0,0,0,1,0,1,0,0,45,0,4,36,3,1.612,0.464,0.736,3,48.73170732,0.263902282,0.736097718,0.25,0.083333333,0,0,0.06809935,6.81,Retained,0,Lower Risk,0,0
1,0,0,0,1,0,0,0,0,1,0,36,1,2,32,3,0.821,0.659,0.571,2.666666667,32.50684932,0.428624674,0.571375326,0.166666667,0.416666667,0,0,0.01670183,1.67,Retained,0,Lower Risk,0,0
2,0,0,0,1,0,0,0,0,1,0,49,1,3,40,3,0.781,0.787,0.21,3.333333333,42.01190476,0.79047619,0.20952381,0.166666667,0.333333333,0,0,0.202610964,20.26,Retained,0,Lower Risk,0,0
3,0,0,0,1,0,0,0,0,0,0,41,1,2,36,6,0.833,0.872,0.603,3,64.31506849,0.397310513,0.602689487,0.166666667,0.166666667,0,0,0.00643749,0.64,Retained,0,Lower Risk,0,0
4,0,0,0,0,0,1,0,1,0,0,61,1,0,36,4,0.424,0.5,0.104,3,61.40740741,0.895871256,0.104128744,0.333333333,0.25,0,0,0.213918001,21.39,Retained,0,Lower Risk,0,0
1,0,0,0,0,0,1,0,0,1,0,42,1,3,36,3,1.087,1.235,0.162,3,30.36842105,0.838108136,0.161891864,0,0.083333333,0,0,0.001892922,0.19,Retained,0,Lower Risk,0,0
3,0,0,0,1,0,0,0,0,1,0,35,1,3,28,4,1.023,1.125,0.1,2.333333333,33.23529412,0.90044267,0.09955733,0.166666667,0.166666667,0,0,0.011428309,1.14,Retained,0,Lower Risk,0,0
2,1,0,0,0,0,0,1,1,0,0,41,1,3,35,2,0.944,0.623,0.035,2.916666667,133.5178571,0.964501756,0.035498244,0.166666667,0.25,0,0,0.337333811,33.73,Retained,0,Lower Risk,0,0
4,0,0,0,0,0,0,1,1,0,0,53,1,1,42,4,0.432,0.333,0.105,3.5,28.03571429,0.894705247,0.105294753,0.333333333,0.083333333,0,0,0.016200783,1.62,Retained,0,Lower Risk,0,0
1,0,0,0,0,0,0,1,0,1,0,43,0,2,36,6,0.58,0.233,0.775,3,41.37837838,0.224733208,0.775266792,0.333333333,0.083333333,0,0,0.086398967,8.64,Retained,0,Lower Risk,0,0
4,0,0,0,1,0,0,0,0,0,0,55,1,2,46,5,1.059,0.465,0.15,3.833333333,78.3968254,0.850427858,0.149572142,0.166666667,0.25,1,1,0.611891064,61.19,Churn,1,High Risk,0,0
0,0,0,1,0,0,0,0,1,0,0,52,0,3,36,5,0.554,0.5,0.42,3,65,0.579501169,0.420498831,0.25,0.25,1,0,0.458653445,45.87,Retained,0,Lower Risk,0,0
0,0,0,0,0,0,1,0,0,1,0,36,0,3,22,3,0.525,0.676,0.854,1.833333333,35.45614035,0.145833333,0.854166667,0.083333333,0.25,1,0,0.061751059,6.18,Retained,0,Lower Risk,0,0
0,0,0,0,0,0,0,0,0,0,1,42,0,3,28,1,0.493,0.679,0.46,2.333333333,54.28723404,0.539937854,0.460062146,0.25,0.166666667,0,0,0.403612467,40.36,Retained,0,Lower Risk,0,0
1,0,0,0,0,0,0,0,1,0,0,59,0,0,53,3,0.896,0.927,0,4.416666667,56.41772152,1,0,0,0.166666667,0,0,0.028840051,2.88,Retained,0,Lower Risk,0,0
0,0,0,0,0,0,0,1,0,1,0,65,0,1,46,3,0.907,0.649,0,3.833333333,65.93442623,1,0,0.166666667,0.25,0,0,0.288379436,28.84,Retained,0,Lower Risk,0,0
4,0,0,0,0,0,1,0,1,0,0,52,1,1,46,5,0.677,0.6,0.235,3.833333333,50.2125,0.765123313,0.234876687,0.333333333,0.166666667,0,0,0.046878607,4.69,Retained,0,Lower Risk,0,0
0,0,0,1,0,0,0,0,0,1,0,54,0,4,45,6,0.924,0.891,0.878,3.75,59.95402299,0.122110553,0.877889447,0.166666667,0.166666667,0,0,0.003262113,0.33,Retained,0,Lower Risk,0,0
3,1,0,1,0,0,0,0,0,1,0,50,1,1,43,6,0.807,1,0.013,3.583333333,125.625,0.987484065,0.012515935,0.25,0.25,1,1,0.577306824,57.73,Churn,1,High Risk,0,0
0,0,0,1,0,0,0,0,1,0,0,39,0,1,29,4,0.736,0.667,0.66,2.416666667,64.95384615,0.340193284,0.659806716,0.333333333,0.166666667,0,0,0.070445143,7.04,Retained,0,Lower Risk,0,0
4,0,0,1,0,0,0,0,1,0,0,57,1,4,51,4,0.71,1.417,0.184,4.25,40.68965517,0.81607693,0.18392307,0.083333333,0.25,0,0,0.010987345,1.1,Retained,0,Lower Risk,0,0
3,0,0,1,0,0,0,0,0,1,0,62,1,1,51,6,0.583,0.674,0,4.25,60,1,0,0.25,0.166666667,0,0,0.035360476,3.54,Retained,0,Lower Risk,0,0
0,0,0,1,0,0,0,0,1,0,0,44,0,5,35,4,2.275,1.083,0.156,2.916666667,54.36,0.844093735,0.155906265,0.166666667,0.083333333,0,0,0.000627344,0.06,Retained,0,Lower Risk,0,0
2,0,0,1,0,0,0,0,1,0,0,55,1,1,36,4,0.397,0.75,0.273,3,45.75,0.726746678,0.273253322,0.25,0.166666667,0,0,0.047670455,4.77,Retained,0,Lower Risk,0,0
0,0,0,1,0,0,0,0,1,0,0,61,0,0,49,6,0.94,0.818,0,4.083333333,42,1,0,0.25,0.166666667,1,0,0.038304773,3.83,Retained,0,Lower Risk,0,0
0,0,0,0,0,0,1,0,1,0,0,56,0,3,47,4,0.896,0.529,0.614,3.916666667,58.66666667,0.386388584,0.613611416,0.166666667,0.083333333,0,0,0.043513829,4.35,Retained,0,Lower Risk,0,0
3,0,0,0,0,0,0,1,1,0,0,42,1,3,36,5,0.792,1.043,0.082,3,33.65957447,0.917777163,0.082222837,0.166666667,0.166666667,0,0,0.018875876,1.89,Retained,0,Lower Risk,0,0
4,0,0,0,0,1,0,0,0,0,1,48,1,3,35,2,0.464,0.333,0,2.916666667,37.09090909,1,0,0.5,0.166666667,1,1,0.997784114,99.78,Churn,1,High Risk,0,0
3,0,0,1,0,0,0,0,1,0,0,42,1,3,26,1,0.668,0.49,0.158,2.166666667,53.55263158,0.842099057,0.157900943,0.25,0.166666667,0,1,0.799807383,79.98,Churn,1,High Risk,0,0
0,0,0,0,0,0,0,1,1,0,0,44,0,1,38,5,0.459,0.028,0.246,3.166666667,38.48648649,0.753547193,0.246452807,0.333333333,0.166666667,0,0,0.227475735,22.75,Retained,0,Lower Risk,0,0
0,0,0,1,0,0,0,0,1,0,0,38,0,3,18,6,0.886,0.567,0.575,1.5,38.27659574,0.425444596,0.574555404,0.166666667,0.25,0,0,0.017522079,1.75,Retained,0,Lower Risk,0,0
0,0,0,1,0,0,0,0,1,0,0,52,0,3,47,4,0.74,0.744,0.341,3.916666667,66.94666667,0.658905704,0.341094296,0.166666667,0.333333333,0,0,0.081628251,8.16,Retained,0,Lower Risk,0,0
0,0,0,0,0,0,1,0,0,1,0,34,0,1,25,6,0.587,0.681,0.602,2.083333333,53.63291139,0.398289327,0.601710673,0.166666667,0.083333333,0,0,0.010162516,1.02,Retained,0,Lower Risk,0,0
1,0,0,0,1,0,0,0,0,1,0,44,0,2,25,6,0.981,0.787,0.763,2.083333333,51.33333333,0.237041528,0.762958472,0.25,0.166666667,0,0,0.01740995,1.74,Retained,0,Lower Risk,0,0
1,0,0,0,1,0,0,0,1,0,0,29,1,1,36,3,0.742,0.577,0,3,52.29268293,1,0,0.25,0.083333333,0,0,0.092693898,9.27,Retained,0,Lower Risk,0,0
0,0,0,0,0,0,1,0,0,1,0,52,0,1,37,5,1.028,0.586,0,3.083333333,65.30434783,1,0,0.333333333,0.25,1,1,0.626957661,62.7,Churn,1,High Risk,0,0
0,0,0,0,1,0,0,0,1,0,0,45,0,5,34,4,0.646,0.725,0.625,2.833333333,57.57954545,0.374876847,0.625123153,0.166666667,0.083333333,0,0,0.002319103,0.23,Retained,0,Lower Risk,0,0
0,0,0,1,0,0,0,0,0,0,1,42,0,2,34,5,0.655,0.455,0.059,2.833333333,37.33333333,0.94105198,0.05894802,0.166666667,0.166666667,0,0,0.281619892,28.16,Retained,0,Lower Risk,0,0
0,0,0,1,0,0,0,0,0,1,0,42,0,3,37,5,0.539,0.528,0,3.083333333,55.30909091,1,0,0.333333333,0.25,0,1,0.759085619,75.91,Churn,1,High Risk,0,0
2,0,0,0,0,0,0,0,0,1,0,41,1,3,28,6,1.047,0.761,0.422,2.333333333,47.12345679,0.578325629,0.421674371,0,0.25,0,0,0.001172116,0.12,Retained,0,Lower Risk,0,0
4,1,0,0,0,0,0,1,0,1,0,39,1,4,26,6,0.887,1.1,0.073,2.166666667,40.21428571,0.927077297,0.072922703,0.166666667,0.166666667,0,0,0.002962856,0.3,Retained,0,Lower Risk,0,0
0,0,0,0,1,0,0,0,0,0,0,45,0,3,33,3,0.65,0.743,0.209,2.75,57.86885246,0.790718653,0.209281347,0.166666667,0.25,0,0,0.053407034,5.34,Retained,0,Lower Risk,0,0
0,0,0,0,0,0,0,1,0,1,0,42,0,5,30,2,0.823,0.915,0,2.5,91.08888889,1,0,0.25,0.25,0,0,0.431874447,43.19,Retained,0,Lower Risk,0,0
3,0,0,0,0,0,0,0,1,0,0,37,1,2,17,5,1.669,0.947,0.43,1.416666667,77.40540541,0.570071259,0.429928741,0.166666667,0.25,0,0,0.00830053,0.83,Retained,0,Lower Risk,0,0
2,0,0,1,0,0,0,0,1,0,0,37,1,3,28,2,1.022,0.833,0.075,2.333333333,121.0649351,0.9253941,0.0746059,0.166666667,0.25,1,0,0.261915605,26.19,Retained,0,Lower Risk,0,0
2,0,0,1,0,0,0,0,1,0,0,33,1,2,13,3,0.68,0.762,0.877,1.083333333,37.24324324,0.123280693,0.876719307,0.25,0.25,0,0,0.028211278,2.82,Retained,0,Lower Risk,0,0
0,0,0,0,0,0,0,0,1,0,0,54,0,1,43,3,0.687,0.333,0.365,3.583333333,37.27272727,0.635211509,0.364788491,0.166666667,0.25,0,0,0.306165992,30.62,Retained,0,Lower Risk,0,0
3,0,0,1,0,0,0,0,0,1,0,46,1,4,33,5,0.663,1.053,0.737,2.75,57.17948718,0.26275833,0.73724167,0.083333333,0.083333333,0,0,0.000452303,0.05,Retained,0,Lower Risk,0,0
0,0,0,0,1,0,0,0,0,0,1,61,0,1,50,5,0.464,0.806,0.125,4.166666667,72.38461538,0.875058113,0.124941887,0.166666667,0.083333333,0,0,0.006226318,0.62,Retained,0,Lower Risk,0,0
2,0,0,0,0,0,0,0,1,0,0,52,1,3,42,5,0.764,0.914,0.276,3.5,61.7761194,0.724424973,0.275575027,0.083333333,0.25,0,0,0.007243723,0.72,Retained,0,Lower Risk,0,0
0,0,0,1,0,0,0,0,1,0,0,60,0,0,51,6,0.637,0.488,0.805,4.25,80.80327869,0.194618834,0.805381166,0.166666667,0.083333333,0,0,0.041359135,4.14,Retained,0,Lower Risk,0,0
3,0,0,1,0,0,0,0,0,1,0,48,1,4,36,6,0.605,0.882,0.031,3,55.890625,0.968958173,0.031041827,0.083333333,0.333333333,0,0,0.011531039,1.15,Retained,0,Lower Risk,0,0
0,0,0,0,0,0,0,1,0,1,0,38,0,3,36,2,0.564,0.812,0.735,3,53.36781609,0.265159301,0.734840699,0.083333333,0.25,0,0,0.063453411,6.35,Retained,0,Lower Risk,0,0
0,0,0,1,0,0,0,0,0,0,0,43,0,3,33,6,0.959,0.457,0,2.75,69.13432836,1,0,0.333333333,0.25,0,1,0.889560399,88.96,Churn,1,High Risk,0,0
2,0,0,0,1,0,0,0,0,1,0,62,1,0,51,3,0.674,0.857,0,4.25,40.61538462,1,0,0.333333333,0.166666667,1,0,0.191459159,19.15,Retained,0,Lower Risk,0,0
3,0,0,0,1,0,0,0,1,0,0,41,1,3,35,6,0.888,0.634,0.139,2.916666667,61.82089552,0.86091213,0.13908787,0.083333333,0.166666667,0,0,0.016357385,1.64,Retained,0,Lower Risk,0,0
2,0,0,0,0,0,0,1,0,0,1,56,1,1,43,2,0.656,0.75,0.102,3.583333333,154.7692308,0.897849462,0.102150538,0.25,0.166666667,0,0,0.031681951,3.17,Retained,0,Lower Risk,0,0
0,0,0,0,0,0,1,0,1,0,0,44,0,4,38,6,0.992,0.75,0.18,3.166666667,81.39285714,0.81960492,0.18039508,0.166666667,0.083333333,0,0,0.022781822,2.28,Retained,0,Lower Risk,0,0
2,0,0,0,0,0,1,0,0,1,0,55,1,2,36,5,0.596,0.571,0.407,3,64.8030303,0.592529711,0.407470289,0.333333333,0.083333333,0,0,0.013807607,1.38,Retained,0,Lower Risk,0,0
3,0,0,0,1,0,0,0,0,0,0,43,1,4,36,3,0.864,0.738,0.03,3,57.42465753,0.96963727,0.03036273,0.166666667,0.25,0,0,0.094841807,9.48,Retained,0,Lower Risk,0,0
1,0,0,1,0,0,0,0,1,0,0,45,1,2,34,5,0.825,0.474,0.069,2.833333333,45.78571429,0.931373296,0.068626704,0.25,0.083333333,0,0,0.058467595,5.85,Retained,0,Lower Risk,0,0
2,2,0,1,0,0,0,0,0,1,0,49,1,2,45,2,0.698,0.86,0.026,3.75,96.3875,0.973548499,0.026451501,0.083333333,0.25,0,0,0.074294498,7.43,Retained,0,Lower Risk,0,0
1,0,0,0,0,1,0,0,1,0,0,50,0,1,41,6,0.838,0.312,0.283,3.416666667,55.92857143,0.717237308,0.282762692,0.25,0.25,1,1,0.693930952,69.39,Churn,1,High Risk,0,0
1,0,0,0,0,1,0,0,1,0,0,48,1,2,36,4,1.004,0.854,0.212,3,55.88157895,0.78839555,0.21160445,0.166666667,0.25,0,0,0.015521076,1.55,Retained,0,Lower Risk,0,0
0,0,0,0,0,0,0,1,1,0,0,42,0,4,30,3,0.831,0.811,0.645,2.5,65.26865672,0.355323318,0.644676682,0.083333333,0.166666667,0,0,0.013718042,1.37,Retained,0,Lower Risk,0,0
0,0,0,0,1,0,0,0,1,0,0,52,0,2,41,4,0.962,0.59,0.429,3.416666667,55,0.570868946,0.429131054,0.166666667,0.166666667,0,0,0.060726573,6.07,Retained,0,Lower Risk,0,0
0,0,0,1,0,0,0,0,0,0,0,53,0,1,46,5,0.667,0.694,0.389,3.833333333,73.52459016,0.610689252,0.389310748,0.25,0.333333333,0,0,0.192113977,19.21,Retained,0,Lower Risk,0,0
0,0,0,0,0,0,0,1,0,1,0,52,0,3,37,4,0.785,0.927,0.596,3.083333333,63.25316456,0.404118404,0.595881596,0.166666667,0.166666667,0,0,0.013143834,1.31,Retained,0,Lower Risk,0,0
4,0,0,1,0,0,0,0,0,1,0,49,1,3,29,5,0.767,0.736,0.063,2.416666667,52.67391304,0.937431634,0.062568366,0.166666667,0.166666667,0,0,0.022915507,2.29,Retained,0,Lower Risk,0,0
2,0,0,0,0,1,0,0,1,0,0,38,1,3,36,4,0.593,0.647,0,3,65.82142857,1,0,0.166666667,0.25,0,0,0.12975954,12.98,Retained,0,Lower Risk,0,0
0,0,0,1,0,0,0,0,0,1,0,32,0,0,36,5,0.841,0.971,0,3,128.6567164,1,0,0.25,0.25,1,1,0.794834161,79.48,Churn,1,High Risk,0,0
0,0,0,0,0,0,0,0,1,0,0,45,0,2,36,1,0.789,0.6,0,3,21.25,1,0,0.166666667,0.25,1,1,0.896388326,89.64,Churn,1,High Risk,0,0
1,0,0,0,0,0,0,0,0,0,0,51,0,3,31,6,0.699,0.814,0.48,2.583333333,54.80769231,0.519869942,0.480130058,0.166666667,0.166666667,0,0,0.01373599,1.37,Retained,0,Lower Risk,0,0
0,0,0,0,0,0,0,1,0,1,0,54,0,2,48,5,0.646,0.511,0.286,4,51.57352941,0.713726343,0.286273657,0.166666667,0.25,0,0,0.299203088,29.92,Retained,0,Lower Risk,0,0
0,0,0,1,0,0,0,0,0,0,0,30,0,0,17,4,1.177,0.891,0,1.416666667,37.86206897,1,0,0.25,0.083333333,0,0,0.011109049,1.11,Retained,0,Lower Risk,0,0
0,0,0,0,0,0,0,0,0,1,0,65,0,0,55,3,0.579,0.548,0,4.583333333,71.12307692,1,0,0,0.25,0,0,0.086980497,8.7,Retained,0,Lower Risk,0,0
1,0,0,1,0,0,0,0,1,0,0,37,0,2,29,2,0.535,0.353,0.771,2.416666667,46.95652174,0.228504122,0.771495878,0.5,0.166666667,1,1,0.993614218,99.36,Churn,1,High Risk,0,0
3,0,0,0,0,0,1,0,0,1,0,42,1,2,37,3,0.679,1,0.082,3.083333333,54.95454545,0.917794072,0.082205928,0.333333333,0.25,0,0,0.062917548,6.29,Retained,0,Lower Risk,0,0
1,0,0,0,0,0,0,1,0,0,1,46,0,4,38,4,0.8,0.86,0,3.166666667,54.8,1,0,0.25,0.166666667,0,0,0.098068538,9.81,Retained,0,Lower Risk,0,0
4,0,0,1,0,0,0,0,0,1,0,51,1,4,36,2,0.663,0.821,0.678,3,65.83098592,0.322285354,0.677714646,0.083333333,0.083333333,0,0,0.001420516,0.14,Retained,0,Lower Risk,0,0
4,0,0,1,0,0,0,0,1,0,0,39,1,1,25,6,1.356,0.52,0.265,2.083333333,51.89473684,0.734732824,0.265267176,0.166666667,0.25,0,0,0.007363005,0.74,Retained,0,Lower Risk,0,0
0,0,0,0,0,0,1,0,0,0,0,52,0,4,48,5,0.652,0.947,0.536,4,68.28378378,0.463950497,0.536049503,0.166666667,0.416666667,0,0,0.029686833,2.97,Retained,0,Lower Risk,0,0
1,1,1,0,0,0,0,0,1,0,0,41,0,3,33,1,0.875,0.797,0.045,2.75,117.8629032,0.954998358,0.045001642,0.166666667,0.083333333,0,0,0.040672905,4.07,Retained,0,Lower Risk,0,0
0,0,0,0,1,0,0,0,1,0,0,43,0,3,31,3,0.853,0.78,0.757,2.583333333,63.31506849,0.242570579,0.757429421,0.083333333,0.25,0,0,0.026995315,2.7,Retained,0,Lower Risk,0,0
1,0,0,1,0,0,0,0,1,0,0,57,0,5,49,4,0.842,1.226,0.762,4.083333333,57.08695652,0.237503787,0.762496213,0.166666667,0.166666667,0,0,0.006245819,0.62,Retained,0,Lower Risk,0,0
3,0,0,0,0,0,0,1,1,0,0,53,1,5,48,6,0.821,0.857,0.196,4,55.88461538,0.803614584,0.196385416,0,0.083333333,0,0,0.000339941,0.03,Retained,0,Lower Risk,0,0
2,0,0,0,1,0,0,0,1,0,0,41,1,2,30,6,0.587,0.593,0.187,2.5,33.88372093,0.812791684,0.187208316,0.166666667,0.25,0,0,0.067235872,6.72,Retained,0,Lower Risk,0,0
2,0,0,0,1,0,0,0,1,0,0,54,1,3,43,6,0.745,0.8,0.705,3.583333333,42.16666667,0.294642857,0.705357143,0.333333333,0.25,0,0,0.01925426,1.93,Retained,0,Lower Risk,0,0
0,0,0,0,0,0,0,1,0,1,0,43,0,4,38,2,0.782,0.698,0,3.166666667,148.2111111,1,0,0.166666667,0.083333333,0,0,0.010463173,1.05,Retained,0,Lower Risk,0,0
2,1,0,0,1,0,0,0,0,1,0,60,1,1,55,5,0.709,0.696,0.048,4.583333333,157.4105263,0.95242786,0.04757214,0.25,0.416666667,0,0,0.101300179,10.13,Retained,0,Lower Risk,0,0
4,0,0,0,1,0,0,0,1,0,0,57,1,1,46,3,0.735,0.714,0.079,3.833333333,42.08333333,0.920754361,0.079245639,0.333333333,0.25,0,0,0.090660542,9.07,Retained,0,Lower Risk,0,0
2,0,0,1,0,0,0,0,0,1,0,42,1,2,26,4,0.925,0.698,0.151,2.166666667,67.75342466,0.849077459,0.150922541,0.166666667,0.25,0,0,0.019401489,1.94,Retained,0,Lower Risk,0,0
0,0,0,0,1,0,0,0,1,0,0,40,0,1,33,4,0.695,0.72,0.472,2.75,50.10465116,0.528010033,0.471989967,0.166666667,0.166666667,0,0,0.021823428,2.18,Retained,0,Lower Risk,0,0
1,0,0,1,0,0,0,0,1,0,0,48,0,3,31,6,0.381,0.368,0,2.583333333,58.42307692,1,0,0.333333333,0.25,1,1,0.962739751,96.27,Churn,1,High Risk,0,0
2,0,0,0,0,0,1,0,0,0,0,42,1,3,34,2,0.651,0.627,0.522,2.833333333,59.69879518,0.477937964,0.522062036,0.083333333,0.083333333,0,0,0.007156908,0.72,Retained,0,Lower Risk,0,0
3,0,0,0,0,0,0,1,0,0,1,38,1,3,26,6,0.549,0.689,0.064,2.166666667,49.84210526,0.936165034,0.063834966,0.25,0.083333333,0,0,0.027103286,2.71,Retained,0,Lower Risk,0,0
2,0,0,1,0,0,0,0,0,1,0,45,1,3,33,3,0.463,0.455,0,2.75,43.53125,1,0,0.25,0.083333333,0,1,0.541084021,54.11,Churn,1,High Risk,0,0
0,0,0,0,1,0,0,0,1,0,0,57,0,3,36,6,0.687,0.479,0.682,3,58.12676056,0.317617165,0.682382835,0.25,0.166666667,0,0,0.360887537,36.09,Retained,0,Lower Risk,0,0
0,0,0,1,0,0,0,0,0,0,0,45,0,2,33,6,0.927,0.627,0.308,2.75,46.80722892,0.691828794,0.308171206,0.25,0.25,0,0,0.075522534,7.55,Retained,0,Lower Risk,0,0
0,0,0,1,0,0,0,0,1,0,0,63,1,2,36,5,0.567,1.273,0.662,3,48.4,0.338315713,0.661684287,0.333333333,0.166666667,0,0,0.023326699,2.33,Retained,0,Lower Risk,0,0
0,0,0,1,0,0,0,0,0,1,0,38,0,2,28,5,0.652,0.746,0.47,2.333333333,140.4854369,0.530051344,0.469948656,0.333333333,0.25,0,0,0.062538395,6.25,Retained,0,Lower Risk,0,0
0,0,0,1,0,0,0,0,1,0,0,33,0,3,25,3,1.515,0.846,0.6,2.083333333,50.83333333,0.399653229,0.600346771,0.166666667,0.166666667,0,0,0.006149853,0.61,Retained,0,Lower Risk,0,0
0,0,0,0,1,0,0,0,1,0,0,54,0,4,36,3,0.817,1.188,0.885,3,41.68571429,0.114805521,0.885194479,0.25,0.416666667,0,0,0.020868558,2.09,Retained,0,Lower Risk,0,0
0,0,0,1,0,0,0,0,1,0,0,43,0,4,38,4,0.701,0.59,0.621,3.166666667,64.91935484,0.378531073,0.621468927,0.166666667,0.166666667,0,0,0.057999483,5.8,Retained,0,Lower Risk,0,0
0,0,0,0,1,0,0,0,0,1,0,51,0,3,38,1,0.61,0.688,0.765,3.166666667,53.71604938,0.235361001,0.764638999,0.166666667,0.25,0,0,0.127883308,12.79,Retained,0,Lower Risk,0,0
0,0,0,1,0,0,0,0,0,1,0,45,0,2,38,6,0.736,0.536,0.807,3.166666667,57.39534884,0.193269231,0.806730769,0.25,0.166666667,1,0,0.214278044,21.43,Retained,0,Lower Risk,0,0
3,0,0,0,0,0,1,0,0,1,0,57,1,2,51,6,1.329,0.784,0,4.25,54.54545455,1,0,0.333333333,0.166666667,0,0,0.014233229,1.42,Retained,0,Lower Risk,0,0
0,0,0,1,0,0,0,0,1,0,0,47,0,4,37,4,0.77,0.949,0.584,3.083333333,63.22368421,0.415804327,0.584195673,0.25,0.25,0,0,0.045800593,4.58,Retained,0,Lower Risk,0,0
0,0,0,1,0,0,0,0,1,0,0,45,1,4,36,1,0.947,0.797,0.145,3,135.4,0.855206749,0.144793251,0.25,0.166666667,0,0,0.169860891,16.99,Retained,0,Lower Risk,0,0
0,0,0,0,0,0,1,0,0,0,0,52,0,3,36,3,0.799,0.509,0.71,3,84.29069767,0.289526687,0.710473313,0.166666667,0.083333333,0,0,0.020406897,2.04,Retained,0,Lower Risk,0,0
3,0,0,0,0,0,0,0,0,1,0,61,1,0,50,2,0.695,0.767,0,4.166666667,58.8490566,1,0,0.25,0.333333333,1,1,0.744561721,74.46,Churn,1,High Risk,0,0
0,0,0,0,0,0,1,0,1,0,0,45,0,2,36,2,0.986,0.673,0,3,63.67073171,1,0,0.25,0.083333333,0,0,0.202746627,20.27,Retained,0,Lower Risk,0,0
2,1,0,0,1,0,0,0,0,1,0,37,1,4,31,1,0.77,0.769,0.087,2.583333333,125.9130435,0.912698137,0.087301863,0.25,0.25,1,0,0.079412212,7.94,Retained,0,Lower Risk,0,0
0,0,0,0,1,0,0,0,0,1,0,45,0,2,34,4,0.793,0.662,0.607,2.833333333,131.6666667,0.393187831,0.606812169,0.166666667,0.25,0,0,0.03487943,3.49,Retained,0,Lower Risk,0,0
4,1,0,0,0,0,1,0,0,0,0,43,1,2,24,4,0.426,0.406,0.056,2,27,0.943852127,0.056147873,0,0.166666667,0,0,0.028054322,2.81,Retained,0,Lower Risk,0,0
0,0,0,1,0,0,0,0,0,1,0,52,0,1,44,5,0.799,0.967,0.491,3.666666667,61.06779661,0.509162952,0.490837048,0.166666667,0.166666667,0,0,0.010456562,1.05,Retained,0,Lower Risk,0,0
0,0,0,0,0,0,0,1,1,0,0,46,0,2,36,2,0.957,0.821,0.619,3,56.84313725,0.380811808,0.619188192,0.166666667,0.25,1,0,0.100190665,10.02,Retained,0,Lower Risk,0,0
0,0,1,0,0,0,0,0,0,0,0,44,0,2,34,3,0.606,0.685,0.62,2.833333333,50.82417582,0.380299252,0.619700748,0.166666667,0.083333333,0,0,0.01115087,1.12,Retained,0,Lower Risk,0,0
0,0,0,1,0,0,0,0,0,1,0,42,0,3,36,1,0.619,0.86,0.461,3,48.6125,0.538822526,0.461177474,0.083333333,0.166666667,0,0,0.055288041,5.53,Retained,0,Lower Risk,0,0
1,0,0,0,0,1,0,0,1,0,0,49,0,3,36,6,0.56,0.733,0.142,3,49.69230769,0.857722203,0.142277797,0.166666667,0.166666667,0,0,0.04525311,4.53,Retained,0,Lower Risk,0,0
0,0,0,1,0,0,0,0,1,0,0,36,0,2,26,5,0.696,0.48,0.145,2.166666667,53.75675676,0.854889224,0.145110776,0.166666667,0.166666667,0,0,0.402725654,40.27,Retained,0,Lower Risk,0,0
0,1,0,0,0,0,0,1,1,0,0,46,0,2,39,1,1.139,0.687,0.03,3.25,141.2212389,0.969558413,0.030441587,0.166666667,0.083333333,0,0,0.035207719,3.52,Retained,0,Lower Risk,0,0
0,0,0,0,0,0,0,0,1,0,0,35,1,4,36,3,0.674,0.745,0.529,3,53.14606742,0.471224578,0.528775422,0.25,0.25,0,0,0.05580384,5.58,Retained,0,Lower Risk,0,0
0,1,0,0,1,0,0,0,0,1,0,62,0,0,51,3,0.649,0.634,0,4.25,54.29850746,1,0,0.333333333,0.083333333,0,0,0.046291956,4.63,Retained,0,Lower Risk,0,0
0,0,1,0,0,0,0,0,1,0,0,42,0,4,24,3,0.183,0.091,0,2,49.66666667,1,0,0.25,0.166666667,1,1,0.987251446,98.73,Churn,1,High Risk,0,0
4,0,0,1,0,0,0,0,1,0,0,55,1,0,42,3,0.661,0.789,0.303,3.5,46.35294118,0.696820043,0.303179957,0.083333333,0.166666667,0,0,0.008429248,0.84,Retained,0,Lower Risk,0,0
3,1,0,0,0,0,0,1,0,1,0,39,1,1,28,3,0.93,0.731,0.058,2.333333333,93.92222222,0.941563333,0.058436667,0.25,0.083333333,0,0,0.153607206,15.36,Retained,0,Lower Risk,0,0
2,1,0,0,0,0,0,1,1,0,0,49,1,4,32,5,0.971,0.65,0.043,2.666666667,53.07575758,0.956791569,0.043208431,0.25,0.166666667,0,0,0.021051745,2.11,Retained,0,Lower Risk,0,0
4,0,0,0,1,0,0,0,0,1,0,57,1,1,47,4,0.651,0.816,0.106,3.916666667,52.23595506,0.894089733,0.105910267,0.166666667,0.333333333,0,0,0.091387011,9.14,Retained,0,Lower Risk,0,0
0,0,0,0,1,0,0,0,0,1,0,33,0,1,25,6,0.632,0.725,0.112,2.083333333,35.5942029,0.887776522,0.112223478,0.333333333,0.25,0,0,0.026088104,2.61,Retained,0,Lower Risk,0,0
2,0,0,1,0,0,0,0,1,0,0,50,1,4,34,5,0.857,0.792,0,2.833333333,162.3894737,1,0,0.083333333,0.083333333,0,0,0.059829469,5.98,Retained,0,Lower Risk,0,0
0,0,1,0,0,0,0,0,0,0,1,41,1,4,31,6,0.665,0.675,0.703,2.583333333,65.49253731,0.297415507,0.702584493,0.083333333,0.166666667,0,0,0.007832041,0.78,Retained,0,Lower Risk,0,0
1,0,0,0,0,1,0,0,0,1,0,54,1,3,44,2,0.86,0.571,0.306,3.666666667,113.9421488,0.69402277,0.30597723,0.25,0.416666667,0,0,0.383889621,38.39,Retained,0,Lower Risk,0,0
4,0,0,0,0,0,1,0,0,1,0,43,1,4,36,1,0.661,0.745,0.05,3,89.75609756,0.949530652,0.050469348,0.25,0.083333333,0,0,0.00822073,0.82,Retained,0,Lower Risk,0,0
3,0,0,1,0,0,0,0,1,0,0,44,1,3,25,5,0.488,0.333,0.038,2.083333333,51.2,0.961751663,0.038248337,0.25,0.166666667,1,1,0.628081032,62.81,Churn,1,High Risk,0,0
0,0,0,1,0,0,0,0,1,0,0,41,0,5,31,2,0.771,0.878,0.225,2.583333333,84.43478261,0.775328642,0.224671358,0.083333333,0.25,0,0,0.017349581,1.73,Retained,0,Lower Risk,0,0
1,0,0,0,0,1,0,0,0,1,0,41,1,1,32,3,0.593,0.556,0.135,2.666666667,40.95238095,0.864601598,0.135398402,0.333333333,0.166666667,0,0,0.185351645,18.54,Retained,0,Lower Risk,0,0
1,0,0,0,1,0,0,0,1,0,0,43,1,4,32,2,1.106,0.75,0.212,2.666666667,132.1607143,0.788205631,0.211794369,0.166666667,0.166666667,0,0,0.054382674,5.44,Retained,0,Lower Risk,0,0
2,0,0,0,0,0,1,0,0,1,0,50,1,1,45,5,0.445,0.424,0.123,3.75,34.40425532,0.876836814,0.123163186,0.166666667,0.166666667,0,0,0.086725218,8.67,Retained,0,Lower Risk,0,0
0,0,0,1,0,0,0,0,1,0,0,40,0,4,25,6,0.758,0.743,0,2.083333333,61.45901639,1,0,0.083333333,0.166666667,0,0,0.099358023,9.94,Retained,0,Lower Risk,0,0
0,0,0,0,0,0,0,0,0,1,0,44,0,3,30,6,0.705,0.861,0.452,2.5,44.17910448,0.547697731,0.452302269,0.25,0.25,0,0,0.073297971,7.33,Retained,0,Lower Risk,0,0
0,0,0,0,1,0,0,0,0,1,0,36,0,4,28,5,0.656,1,0.722,2.333333333,42.90322581,0.278077269,0.721922731,0.166666667,0.083333333,0,0,0.004876543,0.49,Retained,0,Lower Risk,0,0
4,0,0,0,1,0,0,0,1,0,0,44,1,2,31,2,0.805,0.792,0.147,2.583333333,158.9684211,0.853465026,0.146534974,0.25,0.083333333,0,0,0.012189189,1.22,Retained,0,Lower Risk,0,0
0,0,0,0,0,0,1,0,0,1,0,56,1,4,36,3,0.491,0.235,0.428,3,35,0.57194617,0.42805383,0.166666667,0.166666667,0,0,0.144076513,14.41,Retained,0,Lower Risk,0,0
0,0,0,0,0,0,1,0,1,0,0,45,0,3,35,3,0.643,0.345,0.897,2.916666667,63.23076923,0.10273224,0.89726776,0.25,0.25,1,1,0.948650089,94.87,Churn,1,High Risk,0,0
0,0,0,0,0,0,0,1,0,0,0,52,0,2,36,4,0.831,0.756,0,3,61.93055556,1,0,0.25,0.166666667,0,0,0.10967002,10.97,Retained,0,Lower Risk,0,0
0,1,0,1,0,0,0,0,0,1,0,62,0,0,49,5,0.777,0.492,0,4.083333333,40.69230769,1,0,0.166666667,0.083333333,0,0,0.13629205,13.63,Retained,0,Lower Risk,0,0
0,0,0,0,0,0,0,0,0,1,0,40,0,4,26,6,0.83,0.697,0.345,2.166666667,39.25,0.654779866,0.345220134,0.166666667,0.083333333,0,0,0.013503202,1.35,Retained,0,Lower Risk,0,0
1,0,0,0,0,1,0,0,1,0,0,55,0,2,46,6,0.604,0.767,0.301,3.833333333,35.18867925,0.698884758,0.301115242,0.166666667,0.166666667,0,0,0.015477235,1.55,Retained,0,Lower Risk,0,0
3,0,1,0,0,0,0,0,1,0,0,41,1,1,32,4,0.819,0.571,0.143,2.666666667,60.63636364,0.856959526,0.143040474,0.25,0.25,0,0,0.240065893,24.01,Retained,0,Lower Risk,0,0
0,0,0,0,1,0,0,0,1,0,0,42,0,1,36,4,0.938,0.711,0.593,3,65.27272727,0.406849315,0.593150685,0.083333333,0.25,0,0,0.018081542,1.81,Retained,0,Lower Risk,0,0
4,2,0,1,0,0,0,0,0,1,0,53,1,3,43,3,0.77,0.719,0.071,3.583333333,79.16326531,0.929453007,0.070546993,0.25,0.083333333,0,0,0.004932523,0.49,Retained,0,Lower Risk,0,0
3,1,0,0,0,0,1,0,0,1,0,32,1,2,20,2,0.849,0.75,0.062,1.666666667,123.2521008,0.938115657,0.061884343,0.25,0.25,0,0,0.110950516,11.1,Retained,0,Lower Risk,0,0
0,0,0,0,0,0,1,0,0,1,0,50,0,2,45,4,0.609,0.587,0.502,3.75,63.42465753,0.498314607,0.501685393,0.25,0.166666667,0,0,0.088654845,8.87,Retained,0,Lower Risk,0,0
0,0,1,0,0,0,0,0,0,1,0,50,0,4,36,2,0.587,0.571,0.638,3,40.24242424,0.362157874,0.637842126,0.166666667,0.25,0,1,0.808203013,80.82,Churn,1,High Risk,0,0
4,0,0,0,0,0,1,0,0,0,0,53,1,2,42,4,0.749,0.745,0,3.5,51.52808989,1,0,0.166666667,0.166666667,0,0,0.05952949,5.95,Retained,0,Lower Risk,0,0
0,0,0,0,0,0,0,1,0,1,0,35,0,3,29,4,0.748,0.75,0,2.416666667,45.51785714,1,0,0.25,0.166666667,1,0,0.183844097,18.38,Retained,0,Lower Risk,0,0
1,0,0,0,0,0,1,0,0,1,0,48,1,3,36,6,0.715,0.489,0,3,48.61428571,1,0,0.166666667,0.25,0,1,0.589779374,58.98,Churn,1,High Risk,0,0
1,0,0,1,0,0,0,0,0,1,0,37,0,2,36,4,0.62,0.755,0.645,3,57.94186047,0.355213959,0.644786041,0.083333333,0.25,0,0,0.016836189,1.68,Retained,0,Lower Risk,0,0
0,0,0,0,1,0,0,0,0,0,0,33,0,3,26,5,0.912,1,0,2.166666667,43.51388889,1,0,0.25,0.083333333,0,0,0.028361436,2.84,Retained,0,Lower Risk,0,0
0,0,0,1,0,0,0,0,0,1,0,63,1,0,36,6,0.813,0.619,0.084,3,55.69117647,0.91558807,0.08441193,0.166666667,0.25,0,0,0.054415236,5.44,Retained,0,Lower Risk,0,0
3,0,0,0,1,0,0,0,0,1,0,50,1,3,39,3,0.921,0.569,0.104,3.25,95.52747253,0.896069787,0.103930213,0.166666667,0.25,0,0,0.403948347,40.39,Retained,0,Lower Risk,0,0
0,0,0,0,0,0,1,0,0,1,0,47,0,2,41,4,0.838,0.522,0.753,3.416666667,73.2,0.247131931,0.752868069,0.166666667,0.166666667,0,0,0.213670556,21.37,Retained,0,Lower Risk,0,0
0,0,0,1,0,0,0,0,1,0,0,57,0,3,45,1,0.756,0.522,0.106,3.75,77.28571429,0.894258101,0.105741899,0.166666667,0.333333333,1,0,0.440058425,44.01,Retained,0,Lower Risk,0,0
0,0,0,0,0,0,1,0,0,1,0,50,0,3,41,4,0.68,0.804,0.726,3.416666667,45.46987952,0.274287944,0.725712056,0.166666667,0.166666667,0,0,0.018766092,1.88,Retained,0,Lower Risk,0,0
2,0,0,1,0,0,0,0,0,1,0,35,1,4,22,3,0.556,0.595,0.082,1.833333333,35.03389831,0.917517495,0.082482505,0.25,0.25,0,0,0.131063721,13.11,Retained,0,Lower Risk,0,0
1,0,0,0,1,0,0,0,0,1,0,38,1,1,30,2,0.557,0.778,0.521,2.5,52.3125,0.478942652,0.521057348,0.083333333,0.166666667,0,0,0.023250616,2.33,Retained,0,Lower Risk,0,0
4,0,0,0,1,0,0,0,0,0,0,52,1,1,36,4,0.711,0.676,0.05,3,58.87096774,0.950195649,0.049804351,0.416666667,0.25,0,0,0.098447321,9.84,Retained,0,Lower Risk,0,0
0,0,0,0,0,1,0,0,0,1,0,38,0,1,26,4,0.561,1.071,0.941,2.166666667,63.63793103,0.058823529,0.941176471,0.25,0.083333333,0,0,0.014776127,1.48,Retained,0,Lower Risk,0,0
2,0,0,0,0,0,1,0,0,1,0,47,1,3,36,3,0.727,0.868,0,3,65.25352113,1,0,0.166666667,0.25,0,0,0.086053264,8.61,Retained,0,Lower Risk,0,0
0,0,0,1,0,0,0,0,0,1,0,51,0,1,37,4,0.7,0.652,0.158,3.083333333,43.75,0.841662881,0.158337119,0.333333333,0.25,0,0,0.202504852,20.25,Retained,0,Lower Risk,0,0
0,0,0,1,0,0,0,0,0,0,0,48,0,3,31,6,0.673,0.528,0,2.583333333,43.07407407,1,0,0.166666667,0.166666667,0,0,0.469737818,46.97,Retained,0,Lower Risk,0,0
0,0,0,0,0,0,1,0,1,0,0,63,0,0,54,5,0.921,0.609,0,4.5,37.7027027,1,0,0.166666667,0.25,0,0,0.224442283,22.44,Retained,0,Lower Risk,0,0
0,0,0,1,0,0,0,0,0,0,1,46,0,3,33,6,0.45,0.722,0.823,2.75,71.93548387,0.176528926,0.823471074,0.166666667,0.25,0,0,0.067568428,6.76,Retained,0,Lower Risk,0,0
0,0,0,1,0,0,0,0,0,1,0,48,0,3,42,2,0.567,0.745,0.463,3.5,62,0.537037037,0.462962963,0.083333333,0.166666667,0,0,0.011610977,1.16,Retained,0,Lower Risk,0,0
0,0,0,0,0,0,1,0,1,0,0,40,0,2,29,5,0.725,0.848,0,2.416666667,73.70491803,1,0,0.25,0.25,0,0,0.153032434,15.3,Retained,0,Lower Risk,0,0
3,0,0,0,0,0,1,0,1,0,0,52,1,1,36,2,0.723,0.7,0.987,3,48.76470588,0.012924071,0.987075929,0.25,0.25,1,0,0.369302136,36.93,Retained,0,Lower Risk,0,0
3,0,0,1,0,0,0,0,0,1,0,45,1,3,41,2,1.042,0.474,0.018,3.416666667,39.60714286,0.982174798,0.017825202,0.166666667,0.166666667,0,1,0.957082035,95.71,Churn,1,High Risk,0,0
3,0,0,0,0,0,0,0,0,1,0,55,1,1,43,2,0.072,0.293,0,3.583333333,96.35849057,1,0,0.25,0.166666667,1,1,0.991894742,99.19,Churn,1,High Risk,0,0
0,0,0,1,0,0,0,0,1,0,0,54,0,3,49,1,0.637,0.72,0.517,4.083333333,54.55813953,0.483063895,0.516936105,0.166666667,0.083333333,0,0,0.01160092,1.16,Retained,0,Lower Risk,0,0
1,2,0,0,0,0,0,0,1,0,0,36,1,2,23,1,0.827,0.875,0,1.916666667,126.9666667,1,0,0.25,0.083333333,0,0,0.209556046,20.96,Retained,0,Lower Risk,0,0
0,0,0,0,1,0,0,0,0,1,0,39,0,1,31,5,0.63,1.026,0.39,2.583333333,64.62025316,0.61009667,0.38990333,0.083333333,0.166666667,0,0,0.004399918,0.44,Retained,0,Lower Risk,0,0
0,0,0,1,0,0,0,0,1,0,0,36,0,1,25,5,0.962,0.6,0.416,2.083333333,50.425,0.584194732,0.415805268,0.166666667,0.083333333,0,0,0.016206053,1.62,Retained,0,Lower Risk,0,0
3,0,0,1,0,0,0,0,0,1,0,49,1,2,43,2,0.5,0.471,0.805,3.583333333,70.24,0.195050336,0.804949664,0.25,0.25,1,1,0.657562796,65.76,Churn,1,High Risk,0,0
0,0,0,1,0,0,0,0,1,0,0,45,0,2,37,6,0.56,0.579,0,3.083333333,55.66666667,1,0,0.166666667,0.166666667,0,0,0.343312885,34.33,Retained,0,Lower Risk,0,0
0,0,0,0,0,0,0,0,1,0,0,38,0,2,36,6,0.921,0.914,0.508,3,68.40298507,0.492456372,0.507543628,0.166666667,0.083333333,0,0,0.00230889,0.23,Retained,0,Lower Risk,0,0
0,0,0,1,0,0,0,0,0,0,0,31,1,0,36,4,0.62,0.667,0.752,3,53.4,0.247886473,0.752113527,0.166666667,0.25,0,0,0.022128042,2.21,Retained,0,Lower Risk,0,0
1,0,0,0,0,0,0,0,1,0,0,42,1,5,27,1,0.608,0.54,0.705,2.25,104.2597403,0.295034879,0.704965121,0.083333333,0.25,0,0,0.022443496,2.24,Retained,0,Lower Risk,0,0
2,0,0,0,0,0,1,0,0,1,0,33,1,1,28,6,0.706,0.911,0.692,2.333333333,38.59302326,0.307868602,0.692131398,0.333333333,0.25,0,0,0.006050512,0.61,Retained,0,Lower Risk,0,0
0,0,0,0,1,0,0,0,0,1,0,27,0,1,19,4,0.516,0.541,0.411,1.583333333,39.22807018,0.589189189,0.410810811,0.25,0.083333333,0,0,0.050598118,5.06,Retained,0,Lower Risk,0,0
1,0,0,0,1,0,0,0,0,1,0,55,0,3,42,3,1,0.756,0.855,3.5,63.375,0.145492517,0.854507483,0.166666667,0.25,0,0,0.074334779,7.43,Retained,0,Lower Risk,0,0
0,0,0,0,0,0,1,0,0,1,0,38,0,2,29,3,0.573,0.762,0.536,2.416666667,39.78378378,0.464066852,0.535933148,0.166666667,0.25,0,0,0.077277839,7.73,Retained,0,Lower Risk,0,0
0,0,0,0,0,0,1,0,0,1,0,56,0,2,39,1,0.786,0.549,0.192,3.25,102.1012658,0.807916049,0.192083951,0.25,0.166666667,0,0,0.111687775,11.17,Retained,0,Lower Risk,0,0
1,0,0,1,0,0,0,0,0,0,1,43,1,5,38,3,0.365,0.651,0.145,3.166666667,61.98591549,0.855244111,0.144755889,0.166666667,0.25,0,0,0.096753722,9.68,Retained,0,Lower Risk,0,0
0,0,0,0,0,0,1,0,0,1,0,60,0,0,47,1,0.876,0.759,0.215,3.916666667,139.3921569,0.784513182,0.215486818,0.166666667,0.166666667,0,0,0.051005692,5.1,Retained,0,Lower Risk,0,0
0,0,0,0,0,1,0,0,0,0,0,30,1,1,36,6,0.911,0.462,0,3,34.44736842,1,0,0.333333333,0.166666667,1,0,0.100274228,10.03,Retained,0,Lower Risk,0,0
1,0,0,0,1,0,0,0,1,0,0,53,0,1,39,2,0.624,0.643,0.515,3.25,62.91304348,0.484750462,0.515249538,0.25,0.25,0,0,0.147985093,14.8,Retained,0,Lower Risk,0,0
4,1,0,0,0,1,0,0,0,1,0,47,1,2,35,3,0.756,0.766,0.048,2.916666667,130.4247788,0.952138139,0.047861861,0.333333333,0.25,0,0,0.095540961,9.55,Retained,0,Lower Risk,0,0
0,0,0,0,0,0,1,0,0,0,1,33,0,2,21,5,0.896,0.833,0.668,1.75,57.45454545,0.331525424,0.668474576,0.333333333,0.083333333,0,0,0.011254445,1.13,Retained,0,Lower Risk,0,0
0,1,0,0,0,0,0,0,0,0,1,46,0,2,36,2,0.84,0.75,0.112,3,67.71428571,0.887763462,0.112236538,0.083333333,0.25,0,0,0.052710555,5.27,Retained,0,Lower Risk,0,0
0,0,0,0,1,0,0,0,1,0,0,50,0,1,44,4,0.662,0.6,0.441,3.666666667,64.06944444,0.558659218,0.441340782,0.083333333,0.166666667,0,0,0.017084049,1.71,Retained,0,Lower Risk,0,0
0,0,0,1,0,0,0,0,1,0,0,48,0,2,35,2,0.497,0.66,0.569,2.916666667,57.38554217,0.430505415,0.569494585,0.083333333,0.25,0,0,0.072811549,7.28,Retained,0,Lower Risk,0,0
0,0,0,1,0,0,0,0,0,0,0,42,0,4,36,3,0.853,0.755,0.641,3,50.20430108,0.35945363,0.64054637,0.083333333,0.25,0,0,0.037320025,3.73,Retained,0,Lower Risk,0,0
1,0,0,1,0,0,0,0,0,1,0,37,0,1,36,3,0.828,0.723,0.762,3,55.9382716,0.238392238,0.761607762,0.083333333,0.25,0,0,0.027792233,2.78,Retained,0,Lower Risk,0,0
0,0,0,0,0,0,0,1,1,0,0,41,0,2,21,2,0.857,0.628,0,1.75,116.3070866,1,0,0.083333333,0.25,0,0,0.168669102,16.87,Retained,0,Lower Risk,0,0
0,0,0,0,1,0,0,0,0,1,0,44,0,2,36,5,0.666,0.6,0,3,44.16071429,1,0,0.333333333,0.25,0,1,0.556733171,55.67,Churn,1,High Risk,0,0
4,0,0,0,0,0,0,1,0,1,0,47,1,3,42,5,0.811,0.711,0.162,3.5,65.87012987,0.838188799,0.161811201,0.166666667,0.25,0,0,0.029916298,2.99,Retained,0,Lower Risk,0,0
0,0,0,0,1,0,0,0,0,0,0,59,1,2,51,6,0.734,0.69,0,4.25,52.83673469,1,0,0.25,0.416666667,1,0,0.274991425,27.5,Retained,0,Lower Risk,0,0
4,0,0,1,0,0,0,0,1,0,0,56,1,3,46,3,0.731,0.694,0.148,3.833333333,154.0857143,0.852182163,0.147817837,0.166666667,0.25,0,0,0.026416763,2.64,Retained,0,Lower Risk,0,0
0,0,0,0,0,0,1,0,0,1,0,40,0,4,24,5,0.718,0.519,0.598,2,66.46341463,0.402421652,0.597578348,0.083333333,0.166666667,1,0,0.161873953,16.19,Retained,0,Lower Risk,0,0
0,0,0,1,0,0,0,0,0,1,0,48,0,2,41,4,0.687,0.407,0.61,3.416666667,65.76315789,0.389760148,0.610239852,0.25,0.166666667,1,1,0.580380975,58.04,Churn,1,High Risk,0,0
3,0,0,0,0,0,0,0,0,1,0,51,1,0,33,1,0.747,0.648,0.036,2.75,88.24719101,0.964422297,0.035577703,0.083333333,0.25,0,0,0.02557746,2.56,Retained,0,Lower Risk,0,0
3,0,0,0,1,0,0,0,0,1,0,44,1,3,35,3,0.524,0.491,0.057,2.916666667,46.11764706,0.94313106,0.05686894,0.333333333,0.25,0,1,0.582526802,58.25,Churn,1,High Risk,0,0
0,0,0,1,0,0,0,0,0,0,1,50,0,2,43,5,0.765,0.574,0,3.583333333,66.60810811,1,0,0.333333333,0.25,0,1,0.570480051,57.05,Churn,1,High Risk,0,0
1,1,0,1,0,0,0,0,1,0,0,52,0,2,42,3,0.997,0.761,0,3.5,57.30864198,1,0,0.166666667,0.25,0,0,0.101389771,10.14,Retained,0,Lower Risk,0,0
3,0,0,0,0,0,1,0,0,0,1,53,1,2,46,3,0.698,0.696,0.101,3.833333333,128.6752137,0.899011053,0.100988947,0.25,0.5,0,0,0.054726847,5.47,Retained,0,Lower Risk,0,0
0,0,0,0,0,0,0,0,1,0,0,42,0,5,31,3,0.604,0.517,0.201,2.583333333,49.59090909,0.798619102,0.201380898,0.166666667,0.083333333,0,0,0.056504222,5.65,Retained,0,Lower Risk,0,0
0,2,0,1,0,0,0,0,1,0,0,49,0,5,38,1,0.709,0.527,0.134,3.166666667,91.48809524,0.865743207,0.134256793,0.166666667,0.166666667,0,0,0.034777626,3.48,Retained,0,Lower Risk,0,0
2,0,0,0,0,1,0,0,1,0,0,43,1,2,34,1,0.925,0.808,0.107,2.833333333,93.09574468,0.893160186,0.106839814,0.25,0.083333333,0,0,0.118792717,11.88,Retained,0,Lower Risk,0,0
0,2,0,0,0,0,0,1,1,0,0,49,0,3,30,4,0.658,0.533,0,2.5,60.08695652,1,0,0.166666667,0.25,0,0,0.460161911,46.02,Retained,0,Lower Risk,0,0
0,0,0,0,0,0,0,1,0,1,0,57,0,3,29,6,0.568,0.292,0.161,2.416666667,35.61290323,0.838541075,0.161458925,0.083333333,0.083333333,0,0,0.038390579,3.84,Retained,0,Lower Risk,0,0
2,0,0,0,0,0,0,1,1,0,0,45,1,5,38,1,0.84,0.604,0.336,3.166666667,103.2705882,0.664394489,0.335605511,0.25,0.166666667,0,0,0.074455259,7.45,Retained,0,Lower Risk,0,0
0,0,0,1,0,0,0,0,0,1,0,48,0,4,40,3,0.803,0.868,0.829,3.333333333,63.91549296,0.171304348,0.828695652,0.25,0.25,0,0,0.062020303,6.2,Retained,0,Lower Risk,0,0
0,0,0,1,0,0,0,0,0,1,0,53,0,1,48,6,0.562,0.607,0.492,4,48.08888889,0.508016878,0.491983122,0.25,0.5,1,0,0.390088949,39.01,Retained,0,Lower Risk,0,0
0,1,0,1,0,0,0,0,0,1,0,43,0,4,36,4,0.748,1,0.055,3,47.88157895,0.94515587,0.05484413,0.333333333,0.25,0,0,0.061238051,6.12,Retained,0,Lower Risk,0,0
1,0,1,0,0,0,0,0,1,0,0,40,0,2,27,4,0.695,0.806,0,2.25,47.48214286,1,0,0.25,0.166666667,1,0,0.231184991,23.12,Retained,0,Lower Risk,0,0
1,0,0,0,0,0,1,0,1,0,0,49,0,3,40,6,0.906,0.556,0.191,3.333333333,67.28571429,0.808988764,0.191011236,0.25,0.166666667,0,0,0.143733864,14.37,Retained,0,Lower Risk,0,0
0,0,0,0,1,0,0,0,0,1,0,45,0,0,40,5,0.772,0.694,0.742,3.333333333,57.92771084,0.257723895,0.742276105,0,0.333333333,0,0,0.020802737,2.08,Retained,0,Lower Risk,0,0
0,0,0,0,0,0,1,0,1,0,0,42,0,3,24,5,0.849,0.848,0.443,2,57.28235294,0.556698774,0.443301226,0.25,0.083333333,0,0,0.015889467,1.59,Retained,0,Lower Risk,0,0
0,0,0,1,0,0,0,0,0,0,0,28,0,0,23,5,0.7,0.706,0.153,1.916666667,33.87356322,0.847040335,0.152959665,0.25,0.083333333,0,0,0.0093376,0.93,Retained,0,Lower Risk,0,0
0,0,0,0,1,0,0,0,0,1,0,46,0,3,36,1,0.722,0.767,0,3,144.6320755,1,0,0.166666667,0.166666667,0,0,0.101538672,10.15,Retained,0,Lower Risk,0,0
0,0,0,1,0,0,0,0,0,0,0,46,0,3,37,6,0.597,0.614,0,3.083333333,53.78873239,1,0,0,0.083333333,0,0,0.010680006,1.07,Retained,0,Lower Risk,0,0
1,0,0,0,0,0,1,0,1,0,0,47,1,2,39,2,0.871,0.742,0,3.25,125.0521739,1,0,0.166666667,0.166666667,0,0,0.315575796,31.56,Retained,0,Lower Risk,0,0
0,0,0,1,0,0,0,0,1,0,0,65,0,1,56,4,1.178,0.759,0.246,4.666666667,49.70588235,0.754236081,0.245763919,0,0.166666667,0,0,0.000976876,0.1,Retained,0,Lower Risk,0,0
0,0,0,0,0,0,1,0,0,1,0,50,0,2,37,6,0.74,0.683,0.524,3.083333333,64.5942029,0.475770006,0.524229994,0.166666667,0.416666667,0,0,0.007960264,0.8,Retained,0,Lower Risk,0,0
0,0,0,0,1,0,0,0,1,0,0,54,0,3,36,5,0.779,0.826,0.474,3,56.36904762,0.525641026,0.474358974,0.333333333,0.083333333,0,0,0.004886353,0.49,Retained,0,Lower Risk,0,0
1,0,0,0,0,0,0,1,0,1,0,60,0,1,41,3,0.187,0.2,0,3.416666667,42.27777778,1,0,0.333333333,0.166666667,1,1,0.909325346,90.93,Churn,1,High Risk,0,0
0,0,0,0,0,0,0,0,0,1,0,49,0,4,33,4,0.699,0.543,0.596,2.75,58.42253521,0.403910348,0.596089652,0.25,0.166666667,0,0,0.210047906,21,Retained,0,Lower Risk,0,0
2,0,0,1,0,0,0,0,1,0,0,35,1,3,36,4,0.82,0.676,0.047,3,112.1612903,0.953027299,0.046972701,0.333333333,0.083333333,0,0,0.066743532,6.67,Retained,0,Lower Risk,0,0
0,0,0,0,0,0,1,0,1,0,0,52,0,1,42,5,0.881,1,0.811,3.5,58.0125,0.1888495,0.8111505,0.25,0.25,0,0,0.039161348,3.92,Retained,0,Lower Risk,0,0
2,0,0,0,1,0,0,0,1,0,0,44,1,2,36,3,0.653,0.686,0.131,3,59.09302326,0.868935356,0.131064644,0.083333333,0.166666667,0,0,0.011096006,1.11,Retained,0,Lower Risk,0,0
3,0,0,0,0,0,1,0,1,0,0,38,1,4,25,5,0.924,0.902,0,2.083333333,126.5,1,0,0.333333333,0.166666667,1,1,0.903841869,90.38,Churn,1,High Risk,0,0
1,0,0,0,0,0,0,1,0,1,0,62,0,0,49,4,0.805,0.697,0.517,4.083333333,66.32142857,0.483116883,0.516883117,0.083333333,0.083333333,0,0,0.002034909,0.2,Retained,0,Lower Risk,0,0
0,0,1,0,0,0,0,0,1,0,0,42,0,3,36,4,0.5,0.692,0.22,3,51.71212121,0.779709552,0.220290448,0.083333333,0.166666667,0,0,0.035210494,3.52,Retained,0,Lower Risk,0,0
2,0,0,0,1,0,0,0,0,0,1,45,1,5,25,1,0.645,0.414,0.118,2.083333333,95.79268293,0.882167917,0.117832083,0.083333333,0.416666667,0,0,0.05220314,5.22,Retained,0,Lower Risk,0,0
4,1,1,0,0,0,0,0,1,0,0,50,1,2,45,6,0.771,0.719,0,3.75,46.78181818,1,0,0.25,0.25,1,0,0.097000763,9.7,Retained,0,Lower Risk,0,0
0,0,0,1,0,0,0,0,0,1,0,42,0,4,36,6,0.623,0.6,0,3,55.4,1,0,0.166666667,0.166666667,1,0,0.188706666,18.87,Retained,0,Lower Risk,0,0
1,0,0,0,0,0,1,0,0,0,0,45,0,4,27,2,0.675,0.515,0.459,2.25,86.08,0.541144414,0.458855586,0.083333333,0.166666667,0,0,0.071454959,7.15,Retained,0,Lower Risk,0,0
1,0,0,0,0,0,0,1,0,0,1,45,0,3,36,6,0.672,0.735,0.582,3,57.44705882,0.418447694,0.581552306,0.166666667,0.083333333,0,0,0.003561464,0.36,Retained,0,Lower Risk,0,0
0,0,0,0,0,0,0,0,0,1,0,30,0,1,36,4,0.976,0.778,0,3,99.95,1,0,0.5,0.25,1,1,0.99665056,99.67,Churn,1,High Risk,0,0
0,0,0,1,0,0,0,0,0,1,0,31,0,0,20,3,0.722,0.806,0.208,1.666666667,43.18461538,0.791954023,0.208045977,0.166666667,0.25,0,0,0.025143503,2.51,Retained,0,Lower Risk,0,0
1,0,0,0,0,0,1,0,1,0,0,48,0,5,43,4,0.654,0.6,0.321,3.583333333,64.09722222,0.678646197,0.321353803,0.25,0.083333333,0,0,0.00860222,0.86,Retained,0,Lower Risk,0,0
0,0,0,0,0,0,1,0,0,0,0,48,0,3,36,5,0.575,0.433,0.618,3,47.88372093,0.382027989,0.617972011,0.166666667,0.25,1,1,0.508770738,50.88,Churn,1,High Risk,0,0
0,0,0,0,0,0,0,1,1,0,0,36,0,3,36,6,1.314,0.667,0.584,3,51.87272727,0.415649677,0.584350323,0.25,0.416666667,0,0,0.003719305,0.37,Retained,0,Lower Risk,0,0
3,0,0,0,0,0,0,1,0,0,1,44,1,1,29,6,0.718,0.61,0.121,2.416666667,61.93939394,0.878773301,0.121226699,0.166666667,0.083333333,0,0,0.007495502,0.75,Retained,0,Lower Risk,0,0
0,0,0,1,0,0,0,0,0,1,0,39,0,5,33,5,0.931,0.773,0.464,2.75,66.73076923,0.535562817,0.464437183,0.166666667,0.166666667,0,0,0.006102263,0.61,Retained,0,Lower Risk,0,0
3,1,0,0,0,1,0,0,0,1,0,54,1,3,42,3,0.552,0.776,0.072,3.5,50.5862069,0.927917488,0.072082512,0.166666667,0.083333333,0,0,0.005816408,0.58,Retained,0,Lower Risk,0,0
0,0,0,0,0,0,1,0,0,0,0,45,1,1,40,4,0.886,0.675,0.493,3.333333333,67.17910448,0.506839187,0.493160813,0.166666667,0.25,0,0,0.025683531,2.57,Retained,0,Lower Risk,0,0
0,0,0,0,0,1,0,0,1,0,0,43,0,1,27,4,0.481,0.333,0,2.25,53.425,1,0,0.25,0.25,1,1,0.888147265,88.81,Churn,1,High Risk,0,0
2,0,0,0,1,0,0,0,1,0,0,32,1,1,24,4,0.73,0.52,0.297,2,43.60526316,0.702866861,0.297133139,0.166666667,0.166666667,0,0,0.04889555,4.89,Retained,0,Lower Risk,0,0
0,0,0,1,0,0,0,0,0,1,0,45,0,5,33,5,0.605,0.706,0.546,2.75,51.77011494,0.454108392,0.545891608,0.25,0.25,0,0,0.086660785,8.67,Retained,0,Lower Risk,0,0
1,0,0,0,0,0,0,0,0,1,0,44,0,2,33,4,0.856,0.906,0.27,2.75,26.83606557,0.729788625,0.270211375,0.25,0.166666667,0,0,0.039082466,3.91,Retained,0,Lower Risk,0,0
0,0,0,0,0,0,0,0,1,0,0,53,0,2,44,3,0.92,0.6,0,3.666666667,59.08333333,1,0,0.25,0.25,1,1,0.586416321,58.64,Churn,1,High Risk,0,0
2,0,0,1,0,0,0,0,1,0,0,36,1,2,17,5,1.46,0.488,0.59,1.416666667,47.26229508,0.409767141,0.590232859,0.25,0.166666667,0,0,0.013250318,1.33,Retained,0,Lower Risk,0,0
0,0,0,1,0,0,0,0,0,0,0,51,0,2,36,4,0.836,0.672,0.328,3,41.59803922,0.672263927,0.327736073,0.333333333,0.25,0,0,0.166650144,16.67,Retained,0,Lower Risk,0,0
1,0,0,1,0,0,0,0,1,0,0,35,0,3,36,4,0.754,0.596,0.276,3,51.46987952,0.723527785,0.276472215,0.333333333,0.083333333,0,0,0.02298451,2.3,Retained,0,Lower Risk,0,0
1,0,0,1,0,0,0,0,1,0,0,43,0,3,36,6,0.694,0.676,0.81,3,27.57894737,0.189713896,0.810286104,0.25,0.083333333,0,0,0.01768468,1.77,Retained,0,Lower Risk,0,0
2,0,0,0,0,0,0,1,1,0,0,48,1,1,36,4,0.623,0.667,0.154,3,46.85714286,0.845964316,0.154035684,0.25,0.083333333,0,0,0.012866254,1.29,Retained,0,Lower Risk,0,0
4,0,0,0,0,0,0,1,0,1,0,43,1,2,34,5,0.901,0.9,0,2.833333333,54.73684211,1,0,0.333333333,0.25,0,0,0.089174684,8.92,Retained,0,Lower Risk,0,0
2,0,0,1,0,0,0,0,0,1,0,42,1,3,31,3,0.868,0.774,0.858,2.583333333,45.16363636,0.142126789,0.857873211,0.333333333,0.25,0,0,0.070121636,7.01,Retained,0,Lower Risk,0,0
1,0,0,1,0,0,0,0,0,0,0,45,1,2,36,2,0.598,0.25,0,3,49.25714286,1,0,0.333333333,0.166666667,1,1,0.994562997,99.46,Churn,1,High Risk,0,0
1,0,0,0,0,0,0,1,1,0,0,50,0,2,36,5,0.308,0.679,0.556,3,47.76595745,0.443572985,0.556427015,0.166666667,0.083333333,0,0,0.026741085,2.67,Retained,0,Lower Risk,0,0
2,0,0,0,0,0,1,0,1,0,0,29,1,0,20,5,0.778,0.852,0.14,1.666666667,36.84,0.860218808,0.139781192,0.25,0.166666667,0,0,0.020973486,2.1,Retained,0,Lower Risk,0,0
2,0,0,0,1,0,0,0,1,0,0,47,1,4,34,5,0.952,0.486,0.356,2.833333333,34.07692308,0.643945993,0.356054007,0.25,0.166666667,0,0,0.064401754,6.44,Retained,0,Lower Risk,0,0
2,0,0,0,0,0,1,0,1,0,0,39,1,3,36,6,1.24,0.9,0.307,3,50.92982456,0.693422988,0.306577012,0.333333333,0.166666667,0,0,0.001758602,0.18,Retained,0,Lower Risk,0,0
1,0,0,0,0,0,0,1,0,1,0,40,1,3,28,4,0.506,0.312,0.479,2.333333333,35.28571429,0.520909346,0.479090654,0.083333333,0.083333333,0,0,0.016985342,1.7,Retained,0,Lower Risk,0,0
3,0,0,0,0,0,1,0,0,1,0,58,1,2,52,1,0.602,0.633,0.814,4.333333333,37.63265306,0.185700421,0.814299579,0.333333333,0.166666667,1,1,0.774559847,77.46,Churn,1,High Risk,0,0
0,0,0,0,1,0,0,0,0,1,0,55,0,1,37,4,0.788,1.026,0.829,3.083333333,54.44303797,0.171296296,0.828703704,0.25,0.25,0,0,0.046810484,4.68,Retained,0,Lower Risk,0,0
4,0,0,1,0,0,0,0,0,1,0,27,1,0,17,6,0.558,0.333,0.155,1.416666667,58.16666667,0.844600023,0.155399977,0.166666667,0.166666667,0,0,0.027948382,2.79,Retained,0,Lower Risk,0,0
0,0,0,0,1,0,0,0,1,0,0,35,0,2,30,3,0.445,0.5,0.262,2.5,58,0.737744559,0.262255441,0.083333333,0.25,0,0,0.340302283,34.03,Retained,0,Lower Risk,0,0
0,0,0,0,0,0,0,1,1,0,0,46,0,2,36,2,0.752,0.638,0.125,3,63.12987013,0.874678112,0.125321888,0,0.25,0,0,0.036078525,3.61,Retained,0,Lower Risk,0,0
0,0,0,0,0,1,0,0,1,0,0,40,0,2,32,3,0.975,0.738,0.447,2.666666667,66.54794521,0.55339345,0.44660655,0,0.25,0,0,0.014132966,1.41,Retained,0,Lower Risk,0,0
0,0,1,0,0,0,0,0,1,0,0,44,0,3,40,2,0.727,0.745,0.14,3.333333333,63.03658537,0.860232945,0.139767055,0.083333333,0.083333333,0,0,0.003225496,0.32,Retained,0,Lower Risk,0,0
0,0,0,0,0,0,0,1,1,0,0,44,0,3,36,3,0.853,0.677,0.806,3,53.63461538,0.193944713,0.806055287,0.5,0.333333333,1,1,0.740509714,74.05,Churn,1,High Risk,0,0
0,0,0,0,0,0,1,0,1,0,0,51,0,3,39,3,0.819,0.891,0.086,3.25,47.40229885,0.913966618,0.086033382,0,0.25,0,0,0.015832026,1.58,Retained,0,Lower Risk,0,0
0,0,0,1,0,0,0,0,1,0,0,58,0,2,39,3,0.694,0.632,0.234,3.25,49.51612903,0.766276042,0.233723958,0.25,0.333333333,0,0,0.241392579,24.14,Retained,0,Lower Risk,0,0
0,0,0,0,1,0,0,0,1,0,0,51,0,0,42,1,0.52,0.485,0.057,3.5,41.89795918,0.943137451,0.056862549,0.333333333,0.333333333,1,1,0.984914756,98.49,Churn,1,High Risk,0,0
0,1,0,0,0,0,0,1,0,1,0,45,0,2,36,2,0.74,0.724,0.061,3,147.47,0.939428835,0.060571165,0.25,0.166666667,0,0,0.025700644,2.57,Retained,0,Lower Risk,0,0
0,0,0,1,0,0,0,0,0,1,0,40,0,2,30,5,0.542,0.788,0,2.5,38.27118644,1,0,0.25,0.166666667,0,0,0.392013673,39.2,Retained,0,Lower Risk,0,0
1,0,0,0,1,0,0,0,1,0,0,40,1,3,33,4,0.786,0.833,0.145,2.75,88.63636364,0.854590354,0.145409646,0.25,0.25,0,0,0.139253794,13.93,Retained,0,Lower Risk,0,0
2,0,0,0,0,0,0,1,1,0,0,52,1,2,36,6,0.961,0.489,0.074,3,62.2,0.926411904,0.073588096,0.333333333,0.25,0,0,0.377857356,37.79,Retained,0,Lower Risk,0,0
1,0,0,0,0,0,0,1,1,0,0,38,0,2,28,6,0.876,0.64,0,2.333333333,61.63414634,1,0,0.166666667,0.166666667,1,0,0.299242155,29.92,Retained,0,Lower Risk,0,0
0,0,0,0,1,0,0,0,1,0,0,38,0,1,28,6,0.767,0.653,0,2.333333333,59.44444444,1,0,0.25,0.333333333,0,0,0.131628558,13.16,Retained,0,Lower Risk,0,0
1,0,0,0,0,0,1,0,1,0,0,60,0,1,50,4,0.838,0.714,0.713,4.166666667,58.5,0.287353125,0.712646875,0.25,0.333333333,1,0,0.227461722,22.75,Retained,0,Lower Risk,0,0
2,0,0,0,1,0,0,0,0,1,0,43,1,3,30,6,1.034,0.9,0.13,2.5,51.19736842,0.86969697,0.13030303,0.333333333,0.166666667,0,0,0.006790393,0.68,Retained,0,Lower Risk,0,0
0,0,1,0,0,0,0,0,0,1,0,51,0,1,40,5,0.615,0.897,0.631,3.333333333,62.87837838,0.368699159,0.631300841,0.166666667,0.25,0,0,0.015529961,1.55,Retained,0,Lower Risk,0,0
0,0,0,0,0,0,0,0,0,1,0,39,0,0,36,1,0.814,0.764,0.428,3,121.6614173,0.571690334,0.428309666,0.166666667,0.166666667,0,0,0.030818239,3.08,Retained,0,Lower Risk,0,0
0,0,0,0,0,1,0,0,1,0,0,56,0,1,36,6,0.615,0.353,0.805,3,51.54347826,0.194860814,0.805139186,0.166666667,0.166666667,1,0,0.311711463,31.17,Retained,0,Lower Risk,0,0
2,0,0,0,1,0,0,0,1,0,0,47,1,2,32,3,0.781,0.726,0.407,2.666666667,137.8598131,0.593180635,0.406819365,0.166666667,0.416666667,0,0,0.005017247,0.5,Retained,0,Lower Risk,0,0
3,1,0,0,0,0,1,0,1,0,0,44,1,4,25,3,0.734,0.758,0.057,2.083333333,123.5775862,0.942519411,0.057480589,0.083333333,0.083333333,0,0,0.004749769,0.47,Retained,0,Lower Risk,0,0
3,0,0,0,0,0,0,0,1,0,0,41,1,3,28,1,0.625,0.722,0.047,2.333333333,140.6774194,0.953152161,0.046847839,0.25,0.083333333,0,0,0.021031742,2.1,Retained,0,Lower Risk,0,0
0,0,0,0,0,0,1,0,1,0,0,35,0,2,36,3,1.071,0.903,0,3,53.13559322,1,0,0.25,0.083333333,0,0,0.012237346,1.22,Retained,0,Lower Risk,0,0
1,0,0,0,0,0,0,0,0,1,0,38,1,2,20,6,0.418,0.641,0.113,1.666666667,59.5625,0.886700398,0.113299602,0.25,0.083333333,0,0,0.036260876,3.63,Retained,0,Lower Risk,0,0
1,0,0,1,0,0,0,0,0,1,0,40,1,3,32,5,0.836,0.568,0.912,2.666666667,52.11594203,0.088281869,0.911718131,0.166666667,0.083333333,0,0,0.023309174,2.33,Retained,0,Lower Risk,0,0
3,0,0,1,0,0,0,0,1,0,0,33,1,2,28,4,1.019,0.722,0.064,2.333333333,38.5483871,0.936113219,0.063886781,0.166666667,0.166666667,0,0,0.014302929,1.43,Retained,0,Lower Risk,0,0
0,0,0,0,0,0,1,0,0,0,1,55,0,0,39,4,0.659,0.964,0.179,3.25,70.58181818,0.821139657,0.178860343,0.25,0.25,0,0,0.064692758,6.47,Retained,0,Lower Risk,0,0
2,1,0,0,0,0,1,0,0,1,0,32,1,1,36,2,0.942,0.654,0.043,3,111.0447761,0.957372964,0.042627036,0.083333333,0.25,0,0,0.202176269,20.22,Retained,0,Lower Risk,0,0
0,0,0,1,0,0,0,0,0,0,0,30,0,0,18,5,0.705,0.7,0.237,1.5,107.2352941,0.76302641,0.23697359,0.083333333,0.083333333,1,0,0.03088265,3.09,Retained,0,Lower Risk,0,0
0,0,0,1,0,0,0,0,0,1,0,52,0,0,36,5,0.874,0.909,0.432,3,59.0952381,0.567599527,0.432400473,0.166666667,0.083333333,0,0,0.002725757,0.27,Retained,0,Lower Risk,0,0
2,0,0,1,0,0,0,0,1,0,0,43,1,5,38,2,0.713,0.361,0,3.166666667,48.75510204,1,0,0.416666667,0.25,1,1,0.995766853,99.58,Churn,1,High Risk,0,0
4,0,0,0,1,0,0,0,0,1,0,48,1,4,40,2,0.904,0.544,0.064,3.333333333,84.125,0.935584244,0.064415756,0.25,0.25,0,0,0.486433697,48.64,Retained,0,Lower Risk,0,0
2,0,0,0,0,0,0,1,1,0,0,50,1,2,43,2,0.837,0.642,0.027,3.583333333,84.57471264,0.972957844,0.027042156,0.083333333,0.166666667,0,0,0.041178756,4.12,Retained,0,Lower Risk,0,0
1,0,0,0,0,0,0,0,1,0,0,37,0,4,30,4,0.992,0.882,0.737,2.5,51.28125,0.263388938,0.736611062,0.25,0.333333333,0,0,0.014520856,1.45,Retained,0,Lower Risk,0,0
1,1,0,0,0,0,1,0,0,0,0,45,0,2,40,5,0.732,0.842,0.074,3.333333333,77.11428571,0.925625594,0.074374406,0.166666667,0.166666667,0,0,0.013855151,1.39,Retained,0,Lower Risk,0,0
3,0,0,0,1,0,0,0,1,0,0,49,1,4,36,2,0.568,0.643,0.044,3,61.86956522,0.955639842,0.044360158,0.25,0.25,0,0,0.26108763,26.11,Retained,0,Lower Risk,0,0
1,0,0,1,0,0,0,0,0,1,0,55,1,3,35,4,0.716,0.605,0,2.916666667,51.07246377,1,0,0.333333333,0.083333333,0,0,0.088429533,8.84,Retained,0,Lower Risk,0,0
0,0,0,0,1,0,0,0,0,1,0,36,0,1,36,6,0.691,0.75,0.412,3,42.30357143,0.588456508,0.411543492,0.083333333,0.25,0,0,0.025677721,2.57,Retained,0,Lower Risk,0,0
1,0,1,0,0,0,0,0,0,1,0,44,0,2,25,4,1.224,0.857,0,2.083333333,65.35384615,1,0,0.166666667,0.25,0,0,0.015501764,1.55,Retained,0,Lower Risk,0,0
1,0,0,0,1,0,0,0,1,0,0,50,0,3,40,1,0.769,0.517,0.519,3.333333333,62.16483516,0.481140481,0.518859519,0.25,0.25,0,1,0.575585275,57.56,Churn,1,High Risk,0,0
2,0,0,1,0,0,0,0,0,1,0,53,1,2,47,6,1.178,0.407,0.1,3.916666667,46.65789474,0.899696707,0.100303293,0,0.25,0,0,0.01756936,1.76,Retained,0,Lower Risk,0,0
2,0,0,0,0,0,0,1,0,1,0,52,1,5,36,2,0.754,0.855,0.093,3,141.373913,0.907430837,0.092569163,0.166666667,0.25,0,0,0.031377346,3.14,Retained,0,Lower Risk,0,0
0,0,0,1,0,0,0,0,0,1,0,44,1,2,36,6,0.542,0.538,0,3,65.8,1,0,0.083333333,0.25,0,0,0.20311142,20.31,Retained,0,Lower Risk,0,0
0,0,0,1,0,0,0,0,0,0,1,46,0,3,39,4,0.915,0.854,0.313,3.25,61.30263158,0.686634557,0.313365443,0.166666667,0.083333333,0,0,0.001916839,0.19,Retained,0,Lower Risk,0,0
2,0,0,1,0,0,0,0,0,1,0,43,1,3,35,3,0.647,0.458,0.097,2.916666667,53,0.903043171,0.096956829,0.166666667,0.25,0,0,0.419875215,41.99,Retained,0,Lower Risk,0,0
1,1,0,0,1,0,0,0,0,1,0,46,0,3,40,4,0.531,0.6,0.092,3.333333333,79.95833333,0.908430322,0.091569678,0.083333333,0.25,0,0,0.055346064,5.53,Retained,0,Lower Risk,0,0
0,0,0,0,0,0,1,0,1,0,0,49,1,4,39,6,1.002,0.543,0.253,3.25,61.08450704,0.746957965,0.253042035,0.333333333,0.083333333,0,0,0.019514653,1.95,Retained,0,Lower Risk,0,0
0,0,0,1,0,0,0,0,1,0,0,60,0,1,36,3,0.901,0.946,0.276,3,61.01388889,0.724329793,0.275670207,0.25,0.333333333,0,0,0.056319134,5.63,Retained,0,Lower Risk,0,0
0,0,0,1,0,0,0,0,0,0,0,51,0,2,36,5,0.651,0.75,0.871,3,48.37362637,0.129047849,0.870952151,0.25,0.25,0,0,0.151853538,15.19,Retained,0,Lower Risk,0,0
3,0,0,0,0,0,0,1,1,0,0,53,1,3,40,2,0.801,0.767,0,3.333333333,57.23684211,1,0,0.25,0.166666667,0,0,0.275586355,27.56,Retained,0,Lower Risk,0,0
0,0,0,0,0,0,0,0,0,1,0,50,0,4,36,1,0.598,0.875,0.721,3,57.46666667,0.279231398,0.720768602,0.083333333,0.25,0,0,0.038531442,3.85,Retained,0,Lower Risk,0,0
0,0,0,0,0,0,0,1,0,0,1,55,0,1,36,5,0.985,0.75,0.773,3,64.41558442,0.227440147,0.772559853,0.083333333,0.166666667,0,0,0.005993254,0.6,Retained,0,Lower Risk,0,0
0,0,0,1,0,0,0,0,0,0,0,41,1,3,23,5,0.735,0.744,0,1.916666667,64.94117647,1,0,0.333333333,0.166666667,0,0,0.174910814,17.49,Retained,0,Lower Risk,0,0
3,3,0,1,0,0,0,0,0,0,1,48,1,3,41,3,0.862,1.071,0.044,3.416666667,39.86206897,0.955643759,0.044356241,0.166666667,0.166666667,0,0,0.021971879,2.2,Retained,0,Lower Risk,0,0
4,0,0,1,0,0,0,0,1,0,0,56,1,3,36,5,0.642,0.526,0,3,31.13793103,1,0,0.083333333,0.083333333,1,0,0.088299686,8.83,Retained,0,Lower Risk,0,0
0,0,0,1,0,0,0,0,0,1,0,59,1,2,49,6,0.605,0.628,0.132,4.083333333,63.17142857,0.868305531,0.131694469,0.166666667,0.25,0,0,0.025121839,2.51,Retained,0,Lower Risk,0,0
0,0,0,0,1,0,0,0,1,0,0,58,0,2,53,3,0.613,0.481,0,4.416666667,60.3,1,0,0.166666667,0,1,1,0.953836981,95.38,Churn,1,High Risk,0,0
0,0,0,0,0,0,1,0,1,0,0,50,0,1,33,6,1,0.7,0.373,2.75,55,0.626582278,0.373417722,0.333333333,0.333333333,0,0,0.041802386,4.18,Retained,0,Lower Risk,0,0
0,0,0,1,0,0,0,0,0,1,0,56,0,2,43,5,0.737,0.756,0.547,3.583333333,61.13924051,0.452826253,0.547173747,0.166666667,0.25,0,0,0.034436848,3.44,Retained,0,Lower Risk,0,0
1,0,0,1,0,0,0,0,0,1,0,43,1,3,39,5,0.702,0.682,0.122,3.25,54.45945946,0.877598966,0.122401034,0.416666667,0.25,0,0,0.093476662,9.35,Retained,0,Lower Risk,0,0
0,0,0,1,0,0,0,0,1,0,0,44,0,3,40,6,1.107,0.511,0.897,3.333333333,55.92647059,0.103046595,0.896953405,0.166666667,0.166666667,0,0,0.053728316,5.37,Retained,0,Lower Risk,0,0
0,1,0,1,0,0,0,0,0,1,0,54,0,3,48,1,0.918,0.316,0,4,98.18,1,0,0.166666667,0.416666667,1,1,0.992158237,99.22,Churn,1,High Risk,0,0
3,0,0,0,1,0,0,0,1,0,0,52,1,2,43,4,0.917,0.893,0.049,3.583333333,54.0754717,0.951436432,0.048563568,0.333333333,0.25,0,0,0.031447819,3.14,Retained,0,Lower Risk,0,0
0,0,0,0,0,0,0,0,0,1,0,38,0,2,33,2,1.009,0.931,0.501,2.75,73.67857143,0.498637602,0.501362398,0.166666667,0.083333333,0,0,0.027211147,2.72,Retained,0,Lower Risk,0,0
3,0,0,0,0,0,0,0,0,1,0,58,1,1,49,3,0.653,0.683,0,4.083333333,50.68115942,1,0,0.166666667,0.25,0,0,0.190821063,19.08,Retained,0,Lower Risk,0,0
0,0,0,1,0,0,0,0,0,1,0,43,0,3,36,1,0.818,0.667,0.242,3,73.58461538,0.758175105,0.241824895,0.25,0.25,0,0,0.145204649,14.52,Retained,0,Lower Risk,0,0
3,0,0,1,0,0,0,0,1,0,0,42,1,2,31,2,0.791,0.736,0,2.583333333,109.424,1,0,0.083333333,0.25,0,0,0.222223988,22.22,Retained,0,Lower Risk,0,0
0,0,0,0,0,0,0,1,1,0,0,39,0,2,36,4,0.789,0.783,0.182,3,43.75609756,0.817934783,0.182065217,0.333333333,0.25,0,0,0.075104865,7.51,Retained,0,Lower Risk,0,0
0,0,0,1,0,0,0,0,1,0,0,56,0,1,36,2,0.637,0.882,0.223,3,102.4453125,0.777433114,0.222566886,0.166666667,0.083333333,0,0,0.010129714,1.01,Retained,0,Lower Risk,0,0
2,0,0,0,0,0,0,1,0,1,0,55,1,3,35,3,0.309,0.36,0.094,2.916666667,47.79411765,0.90600028,0.09399972,0.25,0.25,1,1,0.735281374,73.53,Churn,1,High Risk,0,0
0,0,0,0,0,0,1,0,1,0,0,46,0,4,36,4,0.855,0.667,0,3,44.575,1,0,0.166666667,0.166666667,0,0,0.147243039,14.72,Retained,0,Lower Risk,0,0
1,0,0,0,0,0,0,0,1,0,0,44,0,2,39,4,0.847,0.614,0.456,3.25,62.97183099,0.544385655,0.455614345,0.166666667,0.083333333,0,0,0.010854675,1.09,Retained,0,Lower Risk,0,0
0,0,0,1,0,0,0,0,0,1,0,35,0,2,23,6,0.925,1.219,0.562,1.916666667,58.6056338,0.438498058,0.561501942,0.25,0.25,0,0,0.015064614,1.51,Retained,0,Lower Risk,0,0
0,0,1,0,0,0,0,0,0,1,0,53,0,5,38,3,0.367,0.469,0,3.166666667,41.17021277,1,0,0.25,0.166666667,1,1,0.945585671,94.56,Churn,1,High Risk,0,0
0,0,0,0,0,0,1,0,1,0,0,37,0,3,27,6,1.139,0.6,0.803,2.25,49.46875,0.196500673,0.803499327,0.25,0.083333333,0,0,0.00776719,0.78,Retained,0,Lower Risk,0,0
1,0,0,1,0,0,0,0,0,0,1,49,0,2,36,6,0.782,0.929,0.122,3,55.60493827,0.87839851,0.12160149,0.083333333,0.25,0,0,0.01523491,1.52,Retained,0,Lower Risk,0,0
1,0,0,1,0,0,0,0,0,1,0,51,0,2,43,3,0.748,0.51,0.856,3.583333333,56.46753247,0.144495413,0.855504587,0.25,0.083333333,0,0,0.139606688,13.96,Retained,0,Lower Risk,0,0
0,0,0,0,0,0,0,0,0,1,0,57,0,3,51,5,0.886,0.706,0,4.25,62.12643678,1,0,0,0.083333333,0,0,0.012624369,1.26,Retained,0,Lower Risk,0,0
3,0,0,0,1,0,0,0,1,0,0,59,1,0,47,5,0.399,0.391,0.398,3.916666667,42.9375,0.601586333,0.398413667,0.166666667,0.083333333,0,0,0.011566758,1.16,Retained,0,Lower Risk,0,0
0,0,0,1,0,0,0,0,0,1,0,44,0,2,26,6,0.691,0.6,0.743,2.166666667,54.9875,0.257142857,0.742857143,0.083333333,0.25,0,0,0.033093745,3.31,Retained,0,Lower Risk,0,0
0,0,0,0,1,0,0,0,0,1,0,50,0,0,43,6,0.628,0.667,0.728,3.583333333,69.09230769,0.271910112,0.728089888,0.166666667,0.333333333,0,0,0.074901435,7.49,Retained,0,Lower Risk,0,0
0,0,0,0,0,0,1,0,0,1,0,40,0,3,27,5,0.779,0.783,0,2.25,50.08536585,1,0,0.166666667,0.333333333,0,0,0.032430275,3.24,Retained,0,Lower Risk,0,0
4,0,0,1,0,0,0,0,1,0,0,40,1,3,27,5,0.572,0.56,0,2.25,54.05128205,1,0,0.166666667,0.25,1,0,0.296848662,29.68,Retained,0,Lower Risk,0,0
3,0,0,0,0,0,0,0,1,0,0,52,1,3,33,3,0.426,0.667,0.037,2.75,57.08,0.963316637,0.036683363,0.333333333,0.25,0,0,0.244225148,24.42,Retained,0,Lower Risk,0,0
2,0,0,1,0,0,0,0,0,1,0,63,1,0,51,3,0.631,0.361,0,4.25,48.87755102,1,0,0.25,0.25,1,1,0.747809822,74.78,Churn,1,High Risk,0,0
0,0,0,0,0,0,0,1,0,1,0,46,0,4,39,4,0.553,0.591,0.204,3.25,50.48571429,0.795594837,0.204405163,0.25,0.166666667,0,0,0.140100358,14.01,Retained,0,Lower Risk,0,0
0,0,0,0,0,0,0,0,1,0,0,50,0,4,36,4,0.399,0.789,0.288,3,66.02941176,0.711832947,0.288167053,0.166666667,0.166666667,0,0,0.036725152,3.67,Retained,0,Lower Risk,0,0
4,0,0,0,0,0,0,0,0,0,0,49,1,4,41,3,0.657,1,0.168,3.416666667,55.93103448,0.831987751,0.168012249,0.083333333,0.083333333,0,0,0.001369009,0.14,Retained,0,Lower Risk,0,0
2,0,0,0,1,0,0,0,1,0,0,40,1,4,29,3,0.503,0.457,0.13,2.416666667,34.47058824,0.869579082,0.130420918,0.166666667,0.25,1,0,0.172309777,17.23,Retained,0,Lower Risk,0,0
1,0,0,0,0,0,0,1,1,0,0,50,1,4,35,6,0.392,0.459,0.095,2.916666667,38.55555556,0.904986836,0.095013164,0.416666667,0.083333333,1,0,0.041499336,4.15,Retained,0,Lower Risk,0,0
0,0,1,0,0,0,0,0,0,1,0,50,0,1,46,6,0.662,0.571,0.75,3.833333333,56.65909091,0.250253807,0.749746193,0.25,0.333333333,1,0,0.466987208,46.7,Retained,0,Lower Risk,0,0
1,0,0,1,0,0,0,0,1,0,0,40,1,1,23,6,0.73,0.611,0.197,1.916666667,51,0.80286123,0.19713877,0.166666667,0.25,0,0,0.026508723,2.65,Retained,0,Lower Risk,0,0
4,0,0,0,0,0,0,1,0,1,0,61,1,0,46,6,0.82,1.056,0.25,3.833333333,107.7837838,0.750107527,0.249892473,0.25,0.25,1,1,0.508870055,50.89,Churn,1,High Risk,0,0
2,0,0,1,0,0,0,0,1,0,0,55,1,1,44,6,0.652,0.529,0.699,3.666666667,57.11538462,0.300506213,0.699493787,0.333333333,0.166666667,0,0,0.06321191,6.32,Retained,0,Lower Risk,0,0
3,0,0,0,1,0,0,0,0,1,0,40,1,3,36,5,0.74,0.864,0,3,57.91463415,1,0,0.25,0.25,0,0,0.118188129,11.82,Retained,0,Lower Risk,0,0
0,0,0,0,1,0,0,0,1,0,0,47,0,3,43,4,0.814,0.484,0.099,3.583333333,34.63043478,0.900912937,0.099087063,0.166666667,0.25,0,0,0.281063078,28.11,Retained,0,Lower Risk,0,0
0,0,0,0,1,0,0,0,0,1,0,57,0,1,45,5,0.515,0.837,0,3.75,44.62025316,1,0,0.333333333,0.166666667,0,0,0.195786921,19.58,Retained,0,Lower Risk,0,0
0,0,0,0,0,0,0,0,1,0,0,53,0,3,43,4,0.601,0.955,0.501,3.583333333,53.55813953,0.498713759,0.501286241,0.25,0.166666667,0,0,0.025555177,2.56,Retained,0,Lower Risk,0,0
1,0,0,0,0,0,1,0,0,1,0,42,1,3,35,2,0.807,0.854,0.173,2.916666667,47.13483146,0.826756946,0.173243054,0.25,0.25,0,0,0.345381204,34.54,Retained,0,Lower Risk,0,0
0,1,0,0,0,0,0,1,0,1,0,46,0,4,34,1,0.803,0.849,0.043,2.833333333,140.3367347,0.956515321,0.043484679,0.25,0.166666667,0,0,0.05420326,5.42,Retained,0,Lower Risk,0,0
1,0,0,0,0,0,0,0,1,0,0,46,1,5,41,1,0.636,0.73,0.43,3.416666667,66.28125,0.57000511,0.42999489,0.166666667,0.25,0,0,0.032184277,3.22,Retained,0,Lower Risk,0,0
0,0,0,0,1,0,0,0,0,1,0,26,0,0,13,3,0.671,0.462,0.222,1.083333333,44.98245614,0.777756173,0.222243827,0.333333333,0.25,0,0,0.069791578,6.98,Retained,0,Lower Risk,0,0
1,0,0,1,0,0,0,0,1,0,0,54,1,3,44,3,0.766,0.675,0,3.666666667,68.97014925,1,0,0.25,0.25,0,0,0.218495404,21.85,Retained,0,Lower Risk,0,0
0,0,0,0,0,0,0,1,1,0,0,47,0,2,35,3,0.712,0.895,0.543,2.916666667,48.40277778,0.456856427,0.543143573,0.166666667,0.25,0,0,0.043803643,4.38,Retained,0,Lower Risk,0,0
3,0,0,0,0,0,1,0,0,1,0,52,1,3,46,4,1.031,1.2,0,3.833333333,55.24242424,1,0,0.166666667,0.083333333,0,0,0.03129696,3.13,Retained,0,Lower Risk,0,0
3,0,0,1,0,0,0,0,1,0,0,51,1,3,46,1,0.817,0.768,0.121,3.833333333,90.04040404,0.878538037,0.121461963,0.083333333,0.25,0,0,0.02210298,2.21,Retained,0,Lower Risk,0,0
2,1,0,0,1,0,0,0,0,0,1,44,1,2,39,1,0.686,0.72,0.046,3.25,87.10465116,0.953615714,0.046384286,0.25,0.166666667,0,0,0.025334331,2.53,Retained,0,Lower Risk,0,0
3,0,0,0,1,0,0,0,1,0,0,39,1,4,25,6,1.568,1.167,0,2.083333333,80.38461538,1,0,0.25,0.166666667,0,0,0.394549763,39.45,Retained,0,Lower Risk,0,0
2,0,0,1,0,0,0,0,0,0,0,62,1,0,56,1,0.74,0.704,0.412,4.666666667,87.82608696,0.587579879,0.412420121,0.25,0.25,0,0,0.03966556,3.97,Retained,0,Lower Risk,0,0
3,0,0,1,0,0,0,0,1,0,0,48,1,5,35,4,0.662,0.867,0.262,2.916666667,58.32142857,0.73765227,0.26234773,0.25,0.25,0,0,0.029745372,2.97,Retained,0,Lower Risk,0,0
0,0,0,1,0,0,0,0,1,0,0,48,0,2,37,4,0.58,0.884,0,3.083333333,58.77777778,1,0,0.083333333,0.166666667,0,0,0.026819989,2.68,Retained,0,Lower Risk,0,0
1,0,0,0,0,0,0,1,1,0,0,43,1,3,32,3,0.558,0.605,0.12,2.666666667,55.69565217,0.880350274,0.119649726,0.25,0.083333333,0,0,0.025798954,2.58,Retained,0,Lower Risk,0,0
1,0,0,0,0,0,1,0,1,0,0,46,1,4,35,3,0.971,0.765,0.171,2.916666667,29.83333333,0.828833752,0.171166248,0.166666667,0.166666667,0,0,0.038965015,3.9,Retained,0,Lower Risk,0,0
2,0,0,0,0,0,1,0,0,1,0,42,1,3,30,4,0.558,0.61,0.156,2.5,48.8030303,0.844133944,0.155866056,0.25,0.166666667,0,0,0.095709503,9.57,Retained,0,Lower Risk,0,0
3,0,0,1,0,0,0,0,1,0,0,52,1,4,45,2,0.846,0.688,0.074,3.75,99.62962963,0.92626788,0.07373212,0.25,0.166666667,0,0,0.097689429,9.77,Retained,0,Lower Risk,0,0
0,0,0,1,0,0,0,0,0,1,0,30,0,0,36,5,0.582,0.788,0,3,43.38983051,1,0,0.25,0.25,1,0,0.290824912,29.08,Retained,0,Lower Risk,0,0
3,0,0,0,0,0,1,0,0,0,1,54,1,1,46,4,0.751,0.789,0.403,3.833333333,58.64705882,0.597215554,0.402784446,0.333333333,0.083333333,0,0,0.004577625,0.46,Retained,0,Lower Risk,0,0
0,0,1,0,0,0,0,0,0,0,1,41,0,2,36,4,0.594,0.721,0.522,3,51.31081081,0.47806774,0.52193226,0.166666667,0.083333333,0,0,0.006035911,0.6,Retained,0,Lower Risk,0,0
0,0,0,0,0,0,0,1,0,1,0,35,1,2,36,5,0.862,0.6,0,3,62.05,1,0,0.25,0.25,1,0,0.348034573,34.8,Retained,0,Lower Risk,0,0
4,0,0,0,0,1,0,0,1,0,0,57,1,4,51,4,0.709,0.649,0,4.25,31.44262295,1,0,0.25,0.166666667,0,0,0.151588953,15.16,Retained,0,Lower Risk,0,0
1,0,0,1,0,0,0,0,0,0,0,45,0,3,41,1,0.768,0.654,0,3.416666667,51.48837209,1,0,0.25,0.25,1,1,0.564288367,56.43,Churn,1,High Risk,0,0
1,0,0,0,0,1,0,0,0,0,1,47,0,3,36,6,0.85,0.634,0.331,3,68.62686567,0.668509676,0.331490324,0.166666667,0.083333333,0,0,0.006398867,0.64,Retained,0,Lower Risk,0,0
3,0,0,0,1,0,0,0,1,0,0,41,1,4,29,4,0.864,0.775,0.207,2.416666667,54.26760563,0.792907685,0.207092315,0.083333333,0.166666667,0,0,0.00847095,0.85,Retained,0,Lower Risk,0,0
4,0,0,0,1,0,0,0,1,0,0,42,1,3,36,3,1.41,0.649,0.071,3,58.14754098,0.929369388,0.070630612,0.166666667,0.083333333,0,0,0.003375934,0.34,Retained,0,Lower Risk,0,0
0,0,0,1,0,0,0,0,0,1,0,46,0,5,38,4,0.877,0.75,0.862,3.166666667,50.92307692,0.138263666,0.861736334,0.166666667,0.416666667,0,0,0.017297683,1.73,Retained,0,Lower Risk,0,0
0,0,0,0,1,0,0,0,0,1,0,45,0,2,37,4,1.301,0.966,0,3.083333333,48.43859649,1,0,0.333333333,0.166666667,0,0,0.016045073,1.6,Retained,0,Lower Risk,0,0
0,0,0,0,1,0,0,0,0,1,0,34,0,3,21,2,0.789,1,0,1.75,48.26785714,1,0,0.166666667,0.166666667,1,0,0.282666508,28.27,Retained,0,Lower Risk,0,0
1,0,0,0,0,0,0,0,0,1,0,37,0,1,32,4,0.812,0.659,0,2.666666667,60.60273973,1,0,0.25,0.166666667,0,0,0.150179366,15.02,Retained,0,Lower Risk,0,0
0,0,1,0,0,0,0,0,0,1,0,35,0,3,27,2,0.62,0.843,0,2.25,53.40425532,1,0,0.25,0.166666667,0,0,0.344932766,34.49,Retained,0,Lower Risk,0,0
3,0,0,0,1,0,0,0,1,0,0,49,1,2,32,4,0.982,1.35,0.027,2.666666667,78.21276596,0.972923033,0.027076967,0.25,0.083333333,0,0,0.103312612,10.33,Retained,0,Lower Risk,0,0
0,0,1,0,0,0,0,0,1,0,0,52,0,0,46,6,0.769,0.8,0,3.833333333,69.88888889,1,0,0.25,0.333333333,1,0,0.298838335,29.88,Retained,0,Lower Risk,0,0
0,0,0,1,0,0,0,0,0,1,0,51,0,3,46,4,1.202,0.703,0.552,3.833333333,49.23809524,0.448102679,0.551897321,0.25,0.083333333,0,0,0.003386577,0.34,Retained,0,Lower Risk,0,0
0,0,0,1,0,0,0,0,1,0,0,53,0,1,36,5,0.445,1,0.52,3,74.40909091,0.479958678,0.520041322,0.25,0.083333333,0,0,0.005193913,0.52,Retained,0,Lower Risk,0,0
3,0,0,0,0,0,0,1,1,0,0,38,1,2,18,6,1.158,1.3,0.679,1.5,53.19565217,0.320902394,0.679097606,0.166666667,0.083333333,0,0,0.00082862,0.08,Retained,0,Lower Risk,0,0
0,0,0,1,0,0,0,0,1,0,0,44,0,2,26,2,0.881,0.735,0.513,2.166666667,62.78823529,0.486540379,0.513459621,0.25,0.083333333,0,0,0.076177141,7.62,Retained,0,Lower Risk,0,0
3,1,0,1,0,0,0,0,0,1,0,42,1,4,38,2,0.86,0.717,0.066,3.166666667,82.54368932,0.934146483,0.065853517,0.25,0.083333333,0,0,0.021171102,2.12,Retained,0,Lower Risk,0,0
3,0,0,1,0,0,0,0,0,0,1,42,1,3,38,6,0.949,0.767,0.045,3.166666667,60.93421053,0.955045017,0.044954983,0.083333333,0.083333333,0,0,0.002033676,0.2,Retained,0,Lower Risk,0,0
3,0,0,0,0,0,0,0,0,1,0,46,1,2,38,2,0.451,0.6,0,3.166666667,44,1,0,0.166666667,0.25,1,1,0.880693967,88.07,Churn,1,High Risk,0,0
3,0,0,0,0,0,0,1,0,1,0,50,1,2,38,2,0.745,0.878,0.074,3.166666667,109.5584416,0.926099539,0.073900461,0.083333333,0.25,0,0,0.058764768,5.88,Retained,0,Lower Risk,0,0
3,0,1,0,0,0,0,0,1,0,0,48,1,3,41,3,0.715,0.769,0,3.416666667,61.97101449,1,0,0.333333333,0.25,0,0,0.155731727,15.57,Retained,0,Lower Risk,0,0
0,1,0,0,0,0,0,1,0,1,0,31,0,1,36,4,0.791,1.069,0,3,36.38333333,1,0,0.166666667,0.25,0,0,0.041266424,4.13,Retained,0,Lower Risk,0,0
0,0,0,0,0,0,0,1,1,0,0,44,0,0,34,1,0.637,0.743,0.14,2.833333333,117.9147287,0.859647189,0.140352811,0.25,0.25,0,0,0.093451618,9.35,Retained,0,Lower Risk,0,0
0,0,0,0,0,0,0,0,0,1,0,44,0,3,34,4,0.742,0.5,0.555,2.833333333,60.48888889,0.445482866,0.554517134,0.083333333,0.25,1,0,0.290426674,29.04,Retained,0,Lower Risk,0,0
2,0,0,0,0,0,0,1,1,0,0,44,1,4,30,5,0.971,0.882,0.319,2.5,36.09375,0.681275407,0.318724593,0.166666667,0.083333333,0,0,0.003326635,0.33,Retained,0,Lower Risk,0,0
1,0,0,0,0,0,0,1,1,0,0,48,1,3,35,6,0.857,0.714,0,2.916666667,70.85,1,0,0.333333333,0.25,0,0,0.326658795,32.67,Retained,0,Lower Risk,0,0
0,0,0,0,0,0,1,0,1,0,0,53,0,3,48,6,0.557,0.545,0.457,4,33.97058824,0.543173862,0.456826138,0.25,0.083333333,0,0,0.031666902,3.17,Retained,0,Lower Risk,0,0
0,0,1,0,0,0,0,0,0,1,0,34,0,2,13,5,0.946,0.763,0,1.083333333,38.1641791,1,0,0.166666667,0.083333333,0,0,0.026929356,2.69,Retained,0,Lower Risk,0,0
0,0,0,0,0,0,0,1,0,1,0,31,0,1,18,3,0.752,0.806,0.53,1.5,108.661157,0.47043248,0.52956752,0.25,0.083333333,0,0,0.186068748,18.61,Retained,0,Lower Risk,0,0
4,0,0,0,0,0,1,0,0,1,0,49,1,1,30,5,0.83,1,0,2.5,131.5147059,1,0,0.25,0.25,1,1,0.59859992,59.86,Churn,1,High Risk,0,0
0,0,0,0,1,0,0,0,0,1,0,51,0,3,41,1,0.622,0.638,0.779,3.416666667,47.64210526,0.220501703,0.779498297,0.25,0.333333333,0,1,0.788264227,78.83,Churn,1,High Risk,0,0
1,0,0,0,0,0,1,0,0,1,0,59,1,2,53,4,0.773,0.433,0.897,4.416666667,60.44186047,0.102630604,0.897369396,0.333333333,0.416666667,1,1,0.681065622,68.11,Churn,1,High Risk,0,0
0,0,0,0,1,0,0,0,1,0,0,51,0,1,40,4,0.426,0.478,0.425,3.333333333,36.14705882,0.575416828,0.424583172,0.083333333,0.083333333,0,0,0.017340646,1.73,Retained,0,Lower Risk,0,0
2,0,0,0,0,0,0,1,1,0,0,47,1,3,36,5,0.786,1.026,0.562,3,46.81012658,0.438089252,0.561910748,0.166666667,0.25,0,0,0.01546371,1.55,Retained,0,Lower Risk,0,0
2,0,0,1,0,0,0,0,0,1,0,46,1,4,38,3,0.543,1.118,0.572,3.166666667,38.13888889,0.427912341,0.572087659,0.166666667,0.25,0,0,0.110412675,11.04,Retained,0,Lower Risk,0,0
1,0,0,0,0,0,1,0,1,0,0,54,0,2,43,5,0.531,0.783,0,3.583333333,41.63414634,1,0,0.083333333,0.083333333,0,0,0.028149123,2.81,Retained,0,Lower Risk,0,0
0,0,0,0,0,0,0,0,0,1,0,54,0,4,44,3,0.608,0.804,0.868,3.666666667,57,0.132368149,0.867631851,0.166666667,0.25,0,0,0.037462885,3.75,Retained,0,Lower Risk,0,0
4,0,0,0,1,0,0,0,1,0,0,46,1,1,28,4,0.804,0.951,0.181,2.333333333,57.6125,0.818623482,0.181376518,0.25,0.25,0,0,0.018724474,1.87,Retained,0,Lower Risk,0,0
0,0,0,0,0,0,0,1,1,0,0,52,0,1,45,2,0.616,0.762,0,3.75,61.21621622,1,0,0,0.333333333,0,0,0.090163227,9.02,Retained,0,Lower Risk,0,0
0,0,0,0,0,0,0,0,0,0,0,44,0,3,38,5,0.734,0.632,0.723,3.166666667,54.93548387,0.276723277,0.723276723,0.166666667,0.25,0,0,0.091947304,9.19,Retained,0,Lower Risk,0,0
0,0,0,0,1,0,0,0,0,1,0,32,0,0,21,2,0.628,0.797,0.54,1.75,135.426087,0.460127029,0.539872971,0.083333333,0.25,0,0,0.007753935,0.78,Retained,0,Lower Risk,0,0
0,0,0,0,1,0,0,0,0,1,0,37,0,2,22,4,0.901,0.841,0.711,1.833333333,50.45679012,0.289215686,0.710784314,0.333333333,0.166666667,0,0,0.029578042,2.96,Retained,0,Lower Risk,0,0
3,2,0,0,0,0,1,0,0,0,0,41,1,4,36,6,0.742,0.763,0,3,60.85074627,1,0,0.166666667,0.166666667,0,0,0.031671178,3.17,Retained,0,Lower Risk,0,0
3,0,0,0,0,0,0,1,1,0,0,48,1,2,37,4,0.667,0.769,0,3.083333333,51.01449275,1,0,0.25,0.25,0,0,0.181405048,18.14,Retained,0,Lower Risk,0,0
1,1,0,1,0,0,0,0,0,1,0,44,1,3,29,5,0.532,0.902,0.045,2.416666667,50.84615385,0.955061983,0.044938017,0.25,0.083333333,0,0,0.010197669,1.02,Retained,0,Lower Risk,0,0
2,0,0,0,1,0,0,0,0,1,0,55,1,3,47,3,0.834,0.764,0.6,3.916666667,50.2371134,0.399500624,0.600499376,0.166666667,0.166666667,0,0,0.015548727,1.55,Retained,0,Lower Risk,0,0
0,0,0,0,0,0,0,1,0,1,0,47,0,1,37,4,0.81,0.406,0.274,3.083333333,60.84444444,0.725724804,0.274275196,0.083333333,0.166666667,1,0,0.439953518,44,Retained,0,Lower Risk,0,0
0,0,0,0,0,0,0,0,0,1,0,38,0,1,28,2,0.776,0.735,0.295,2.333333333,124.8305085,0.704520874,0.295479126,0.166666667,0.166666667,0,0,0.06139445,6.14,Retained,0,Lower Risk,0,0
0,0,0,0,1,0,0,0,0,1,0,60,1,1,50,4,0.978,1.294,0,4.166666667,115,1,0,0.416666667,0.333333333,1,1,0.987382568,98.74,Churn,1,High Risk,0,0
1,0,0,1,0,0,0,0,0,1,0,64,0,0,56,6,0.516,0.605,0,4.666666667,58.23188406,1,0,0.083333333,0.166666667,0,0,0.041020867,4.1,Retained,0,Lower Risk,0,0
3,0,0,0,0,0,1,0,0,1,0,45,1,5,38,3,1.193,0.7,0.104,3.166666667,63.17647059,0.895767196,0.104232804,0.333333333,0.333333333,0,0,0.063024302,6.3,Retained,0,Lower Risk,0,0
3,1,0,1,0,0,0,0,0,1,0,59,1,0,36,5,1.229,0.585,0.043,3,50.13846154,0.956715726,0.043284274,0.25,0.25,0,0,0.038096527,3.81,Retained,0,Lower Risk,0,0
3,0,0,0,0,0,0,0,0,1,0,46,1,2,41,4,0.755,0.609,0.108,3.416666667,35.48648649,0.891665892,0.108334108,0,0.166666667,0,0,0.010548821,1.05,Retained,0,Lower Risk,0,0
3,1,0,1,0,0,0,0,1,0,0,46,1,2,35,6,0.549,0.667,0.036,2.916666667,41.625,0.96419052,0.03580948,0.166666667,0.25,0,0,0.085287355,8.53,Retained,0,Lower Risk,0,0
2,0,0,0,0,0,1,0,1,0,0,38,1,0,19,3,0.673,0.667,0.663,1.583333333,33.35555556,0.337245213,0.662754787,0.25,0.083333333,0,0,0.03447351,3.45,Retained,0,Lower Risk,0,0
0,0,0,0,1,0,0,0,1,0,0,38,0,3,28,4,0.922,0.696,0.775,2.333333333,47.35897436,0.224640657,0.775359343,0.25,0.166666667,0,0,0.041366595,4.14,Retained,0,Lower Risk,0,0
3,0,0,0,0,0,1,0,1,0,0,43,1,2,24,2,0.803,0.797,0.088,2,133.0521739,0.912221756,0.087778244,0.166666667,0.166666667,0,0,0.062948856,6.29,Retained,0,Lower Risk,0,0
0,0,0,1,0,0,0,0,1,0,0,45,0,3,41,5,1.036,0.829,0.763,3.416666667,69.40625,0.237306446,0.762693554,0.166666667,0.333333333,0,0,0.048518077,4.85,Retained,0,Lower Risk,0,0
1,0,0,1,0,0,0,0,0,1,0,44,0,4,30,3,0.463,0.538,0,2.5,38.95,1,0,0.333333333,0.333333333,1,1,0.852091165,85.21,Churn,1,High Risk,0,0
1,0,0,1,0,0,0,0,1,0,0,38,0,4,33,4,0.648,0.478,0,2.75,62.76470588,1,0,0.083333333,0.25,1,1,0.633545504,63.35,Churn,1,High Risk,0,0
0,0,0,0,0,0,0,0,1,0,0,40,0,3,36,4,0.815,0.766,0.181,3,51.5060241,0.81873572,0.18126428,0.333333333,0.166666667,0,0,0.053422798,5.34,Retained,0,Lower Risk,0,0
0,0,0,0,0,0,0,0,0,0,0,41,0,2,36,3,0.408,0.667,0.164,3,50.84444444,0.836201402,0.163798598,0.333333333,0.25,1,0,0.370984959,37.1,Retained,0,Lower Risk,0,0
1,0,0,1,0,0,0,0,0,1,0,47,1,3,34,4,0.799,0.767,0.053,2.833333333,103.5394737,0.947428053,0.052571947,0.25,0.25,1,0,0.311464366,31.15,Retained,0,Lower Risk,0,0
2,0,0,0,0,0,0,1,0,1,0,44,1,1,33,3,0.212,0.107,0,2.75,49.38709677,1,0,0.333333333,0.166666667,1,1,0.922632682,92.26,Churn,1,High Risk,0,0
0,0,0,1,0,0,0,0,0,1,0,45,1,5,36,4,0.71,0.639,0.542,3,60.03389831,0.457689478,0.542310522,0.083333333,0.166666667,0,0,0.006327456,0.63,Retained,0,Lower Risk,0,0
1,0,0,1,0,0,0,0,1,0,0,53,0,1,36,4,0.618,0.619,0.778,3,72.64705882,0.221732746,0.778267254,0.166666667,0.083333333,0,0,0.006577492,0.66,Retained,0,Lower Risk,0,0
0,0,0,1,0,0,0,0,1,0,0,45,0,5,36,4,0.504,0.5,0.453,3,62.26388889,0.54696374,0.45303626,0.166666667,0.083333333,0,0,0.025139603,2.51,Retained,0,Lower Risk,0,0
4,0,0,0,0,0,1,0,1,0,0,49,1,4,38,2,0.727,0.804,0.064,3.166666667,92.96385542,0.936390922,0.063609078,0.083333333,0.25,0,0,0.02882848,2.88,Retained,0,Lower Risk,0,0
4,1,0,0,0,0,0,1,0,1,0,51,1,2,31,2,0.875,0.825,0.017,2.583333333,130.1346154,0.983051339,0.016948661,0.166666667,0.166666667,0,0,0.401986628,40.2,Retained,0,Lower Risk,0,0
4,1,0,1,0,0,0,0,1,0,0,50,1,1,38,4,0.625,1.321,0.055,3.166666667,58.89230769,0.944518484,0.055481516,0.25,0.25,0,0,0.021383913,2.14,Retained,0,Lower Risk,0,0
3,0,0,0,0,0,0,0,1,0,0,35,1,2,36,5,0.997,0.425,0.098,3,36.47368421,0.902087833,0.097912167,0.333333333,0.166666667,0,0,0.035917057,3.59,Retained,0,Lower Risk,0,0
0,1,0,1,0,0,0,0,0,0,0,49,0,1,43,1,0.725,0.821,0.034,3.583333333,55.50704225,0.966305482,0.033694518,0.083333333,0.25,0,0,0.05710231,5.71,Retained,0,Lower Risk,0,0
0,0,0,0,0,0,1,0,0,1,0,63,0,1,55,4,0.806,0.659,0.032,4.583333333,64.20588235,0.968121628,0.031878372,0.083333333,0.25,0,0,0.034438131,3.44,Retained,0,Lower Risk,0,0
3,0,0,1,0,0,0,0,1,0,0,33,1,3,36,6,0.401,0.2,0,3,50.88888889,1,0,0.416666667,0.25,1,1,0.89703228,89.7,Churn,1,High Risk,0,0
3,0,0,0,1,0,0,0,1,0,0,40,1,3,36,2,0.615,0.697,0,3,37.60714286,1,0,0.333333333,0.25,1,1,0.960938475,96.09,Churn,1,High Risk,0,0
0,0,0,1,0,0,0,0,1,0,0,44,0,4,34,6,0.656,0.914,0,2.833333333,62.53731343,1,0,0.166666667,0.333333333,0,0,0.051590576,5.16,Retained,0,Lower Risk,0,0
2,0,0,0,0,0,1,0,1,0,0,52,1,0,36,3,0.685,0.286,0.035,3,40.81481481,0.965096831,0.034903169,0.166666667,0.25,0,0,0.313164925,31.32,Retained,0,Lower Risk,0,0
0,0,1,0,0,0,0,0,0,0,1,54,0,3,36,3,0.499,0.29,0,3,39.95,1,0,0.333333333,0.25,1,1,0.915513401,91.55,Churn,1,High Risk,0,0
0,0,0,0,0,0,0,0,0,1,0,47,0,2,40,4,0.683,0.525,0.608,3.333333333,46.56666667,0.391839016,0.608160984,0.25,0.25,0,0,0.454791283,45.48,Retained,0,Lower Risk,0,0
0,0,0,0,0,0,0,1,0,0,1,30,1,1,13,1,0.85,0.785,0.47,1.083333333,135.0862069,0.529691211,0.470308789,0.083333333,0.25,0,0,0.009846543,0.98,Retained,0,Lower Risk,0,0
0,0,0,0,0,0,0,0,0,1,0,43,0,3,30,3,0.624,0.681,0.658,2.5,64.53164557,0.342066238,0.657933762,0.166666667,0.25,0,0,0.05674623,5.67,Retained,0,Lower Risk,0,0
1,2,0,0,0,0,0,0,0,0,0,52,0,2,43,2,0.721,0.724,0.088,3.583333333,152.81,0.911846879,0.088153121,0.25,0.166666667,0,0,0.019359803,1.94,Retained,0,Lower Risk,0,0
0,0,0,0,0,0,1,0,0,0,0,40,0,4,35,2,0.84,0.933,0.569,2.916666667,102.7011494,0.430929234,0.569070766,0.25,0.25,1,0,0.25501076,25.5,Retained,0,Lower Risk,0,0
0,0,0,1,0,0,0,0,0,0,0,41,0,4,37,5,0.533,0.675,0.187,3.083333333,54.74626866,0.813267485,0.186732515,0.333333333,0.083333333,0,0,0.01469082,1.47,Retained,0,Lower Risk,0,0
0,1,0,1,0,0,0,0,1,0,0,49,0,1,36,2,0.99,0.905,0,3,119.05,1,0,0.25,0.25,1,1,0.76449151,76.45,Churn,1,High Risk,0,0
2,0,0,1,0,0,0,0,1,0,0,42,1,1,33,6,0.578,0.676,0.067,2.75,65.53225806,0.93282843,0.06717157,0.25,0.166666667,0,0,0.023010345,2.3,Retained,0,Lower Risk,0,0
0,1,0,0,0,0,1,0,0,0,1,45,0,4,30,5,0.695,0.48,0.15,2.5,48.51351351,0.850354124,0.149645876,0.166666667,0.166666667,0,0,0.364895257,36.49,Retained,0,Lower Risk,0,0
0,0,0,0,1,0,0,0,0,1,0,54,0,1,36,2,0.631,0.81,0.128,3,130.2952381,0.872383775,0.127616225,0.25,0.166666667,0,0,0.048663465,4.87,Retained,0,Lower Risk,0,0
3,0,0,1,0,0,0,0,1,0,0,36,1,1,32,4,1.28,0.724,0.094,2.666666667,58.32,0.905539773,0.094460227,0.25,0.333333333,0,0,0.006600147,0.66,Retained,0,Lower Risk,0,0
0,0,0,0,0,0,0,0,1,0,0,39,0,3,36,4,1.26,1.286,0.671,3,52.90625,0.329091707,0.670908293,0,0.166666667,0,0,0.000738289,0.07,Retained,0,Lower Risk,0,0
3,0,0,1,0,0,0,0,0,1,0,50,1,2,38,4,0.987,0.5,0.05,3.166666667,46.13043478,0.949647482,0.050352518,0.083333333,0.083333333,0,0,0.035771196,3.58,Retained,0,Lower Risk,0,0
1,0,0,0,0,1,0,0,1,0,0,32,0,2,24,5,0.638,0.659,0.758,2,66.89705882,0.242112041,0.757887959,0.083333333,0.25,0,0,0.016168371,1.62,Retained,0,Lower Risk,0,0
4,0,0,0,1,0,0,0,1,0,0,49,1,2,39,2,1.036,0.659,0.081,3.25,78.91176471,0.918985829,0.081014171,0.166666667,0.25,1,0,0.250834144,25.08,Retained,0,Lower Risk,0,0
0,0,0,0,1,0,0,0,0,1,0,41,0,4,31,3,0.67,0.5,0,2.583333333,33.48717949,1,0,0,0.083333333,0,0,0.073419162,7.34,Retained,0,Lower Risk,0,0
1,1,0,0,0,1,0,0,1,0,0,41,1,4,30,6,1.004,0.833,0.136,2.5,49.89393939,0.863542048,0.136457952,0.25,0.25,0,0,0.007810014,0.78,Retained,0,Lower Risk,0,0
1,0,0,0,0,0,1,0,1,0,0,29,1,1,23,1,0.751,0.869,0.215,1.916666667,130.8070175,0.785197005,0.214802995,0.083333333,0.25,0,0,0.007023986,0.7,Retained,0,Lower Risk,0,0
0,0,0,0,0,0,1,0,0,1,0,57,0,2,50,5,0.823,0.654,0,4.166666667,59.86046512,1,0,0.25,0,1,1,0.700621163,70.06,Churn,1,High Risk,0,0
2,0,0,0,1,0,0,0,0,1,0,50,1,2,40,5,0.542,0.488,0.115,3.333333333,72.1875,0.884932921,0.115067079,0.25,0.166666667,0,0,0.161770162,16.18,Retained,0,Lower Risk,0,0
1,0,0,1,0,0,0,0,1,0,0,37,1,3,36,6,0.775,0.5,0.417,3,63.43333333,0.583162743,0.416837257,0.083333333,0.333333333,0,0,0.072237169,7.22,Retained,0,Lower Risk,0,0
0,0,0,0,0,0,1,0,1,0,0,40,0,2,36,3,0.487,0.435,0,3,44.96969697,1,0,0.25,0.166666667,1,1,0.877307001,87.73,Churn,1,High Risk,0,0
4,0,0,0,1,0,0,0,0,1,0,42,1,4,35,5,1.095,0.711,0.048,2.916666667,45.15384615,0.951964306,0.048035694,0.166666667,0.166666667,0,0,0.006967028,0.7,Retained,0,Lower Risk,0,0
1,0,0,1,0,0,0,0,1,0,0,42,0,4,27,3,0.48,0.854,0.545,2.25,50.96052632,0.455384615,0.544615385,0.083333333,0.083333333,0,0,0.006396239,0.64,Retained,0,Lower Risk,0,0
3,0,0,1,0,0,0,0,1,0,0,45,1,2,36,1,0.572,0.714,0.817,3,59.95833333,0.183057449,0.816942551,0.083333333,0.333333333,0,0,0.034160948,3.42,Retained,0,Lower Risk,0,0
0,0,0,0,0,1,0,0,1,0,0,45,0,5,29,5,0.576,0.814,0.267,2.416666667,62.66666667,0.733463796,0.266536204,0.083333333,0.25,0,0,0.011549279,1.15,Retained,0,Lower Risk,0,0
2,1,0,0,0,0,1,0,0,1,0,55,1,1,46,4,0.639,0.879,0,3.833333333,48.32258065,1,0,0.333333333,0.166666667,0,0,0.063934073,6.39,Retained,0,Lower Risk,0,0
0,0,0,0,0,0,0,1,0,0,0,49,0,4,45,3,0.769,0.756,0.744,3.75,65.97222222,0.256118384,0.743881616,0.25,0.25,0,0,0.054517385,5.45,Retained,0,Lower Risk,0,0
1,0,0,0,1,0,0,0,0,1,0,38,0,1,36,1,0.602,0.882,0.514,3,73.609375,0.486499069,0.513500931,0.25,0.166666667,0,0,0.024201275,2.42,Retained,0,Lower Risk,0,0
3,0,0,0,0,0,1,0,1,0,0,46,1,2,38,6,0.837,0.524,0.063,3.166666667,52.25,0.937275466,0.062724534,0.166666667,0.25,0,0,0.110339308,11.03,Retained,0,Lower Risk,0,0
3,0,0,0,1,0,0,0,1,0,0,45,1,4,40,6,0.492,0.758,0.211,3.333333333,56.17241379,0.788878417,0.211121583,0.25,0.166666667,0,0,0.020458846,2.05,Retained,0,Lower Risk,0,0
1,0,0,0,0,0,0,0,1,0,0,44,0,4,27,1,0.726,0.853,0.791,2.25,63.76190476,0.209236569,0.790763431,0.166666667,0.083333333,0,0,0.010468926,1.05,Retained,0,Lower Risk,0,0
2,0,0,1,0,0,0,0,0,1,0,54,1,2,44,6,0.76,0.719,0,3.666666667,77.05454545,1,0,0.166666667,0.25,0,0,0.144668007,14.47,Retained,0,Lower Risk,0,0
1,0,0,0,0,0,0,1,0,1,0,45,1,3,40,3,0.519,0.525,0.345,3.333333333,65.80327869,0.655245496,0.344754504,0.25,0.333333333,0,0,0.484043147,48.4,Retained,0,Lower Risk,0,0
0,0,0,1,0,0,0,0,0,1,0,54,0,3,36,1,0.883,0.947,0.629,3,65.59459459,0.371378092,0.628621908,0.083333333,0.25,0,0,0.066671749,6.67,Retained,0,Lower Risk,0,0
3,0,0,1,0,0,0,0,0,0,1,49,1,2,38,3,0.482,0.346,0,3.166666667,45.48571429,1,0,0.25,0.333333333,1,1,0.801856137,80.19,Churn,1,High Risk,0,0
3,0,0,0,0,0,0,1,0,1,0,30,1,0,25,5,0.786,0.725,0.396,2.083333333,28.01136364,0.604437102,0.395562898,0.166666667,0.166666667,0,0,0.014076074,1.41,Retained,0,Lower Risk,0,0
0,0,0,1,0,0,0,0,1,0,0,43,0,2,35,3,0.775,0.492,0.152,2.916666667,56.82954545,0.84799609,0.15200391,0.25,0.083333333,0,0,0.155683478,15.57,Retained,0,Lower Risk,0,0
2,0,0,1,0,0,0,0,0,0,1,45,1,4,33,1,0.933,0.655,0.223,2.75,143.40625,0.77739331,0.22260669,0.083333333,0.416666667,0,0,0.014109538,1.41,Retained,0,Lower Risk,0,0
3,0,0,0,0,0,1,0,1,0,0,45,1,3,38,3,0.629,0.257,0,3.166666667,58.77272727,1,0,0.25,0.25,1,1,0.901403732,90.14,Churn,1,High Risk,0,0
2,0,0,0,1,0,0,0,0,1,0,55,1,4,51,4,0.482,0.7,0.776,4.25,37.45098039,0.223888056,0.776111944,0.333333333,0.083333333,0,0,0.014692302,1.47,Retained,0,Lower Risk,0,0
0,0,0,0,0,0,0,0,0,1,0,53,0,1,35,3,0.632,0.532,0.369,2.916666667,59.65277778,0.630942788,0.369057212,0.333333333,0.166666667,0,0,0.302336298,30.23,Retained,0,Lower Risk,0,0
2,0,0,1,0,0,0,0,0,1,0,59,1,2,42,3,0.605,0.622,0.083,3.5,48.09589041,0.917498655,0.082501345,0.166666667,0.166666667,0,0,0.060346964,6.03,Retained,0,Lower Risk,0,0
3,0,0,1,0,0,0,0,1,0,0,43,1,1,37,4,0.769,0.294,0.013,3.083333333,57,0.987420151,0.012579849,0.25,0.166666667,1,1,0.821853284,82.19,Churn,1,High Risk,0,0
3,0,0,0,0,0,0,0,1,0,0,49,1,5,37,3,0.77,0.68,0,3.083333333,54.46428571,1,0,0.166666667,0.166666667,0,0,0.114288366,11.43,Retained,0,Lower Risk,0,0
0,0,1,0,0,0,0,0,0,1,0,53,0,3,43,3,0.595,0.429,0.823,3.583333333,53.2,0.176536313,0.823463687,0.166666667,0.25,1,1,0.744168331,74.42,Churn,1,High Risk,0,0
0,0,0,0,0,0,1,0,0,1,0,51,0,4,37,4,0.738,1,0.842,3.083333333,50.5,0.157507082,0.842492918,0.166666667,0.333333333,0,0,0.022336478,2.23,Retained,0,Lower Risk,0,0
1,0,0,1,0,0,0,0,1,0,0,44,1,4,38,5,0.813,0.5,0.384,3.166666667,44.9,0.61647102,0.38352898,0.25,0.166666667,0,0,0.116571042,11.66,Retained,0,Lower Risk,0,0
2,0,0,0,0,0,0,1,1,0,0,54,1,3,39,4,1.042,0.972,0.126,3.25,58.23943662,0.874291115,0.125708885,0.333333333,0.25,0,0,0.038565859,3.86,Retained,0,Lower Risk,0,0
1,0,0,0,0,0,0,1,0,1,0,55,0,3,32,5,0.724,0.667,0.801,2.666666667,51.8,0.19911859,0.80088141,0.333333333,0.25,1,0,0.132248952,13.22,Retained,0,Lower Risk,0,0
0,0,0,0,0,0,0,0,0,1,0,38,0,4,27,2,0.721,0.717,0,2.25,57.7721519,1,0,0.25,0.25,0,0,0.25892335,25.89,Retained,0,Lower Risk,0,0
0,0,0,1,0,0,0,0,1,0,0,50,0,0,43,4,0.784,0.745,0.626,3.583333333,57.98780488,0.373589636,0.626410364,0.166666667,0.083333333,0,0,0.002153469,0.22,Retained,0,Lower Risk,0,0
1,1,0,0,0,0,1,0,0,0,1,41,0,4,36,3,0.682,0.62,0,3,95.87654321,1,0,0.25,0.166666667,0,0,0.203456945,20.35,Retained,0,Lower Risk,0,0
0,0,0,1,0,0,0,0,1,0,0,47,0,2,34,5,1.052,1.385,0.521,2.833333333,37.12903226,0.479087452,0.520912548,0.166666667,0.166666667,0,0,0.00766522,0.77,Retained,0,Lower Risk,0,0
3,2,0,1,0,0,0,0,1,0,0,51,1,3,36,2,0.716,0.571,0.022,3,85.21590909,0.977952254,0.022047746,0.25,0.083333333,0,0,0.032021852,3.2,Retained,0,Lower Risk,0,0
0,0,0,0,0,0,0,1,0,1,0,43,0,3,36,2,0.777,0.607,0.333,3,88.11111111,0.667186282,0.332813718,0.166666667,0.166666667,0,0,0.029138204,2.91,Retained,0,Lower Risk,0,0
0,0,0,0,0,0,1,0,1,0,0,49,0,3,36,5,0.929,0.66,0,3,47.78409091,1,0,0.333333333,0.25,0,0,0.225683444,22.57,Retained,0,Lower Risk,0,0
0,0,0,0,0,0,0,0,1,0,0,46,0,4,38,3,1.279,1.077,0.21,3.166666667,48.74074074,0.790001126,0.209998874,0.25,0.25,0,0,0.020895794,2.09,Retained,0,Lower Risk,0,0
0,0,0,0,0,0,1,0,1,0,0,42,0,5,29,3,0.605,0.49,0.689,2.416666667,59.40789474,0.311413043,0.688586957,0.25,0.166666667,0,0,0.400710637,40.07,Retained,0,Lower Risk,0,0
4,0,0,1,0,0,0,0,1,0,0,43,1,5,36,6,0.726,0.8,0.097,3,144.1212121,0.902527399,0.097472601,0.333333333,0.166666667,0,0,0.049866001,4.99,Retained,0,Lower Risk,0,0
3,0,0,0,0,1,0,0,1,0,0,47,1,4,30,3,0.752,0.589,0.087,2.5,95.73033708,0.912914863,0.087085137,0.083333333,0.25,0,0,0.05565742,5.57,Retained,0,Lower Risk,0,0
1,0,0,1,0,0,0,0,1,0,0,46,0,3,38,2,0.844,0.81,0.083,3.166666667,121.2192982,0.917248952,0.082751048,0.25,0.25,0,0,0.294309894,29.43,Retained,0,Lower Risk,0,0
2,0,0,0,1,0,0,0,0,0,0,44,1,3,36,4,0.942,0.919,0.06,3,52.84507042,0.940311532,0.059688468,0.083333333,0.25,0,0,0.007758956,0.78,Retained,0,Lower Risk,0,0
3,0,0,1,0,0,0,0,1,0,0,44,1,3,36,3,0.69,0.867,0.029,3,48.66666667,0.970544689,0.029455311,0.166666667,0.25,0,0,0.095534912,9.55,Retained,0,Lower Risk,0,0
4,0,0,0,0,0,0,0,0,0,0,43,1,2,37,4,0.536,0.357,0,3.083333333,36.05263158,1,0,0.166666667,0.083333333,1,0,0.181049184,18.1,Retained,0,Lower Risk,0,0
3,0,0,1,0,0,0,0,0,1,0,40,1,2,24,5,1.284,0.938,0.82,2,50.25806452,0.180387409,0.819612591,0,0.083333333,0,0,0.000333112,0.03,Retained,0,Lower Risk,0,0
1,0,0,0,0,0,1,0,1,0,0,36,1,4,28,3,0.825,0.32,0.266,2.333333333,50.39393939,0.733889662,0.266110338,0.333333333,0.083333333,0,0,0.105178299,10.52,Retained,0,Lower Risk,0,0
0,0,0,0,1,0,0,0,1,0,0,35,0,1,28,6,1.189,1.073,0.679,2.333333333,56.94117647,0.320725857,0.679274143,0.166666667,0,0,0,0.002299279,0.23,Retained,0,Lower Risk,0,0
2,0,0,0,1,0,0,0,1,0,0,42,1,5,32,1,0.719,0.923,0.394,2.666666667,52.89333333,0.605718405,0.394281595,0.166666667,0.166666667,0,0,0.023971517,2.4,Retained,0,Lower Risk,0,0
3,0,0,0,0,0,0,0,0,1,0,32,1,3,21,4,0.946,0.341,0,1.75,41.98305085,1,0,0.416666667,0.25,0,0,0.406026118,40.6,Retained,0,Lower Risk,0,0
3,1,0,1,0,0,0,0,0,1,0,50,1,2,35,1,0.742,0.729,0,2.916666667,93.31325301,1,0,0.25,0.166666667,0,0,0.172546896,17.25,Retained,0,Lower Risk,0,0
3,0,0,0,0,0,1,0,0,1,0,38,1,2,32,6,0.658,0.891,0.789,2.666666667,48.68965517,0.211466165,0.788533835,0.25,0.166666667,0,0,0.012657391,1.27,Retained,0,Lower Risk,0,0
0,0,0,1,0,0,0,0,0,0,1,40,0,5,27,4,0.984,0.553,0,2.25,60.23287671,1,0,0.083333333,0.166666667,0,0,0.361251385,36.13,Retained,0,Lower Risk,0,0
1,0,0,1,0,0,0,0,0,0,0,53,0,4,45,5,0.825,0.592,0.72,3.75,66.92307692,0.280498664,0.719501336,0.083333333,0.25,0,0,0.057099566,5.71,Retained,0,Lower Risk,0,0
1,0,0,0,0,0,0,1,1,0,0,52,0,1,45,5,0.601,0.911,0.582,3.75,47.52325581,0.417752948,0.582247052,0.083333333,0.083333333,0,0,0.001210184,0.12,Retained,0,Lower Risk,0,0
1,0,0,0,1,0,0,0,1,0,0,64,0,1,56,4,0.693,0.591,0,4.666666667,40.48571429,1,0,0.333333333,0.166666667,0,0,0.251053699,25.11,Retained,0,Lower Risk,0,0
1,0,0,0,1,0,0,0,0,0,0,60,1,1,53,2,0.658,0.629,0.194,4.416666667,76.22772277,0.806489487,0.193510513,0.25,0.25,0,0,0.081593855,8.16,Retained,0,Lower Risk,0,0
2,0,0,0,0,0,0,0,0,1,0,41,1,3,36,3,0.975,0.81,0.063,3,144.1904762,0.936543422,0.063456578,0.083333333,0.25,0,0,0.267464999,26.75,Retained,0,Lower Risk,0,0
1,0,0,0,0,0,0,1,1,0,0,44,1,3,36,4,0.793,1.111,0.673,3,69.56140351,0.326756117,0.673243883,0.083333333,0.166666667,0,0,0.002913874,0.29,Retained,0,Lower Risk,0,0
0,0,0,0,0,1,0,0,1,0,0,52,0,4,36,5,0.472,0.667,0,3,71.58461538,1,0,0.25,0.25,0,0,0.373286306,37.33,Retained,0,Lower Risk,0,0
0,0,0,0,1,0,0,0,1,0,0,49,0,3,45,3,0.765,0.565,0.826,3.75,69.97222222,0.174178245,0.825821755,0.25,0.166666667,1,0,0.154799207,15.48,Retained,0,Lower Risk,0,0
2,2,0,0,0,1,0,0,0,1,0,42,1,1,36,1,0.767,0.552,0.066,3,83.16666667,0.934059567,0.065940433,0.166666667,0.083333333,0,0,0.005739386,0.57,Retained,0,Lower Risk,0,0
2,0,0,0,0,0,0,0,0,1,0,57,1,3,36,6,0.826,0.8,0,3,53.9047619,1,0,0.166666667,0.25,0,0,0.07271545,7.27,Retained,0,Lower Risk,0,0
0,0,0,1,0,0,0,0,1,0,0,47,0,1,34,3,0.757,0.593,0.65,2.833333333,53.63953488,0.349935733,0.650064267,0.166666667,0.166666667,0,0,0.080528369,8.05,Retained,0,Lower Risk,0,0
3,0,0,0,1,0,0,0,0,1,0,57,1,3,38,4,0.791,0.688,0.081,3.166666667,61.05555556,0.918818605,0.081181395,0.083333333,0.25,0,0,0.02030934,2.03,Retained,0,Lower Risk,0,0
1,0,0,0,0,0,1,0,0,1,0,45,0,2,37,6,0.528,0.68,0.654,3.083333333,40.80952381,0.345986556,0.654013444,0.25,0.083333333,0,0,0.03623342,3.62,Retained,0,Lower Risk,0,0
0,0,0,0,0,0,0,1,1,0,0,40,0,4,30,6,0.563,0.604,0.495,2.5,57.85714286,0.505299145,0.494700855,0.166666667,0.25,0,0,0.098778058,9.88,Retained,0,Lower Risk,0,0
1,0,0,1,0,0,0,0,1,0,0,54,0,2,41,3,0.735,0.688,0.16,3.416666667,133.7692308,0.840260799,0.159739201,0.25,0.083333333,0,0,0.005280439,0.53,Retained,0,Lower Risk,0,0
0,0,0,0,0,0,1,0,1,0,0,52,0,1,36,6,0.523,1.081,0,3,58.27272727,1,0,0.083333333,0.083333333,0,0,0.00687996,0.69,Retained,0,Lower Risk,0,0
3,1,0,1,0,0,0,0,0,0,1,31,1,2,22,2,0.839,0.69,0.052,1.833333333,144.744898,0.948429714,0.051570286,0.166666667,0.25,0,0,0.046946553,4.69,Retained,0,Lower Risk,0,0
4,0,0,0,0,0,0,1,0,0,1,46,1,2,37,3,0.689,0.595,0.468,3.083333333,61.22033898,0.53192848,0.46807152,0.333333333,0.166666667,0,0,0.093026219,9.3,Retained,0,Lower Risk,0,0
2,0,1,0,0,0,0,0,1,0,0,47,1,3,36,6,0.887,0.64,0.766,3,64.09756098,0.233585859,0.766414141,0.083333333,0.25,1,0,0.027937751,2.79,Retained,0,Lower Risk,0,0
0,0,0,1,0,0,0,0,1,0,0,29,1,1,18,4,0.771,0.762,0.232,1.5,46.43243243,0.767896679,0.232103321,0.333333333,0.083333333,0,0,0.024148146,2.41,Retained,0,Lower Risk,0,0
3,0,0,0,0,0,0,1,0,0,1,43,1,3,38,6,0.674,0.688,0.085,3.166666667,60.14814815,0.914881069,0.085118931,0.25,0.166666667,0,0,0.022960369,2.3,Retained,0,Lower Risk,0,0
3,0,0,0,1,0,0,0,0,1,0,49,1,0,39,2,0.785,0.815,0.581,3.25,87.93877551,0.418730302,0.581269698,0.25,0.083333333,0,0,0.007708267,0.77,Retained,0,Lower Risk,0,0
1,1,0,0,0,0,0,1,1,0,0,39,0,0,34,3,0.761,0.577,0,2.833333333,59.95121951,1,0,0.25,0,1,1,0.529753713,52.98,Churn,1,High Risk,0,0
4,0,0,1,0,0,0,0,0,0,1,43,1,3,36,6,0.936,0.7,0,3,55.66176471,1,0,0.166666667,0.083333333,0,0,0.014434142,1.44,Retained,0,Lower Risk,0,0
1,0,0,0,0,0,1,0,0,0,0,54,1,2,34,4,0.689,0.529,0.25,2.833333333,49.76923077,0.749960858,0.250039142,0.333333333,0.25,0,0,0.304244828,30.42,Retained,0,Lower Risk,0,0
0,0,0,0,0,0,1,0,1,0,0,50,0,4,40,4,0.771,0.667,0.577,3.333333333,63.73846154,0.422894168,0.577105832,0.25,0.083333333,0,0,0.005988909,0.6,Retained,0,Lower Risk,0,0
0,0,0,0,0,0,0,1,1,0,0,49,0,1,31,5,0.636,0.7,0.152,2.583333333,50.95294118,0.848092405,0.151907595,0.083333333,0.166666667,0,0,0.01889989,1.89,Retained,0,Lower Risk,0,0
2,0,0,1,0,0,0,0,1,0,0,51,1,2,32,6,0.962,0.738,0,2.666666667,50.68493151,1,0,0.333333333,0.25,0,0,0.106912851,10.69,Retained,0,Lower Risk,0,0
1,0,0,0,0,0,0,0,1,0,0,39,0,4,28,4,0.633,0.5,0.289,2.333333333,48.08888889,0.710505529,0.289494471,0.333333333,0.166666667,1,0,0.437877656,43.79,Retained,0,Lower Risk,0,0
2,0,0,0,0,0,1,0,0,0,0,42,1,1,30,3,0.748,0.773,0.102,2.5,51.74358974,0.89811524,0.10188476,0.166666667,0.166666667,0,0,0.020832571,2.08,Retained,0,Lower Risk,0,0
0,0,0,0,0,0,1,0,1,0,0,44,0,4,26,4,0.544,0.628,0.328,2.166666667,52.25714286,0.671815489,0.328184511,0.166666667,0.083333333,0,0,0.020971755,2.1,Retained,0,Lower Risk,0,0
2,0,0,0,0,1,0,0,0,1,0,49,1,3,42,2,1.043,0.559,0,3.5,97.11320755,1,0,0.166666667,0.333333333,1,1,0.960660244,96.07,Churn,1,High Risk,0,0
2,0,0,0,1,0,0,0,0,1,0,48,1,3,36,4,0.615,0.762,0.22,3,37.13513514,0.779828551,0.220171449,0.166666667,0.166666667,0,0,0.030092964,3.01,Retained,0,Lower Risk,0,0
0,0,0,0,0,0,0,1,0,1,0,26,1,1,20,6,0.626,0.486,0.675,1.666666667,53.92307692,0.325096525,0.674903475,0.166666667,0.25,0,0,0.013038228,1.3,Retained,0,Lower Risk,0,0
0,0,0,0,1,0,0,0,1,0,0,41,0,0,31,4,0.812,0.516,0.613,2.583333333,49.20212766,0.386592179,0.613407821,0.333333333,0.166666667,0,0,0.203334395,20.33,Retained,0,Lower Risk,0,0
2,1,0,0,0,0,0,1,1,0,0,48,1,1,37,6,0.819,1.318,0.043,3.083333333,38.05882353,0.956865849,0.043134151,0.416666667,0.25,0,0,0.015597535,1.56,Retained,0,Lower Risk,0,0
0,0,0,0,1,0,0,0,0,0,1,43,0,3,36,3,0.797,0.654,0,3,53.41860465,1,0,0.166666667,0.25,0,0,0.266902626,26.69,Retained,0,Lower Risk,0,0
1,0,0,1,0,0,0,0,1,0,0,42,0,3,37,4,0.97,1,0.815,3.083333333,53.46341463,0.185020243,0.814979757,0.166666667,0.25,0,0,0.012639708,1.26,Retained,0,Lower Risk,0,0
3,0,1,0,0,0,0,0,1,0,0,45,1,2,40,6,0.914,0.429,0.059,3.333333333,34.98,0.940819812,0.059180188,0.083333333,0.25,0,0,0.04726637,4.73,Retained,0,Lower Risk,0,0
0,0,0,1,0,0,0,0,0,0,0,43,0,4,34,2,0.971,0.706,0.612,2.833333333,44.31034483,0.388419405,0.611580595,0.083333333,0.25,0,0,0.256666973,25.67,Retained,0,Lower Risk,0,0
1,0,0,1,0,0,0,0,1,0,0,51,0,2,45,3,1.19,0.684,0,3.75,63.78125,1,0,0.333333333,0.166666667,0,0,0.064901028,6.49,Retained,0,Lower Risk,0,0
0,0,0,0,0,0,1,0,0,1,0,35,0,2,36,3,0.694,0.821,0.714,3,64.05633803,0.286199864,0.713800136,0.083333333,0.166666667,0,0,0.007335954,0.73,Retained,0,Lower Risk,0,0
0,0,0,0,0,1,0,0,0,0,1,39,0,3,26,6,0.431,0.762,0.784,2.166666667,34.91891892,0.215643503,0.784356497,0.333333333,0.083333333,0,0,0.203161855,20.32,Retained,0,Lower Risk,0,0
3,0,0,0,0,0,0,0,0,1,0,29,1,1,19,5,1.007,1.087,0.3,1.583333333,50.27083333,0.7,0.3,0.25,0.25,0,0,0.007101063,0.71,Retained,0,Lower Risk,0,0
1,0,0,0,0,0,1,0,1,0,0,39,1,3,34,5,0.482,1.167,0.14,2.833333333,45.84615385,0.860324557,0.139675443,0.166666667,0.083333333,0,0,0.004662401,0.47,Retained,0,Lower Risk,0,0
4,0,0,0,1,0,0,0,0,1,0,59,1,0,36,4,0.475,0.512,0.304,3,51.33846154,0.696376388,0.303623612,0.25,0.25,0,0,0.281352451,28.14,Retained,0,Lower Risk,0,0
2,0,0,0,0,0,1,0,0,1,0,53,1,3,36,6,0.524,0.542,0.235,3,59.74324324,0.764921006,0.235078994,0.166666667,0.166666667,0,0,0.045966516,4.6,Retained,0,Lower Risk,0,0
0,0,0,0,0,0,0,1,0,1,0,47,0,3,42,3,0.91,0.745,0.235,3.5,54.59756098,0.765125765,0.234874235,0.166666667,0.166666667,0,0,0.030593137,3.06,Retained,0,Lower Risk,0,0
4,0,0,0,0,0,1,0,1,0,0,33,1,1,16,6,1.171,0.812,0.126,1.333333333,41.96551724,0.873703877,0.126296123,0.25,0.083333333,0,0,0.002436602,0.24,Retained,0,Lower Risk,0,0
4,0,0,0,1,0,0,0,1,0,0,54,1,3,43,4,0.576,0.5,0,3.583333333,45.70833333,1,0,0.083333333,0.083333333,0,0,0.087420376,8.74,Retained,0,Lower Risk,0,0
1,0,0,0,0,0,1,0,1,0,0,52,1,1,36,2,0.857,0.522,0.556,3,80.73529412,0.443990466,0.556009534,0.25,0.166666667,0,0,0.181929304,18.19,Retained,0,Lower Risk,0,0
3,0,0,1,0,0,0,0,0,1,0,57,1,3,50,2,0.409,0.55,0.103,4.166666667,68.24193548,0.896934956,0.103065044,0.25,0.25,0,0,0.476392745,47.64,Retained,0,Lower Risk,0,0
2,0,0,0,1,0,0,0,0,1,0,49,1,1,40,6,0.876,0.565,0.45,3.333333333,56.90277778,0.549526814,0.450473186,0.166666667,0.166666667,0,0,0.038778729,3.88,Retained,0,Lower Risk,0,0
4,0,0,0,0,0,0,1,0,0,0,43,1,3,30,3,0.77,0.623,0.073,2.5,86.47674419,0.927077297,0.072922703,0.166666667,0.083333333,0,0,0.005416698,0.54,Retained,0,Lower Risk,0,0
0,0,0,0,1,0,0,0,0,1,0,54,0,1,47,6,0.413,0.714,0.582,3.916666667,43.5,0.418305327,0.581694673,0.25,0.333333333,0,0,0.453526735,45.35,Retained,0,Lower Risk,0,0
4,0,0,1,0,0,0,0,1,0,0,34,1,1,29,4,0.677,0.636,0.095,2.416666667,53.61111111,0.905475967,0.094524033,0.166666667,0.25,0,0,0.02631738,2.63,Retained,0,Lower Risk,0,0
0,0,0,0,1,0,0,0,1,0,0,49,0,4,42,4,0.71,0.6,0.511,3.5,57.4625,0.48928427,0.51071573,0.333333333,0.083333333,0,0,0.012715591,1.27,Retained,0,Lower Risk,0,0
2,0,0,0,0,0,0,0,1,0,0,52,1,3,48,5,0.618,0.659,0,4,51.63013699,1,0,0.166666667,0.083333333,0,0,0.030903552,3.09,Retained,0,Lower Risk,0,0
0,0,0,1,0,0,0,0,0,1,0,44,0,1,31,2,0.749,0.977,0.462,2.583333333,52.11494253,0.538064516,0.461935484,0.25,0.166666667,0,0,0.101487044,10.15,Retained,0,Lower Risk,0,0
3,0,0,0,0,0,0,1,0,1,0,47,1,2,41,6,0.899,0.906,0.162,3.416666667,44.16393443,0.838487649,0.161512351,0.333333333,0.166666667,0,0,0.006171874,0.62,Retained,0,Lower Risk,0,0
1,0,0,1,0,0,0,0,1,0,0,39,0,1,30,6,0.593,0.3,0.438,2.5,58.92307692,0.562048814,0.437951186,0.166666667,0.083333333,0,0,0.112468626,11.25,Retained,0,Lower Risk,0,0
0,0,0,1,0,0,0,0,0,1,0,34,0,2,36,1,0.713,0.25,0,3,66.05714286,1,0,0.25,0.166666667,1,1,0.979282659,97.93,Churn,1,High Risk,0,0
0,0,0,0,0,0,0,0,0,1,0,26,1,0,36,4,0.448,0.452,0.553,3,38.26229508,0.446742503,0.553257497,0.166666667,0.083333333,0,0,0.006147904,0.61,Retained,0,Lower Risk,0,0
0,0,0,0,1,0,0,0,1,0,0,48,0,3,40,1,0.61,0.976,0.598,3.333333333,50.46987952,0.40152599,0.59847401,0.083333333,0.166666667,0,0,0.018252329,1.83,Retained,0,Lower Risk,0,0
0,0,0,0,0,0,0,1,0,1,0,46,0,4,36,2,0.89,0.819,0,3,104.8854962,1,0,0.166666667,0.083333333,0,0,0.218956614,21.9,Retained,0,Lower Risk,0,0
0,0,0,1,0,0,0,0,0,1,0,64,0,0,54,3,0.985,1.121,0.124,4.5,60.8,0.876456876,0.123543124,0.166666667,0.083333333,0,0,0.013117095,1.31,Retained,0,Lower Risk,0,0
1,0,0,1,0,0,0,0,1,0,0,52,0,2,36,6,0.698,0.605,0.636,3,63.14492754,0.364479315,0.635520685,0.166666667,0.333333333,0,0,0.061664859,6.17,Retained,0,Lower Risk,0,0
0,0,0,1,0,0,0,0,1,0,0,55,0,2,47,3,0.519,0.7,0.284,3.916666667,49.82352941,0.716157205,0.283842795,0.166666667,0.083333333,0,0,0.007856677,0.79,Retained,0,Lower Risk,0,0
2,0,0,1,0,0,0,0,0,1,0,39,1,2,19,1,0.577,0.551,0,1.583333333,47.96052632,1,0,0.083333333,0.166666667,0,1,0.707051298,70.71,Churn,1,High Risk,0,0
0,0,0,0,1,0,0,0,0,1,0,37,0,3,18,4,0.725,0.297,0,1.5,53.5,1,0,0.25,0.083333333,1,1,0.880366937,88.04,Churn,1,High Risk,0,0
3,0,0,1,0,0,0,0,0,1,0,43,1,2,36,4,0.718,0.675,0.175,3,55.47761194,0.824571854,0.175428146,0.333333333,0.083333333,0,0,0.0093513,0.94,Retained,0,Lower Risk,0,0
0,0,0,0,0,1,0,0,1,0,0,49,0,2,37,2,0.675,0.618,0,3.083333333,130.5181818,1,0,0.166666667,0.083333333,0,0,0.011607321,1.16,Retained,0,Lower Risk,0,0
0,0,1,0,0,0,0,0,0,1,0,45,0,2,36,4,0.845,0.694,0.122,3,69.75409836,0.877616955,0.122383045,0.333333333,0.166666667,0,0,0.089988561,9,Retained,0,Lower Risk,0,0
0,0,0,0,0,0,1,0,1,0,0,44,0,2,36,1,0.614,0.654,0.126,3,41.46511628,0.873825992,0.126174008,0.25,0.25,1,1,0.691035276,69.1,Churn,1,High Risk,0,0
0,0,0,1,0,0,0,0,1,0,0,55,0,1,45,4,0.824,0.7,0,3.75,67.47058824,1,0,0.25,0.166666667,0,0,0.123140087,12.31,Retained,0,Lower Risk,0,0
0,0,0,0,0,0,1,0,0,1,0,52,0,1,47,6,0.723,0.6,0.332,3.916666667,60.94444444,0.667570232,0.332429768,0.25,0.083333333,0,0,0.016356749,1.64,Retained,0,Lower Risk,0,0
0,0,0,1,0,0,0,0,0,1,0,41,0,3,33,5,0.552,0.839,0,2.75,36.92982456,1,0,0.25,0.25,1,1,0.553250361,55.33,Churn,1,High Risk,0,0
4,0,0,0,1,0,0,0,1,0,0,54,1,1,42,5,0.56,0.24,0.59,3.5,45.35483871,0.409720086,0.590279914,0.25,0.25,0,0,0.161095587,16.11,Retained,0,Lower Risk,0,0
2,1,0,1,0,0,0,0,0,0,1,44,1,0,36,1,0.738,0.6,0.054,3,85.97727273,0.946435818,0.053564182,0.083333333,0.083333333,0,0,0.001278034,0.13,Retained,0,Lower Risk,0,0
0,0,0,0,0,0,0,1,0,1,0,44,0,1,36,3,0.556,0.795,0.442,3,64.41428571,0.558242507,0.441757493,0.166666667,0.25,0,0,0.044942473,4.49,Retained,0,Lower Risk,0,0
1,0,0,0,0,0,0,1,1,0,0,43,1,3,35,2,0.694,0.4,0,2.916666667,31.82142857,1,0,0.25,0.166666667,1,1,0.970524672,97.05,Churn,1,High Risk,0,0
0,0,0,1,0,0,0,0,1,0,0,34,0,4,36,2,0.587,0.481,0.501,3,56.75,0.498705437,0.501294563,0.333333333,0.166666667,1,1,0.893418908,89.34,Churn,1,High Risk,0,0
0,0,0,0,0,1,0,0,1,0,0,33,0,1,36,5,1.222,0.926,0.273,3,47.59615385,0.726656991,0.273343009,0.25,0.25,0,0,0.003880449,0.39,Retained,0,Lower Risk,0,0
0,0,0,0,0,0,0,0,0,0,1,60,1,0,47,6,0.795,0.471,0.734,3.916666667,60.29333333,0.266254876,0.733745124,0.25,0.25,0,0,0.177068071,17.71,Retained,0,Lower Risk,0,0
0,0,0,1,0,0,0,0,0,1,0,49,0,3,42,4,0.641,0.75,0.322,3.5,55.88095238,0.678086917,0.321913083,0.25,0.166666667,0,0,0.028830467,2.88,Retained,0,Lower Risk,0,0
0,0,0,0,0,0,1,0,0,1,0,40,0,3,36,6,0.672,0.818,0.531,3,59.3875,0.468627451,0.531372549,0.25,0.083333333,0,0,0.00482494,0.48,Retained,0,Lower Risk,0,0
0,0,0,1,0,0,0,0,0,1,0,39,0,4,23,1,0.835,0.628,0,1.916666667,70.48571429,1,0,0.166666667,0.25,0,0,0.20343547,20.34,Retained,0,Lower Risk,0,0
0,0,0,0,0,0,0,0,0,1,0,50,0,2,41,6,0.872,0.634,0,3.416666667,68.91044776,1,0,0.333333333,0.25,0,0,0.378950775,37.9,Retained,0,Lower Risk,0,0
0,0,1,0,0,0,0,0,0,0,0,43,0,3,33,6,0.852,0.622,0,2.75,59.93150685,1,0,0.166666667,0.25,0,0,0.407019377,40.7,Retained,0,Lower Risk,0,0
1,0,0,0,0,0,0,1,0,1,0,28,1,1,15,3,0.67,0.6,0.731,1.25,40.375,0.268847795,0.731152205,0.083333333,0.25,0,0,0.002204227,0.22,Retained,0,Lower Risk,0,0
3,0,0,0,0,0,0,0,1,0,0,43,1,2,24,6,0.698,0.788,0,2,60.86440678,1,0,0.333333333,0.083333333,0,0,0.033344087,3.33,Retained,0,Lower Risk,0,0
1,0,0,0,0,0,1,0,1,0,0,47,0,4,36,2,0.815,0.717,0.519,3,59.79120879,0.480742459,0.519257541,0.083333333,0.083333333,0,0,0.004080885,0.41,Retained,0,Lower Risk,0,0
0,0,1,0,0,0,0,0,0,1,0,57,0,2,44,2,0.762,0.754,0.137,3.666666667,144.01,0.86293584,0.13706416,0.25,0.166666667,0,0,0.042344529,4.23,Retained,0,Lower Risk,0,0
0,0,0,0,0,0,1,0,0,1,0,50,0,1,37,3,0.743,1.136,0,3.083333333,52.36170213,1,0,0.333333333,0.166666667,1,0,0.165287263,16.53,Retained,0,Lower Risk,0,0
2,0,0,1,0,0,0,0,0,1,0,42,1,4,33,5,0.986,0.722,0.857,2.75,52.46774194,0.14349332,0.85650668,0,0.166666667,0,0,0.003165812,0.32,Retained,0,Lower Risk,0,0
0,0,0,1,0,0,0,0,0,0,0,53,0,3,40,3,0.69,0.875,0.792,3.333333333,70.65333333,0.207898659,0.792101341,0.25,0.166666667,0,0,0.029190449,2.92,Retained,0,Lower Risk,0,0
1,0,1,0,0,0,0,0,0,1,0,40,0,2,36,6,0.953,1.37,0.304,3,57.0625,0.696102967,0.303897033,0.25,0.083333333,0,0,0.002763761,0.28,Retained,0,Lower Risk,0,0
2,0,0,0,0,0,0,0,0,1,0,36,1,2,22,5,0.905,0.919,0.167,1.833333333,36.57746479,0.832853026,0.167146974,0.25,0.25,0,0,0.009119686,0.91,Retained,0,Lower Risk,0,0
4,0,0,0,0,0,0,0,0,1,0,54,1,1,48,1,0.565,0.75,0.673,4,53.19047619,0.326547231,0.673452769,0.083333333,0.25,0,0,0.052268399,5.23,Retained,0,Lower Risk,0,0
0,0,0,0,0,0,1,0,0,0,1,59,0,1,45,6,0.445,0.622,0.204,3.75,62.7260274,0.795635923,0.204364077,0.25,0.25,0,0,0.132532087,13.25,Retained,0,Lower Risk,0,0
1,0,0,0,0,0,1,0,0,1,0,41,1,4,36,4,0.924,0.491,0.518,3,53.84810127,0.481848185,0.518151815,0.333333333,0.25,0,0,0.346805789,34.68,Retained,0,Lower Risk,0,0
1,0,0,0,0,0,0,0,1,0,0,26,0,0,13,2,0.906,0.635,0.532,1.083333333,42.64705882,0.467661692,0.532338308,0.25,0.25,0,0,0.070582997,7.06,Retained,0,Lower Risk,0,0
0,0,0,0,0,0,0,0,1,0,0,47,0,2,42,3,0.631,0.658,0.624,3.5,67.11111111,0.376316898,0.623683102,0.25,0.25,0,0,0.104181233,10.42,Retained,0,Lower Risk,0,0
1,0,0,0,1,0,0,0,0,0,0,33,1,1,28,6,0.691,0.837,0.635,2.333333333,55.12658228,0.364978061,0.635021939,0.25,0.083333333,0,0,0.004111894,0.41,Retained,0,Lower Risk,0,0
0,0,0,0,1,0,0,0,1,0,0,45,0,3,27,4,0.924,0.684,0.765,2.25,62.65625,0.234961076,0.765038924,0.166666667,0.25,0,0,0.023949423,2.39,Retained,0,Lower Risk,0,0
1,0,1,0,0,0,0,0,1,0,0,49,1,2,31,2,0.775,0.778,0.807,2.583333333,48.8875,0.193211488,0.806788512,0.166666667,0.166666667,0,0,0.052137357,5.21,Retained,0,Lower Risk,0,0
0,0,0,0,1,0,0,0,0,1,0,39,0,0,27,4,0.63,0.898,0.183,2.25,45.48387097,0.816653934,0.183346066,0.25,0.25,0,0,0.029922505,2.99,Retained,0,Lower Risk,0,0
0,1,0,1,0,0,0,0,1,0,0,51,0,1,44,4,0.923,0.946,0.073,3.666666667,141.0555556,0.926736153,0.073263847,0.333333333,0.166666667,1,0,0.292471314,29.25,Retained,0,Lower Risk,0,0
4,0,0,1,0,0,0,0,0,1,0,50,1,1,41,4,0.904,0.878,0.131,3.416666667,56.46753247,0.869475138,0.130524862,0.25,0.083333333,0,0,0.004348828,0.43,Retained,0,Lower Risk,0,0
0,0,0,0,1,0,0,0,1,0,0,52,0,3,36,2,0.76,0.658,0.191,3,70.14285714,0.80891412,0.19108588,0.166666667,0.166666667,0,0,0.048375067,4.84,Retained,0,Lower Risk,0,0
0,1,0,0,0,0,0,0,0,1,0,40,0,3,36,2,0.68,0.636,0,3,133,1,0,0,0.083333333,0,0,0.003446423,0.34,Retained,0,Lower Risk,0,0
2,0,0,0,0,0,0,1,0,1,0,40,1,3,34,2,0.945,0.786,0.262,2.833333333,142.13,0.73764853,0.26235147,0.083333333,0.166666667,0,0,0.080516281,8.05,Retained,0,Lower Risk,0,0
0,0,0,0,1,0,0,0,0,1,0,62,0,0,36,6,0.706,0.643,0.528,3,73.66666667,0.471859162,0.528140838,0.083333333,0.166666667,0,0,0.013874699,1.39,Retained,0,Lower Risk,0,0
1,0,0,1,0,0,0,0,0,1,0,37,0,2,24,4,0.718,0.841,0.497,2,52.95061728,0.502526234,0.497473766,0.333333333,0.083333333,0,0,0.010957649,1.1,Retained,0,Lower Risk,0,0
2,0,0,0,1,0,0,0,0,1,0,46,1,5,41,3,0.54,0.491,0.237,3.416666667,51.16455696,0.762637069,0.237362931,0.333333333,0.25,0,0,0.352630603,35.26,Retained,0,Lower Risk,0,0
0,0,0,0,0,1,0,0,1,0,0,48,0,3,36,3,0.676,0.711,0.099,3,62.68831169,0.900731908,0.099268092,0.25,0.083333333,0,0,0.01318532,1.32,Retained,0,Lower Risk,0,0
0,0,0,1,0,0,0,0,1,0,0,55,0,1,38,5,1.064,0.708,0.51,3.166666667,50,0.48991638,0.51008362,0.166666667,0.416666667,0,0,0.003739961,0.37,Retained,0,Lower Risk,0,0
0,0,0,0,0,0,0,1,1,0,0,47,0,3,37,1,0.749,0.636,0,3.083333333,66.47222222,1,0,0.166666667,0.166666667,1,0,0.182949725,18.29,Retained,0,Lower Risk,0,0
0,0,1,0,0,0,0,0,0,1,0,36,0,2,23,5,0.755,0.5,0.13,1.916666667,70.36231884,0.870083262,0.129916738,0.25,0.166666667,0,0,0.487852883,48.79,Retained,0,Lower Risk,0,0
3,0,0,0,0,0,0,1,0,1,0,41,1,4,28,1,0.865,0.286,0,2.333333333,64.75,1,0,0.333333333,0.166666667,1,1,0.997419674,99.74,Churn,1,High Risk,0,0
0,1,0,0,1,0,0,0,0,1,0,46,0,3,36,4,0.602,0.586,0.004,3,43.19565217,0.995538301,0.004461699,0.25,0.166666667,1,1,0.517910044,51.79,Churn,1,High Risk,0,0
0,1,0,0,0,0,1,0,1,0,0,47,0,3,36,5,0.556,1,0.113,3,57.41666667,0.887327499,0.112672501,0.083333333,0.25,0,0,0.015585923,1.56,Retained,0,Lower Risk,0,0
0,0,0,0,0,0,0,0,0,1,0,30,0,1,24,4,0.652,0.778,0.73,2,39.765625,0.270434783,0.729565217,0,0.25,0,0,0.005291236,0.53,Retained,0,Lower Risk,0,0
0,0,0,1,0,0,0,0,1,0,0,63,0,0,36,6,0.521,0.522,0.641,3,37.71428571,0.358803987,0.641196013,0.333333333,0.25,0,0,0.113691594,11.37,Retained,0,Lower Risk,0,0
1,0,0,1,0,0,0,0,0,1,0,65,1,0,36,4,0.713,1.172,0.474,3,70.26984127,0.525829104,0.474170896,0.083333333,0,0,0,0.012576122,1.26,Retained,0,Lower Risk,0,0
2,0,0,0,0,0,0,0,0,1,0,52,1,2,37,4,0.937,0.765,0.502,3.083333333,43.13333333,0.497999272,0.502000728,0.25,0.25,0,0,0.044605952,4.46,Retained,0,Lower Risk,0,0
2,0,0,1,0,0,0,0,1,0,0,52,1,4,36,4,0.532,0.5,0.173,3,41.33333333,0.826666667,0.173333333,0.25,0.083333333,1,0,0.03844744,3.84,Retained,0,Lower Risk,0,0
3,0,0,0,0,0,1,0,0,1,0,57,1,2,43,6,0.736,0.87,0.145,3.583333333,56.79069767,0.854794521,0.145205479,0.083333333,0.25,0,0,0.007881582,0.79,Retained,0,Lower Risk,0,0
3,0,0,0,1,0,0,0,1,0,0,36,1,3,36,5,1.464,0.95,0.721,3,52.43589744,0.278864595,0.721135405,0.166666667,0.25,0,0,0.001646503,0.16,Retained,0,Lower Risk,0,0
0,0,0,1,0,0,0,0,0,0,1,42,0,3,32,2,0.584,0.623,0.088,2.666666667,54.46511628,0.911888399,0.088111601,0.166666667,0.25,0,0,0.33256857,33.26,Retained,0,Lower Risk,0,0
3,0,0,0,0,0,1,0,0,1,0,49,1,3,43,2,0.912,0.65,0.355,3.583333333,36.15151515,0.644779333,0.355220667,0.166666667,0.166666667,0,0,0.384420064,38.44,Retained,0,Lower Risk,0,0
2,0,0,0,0,0,0,1,0,1,0,50,1,1,38,4,0.711,0.273,0.098,3.166666667,59.45238095,0.902143891,0.097856109,0.25,0.25,1,1,0.650414522,65.04,Churn,1,High Risk,0,0
2,0,0,0,0,0,0,0,1,0,0,42,1,3,35,1,0.887,0.804,0,2.916666667,51.15662651,1,0,0.083333333,0.25,0,0,0.331602134,33.16,Retained,0,Lower Risk,0,0
0,0,0,0,0,0,0,1,0,1,0,49,0,2,41,5,0.551,0.556,0,3.416666667,43.76190476,1,0,0.333333333,0.25,1,1,0.668144705,66.81,Churn,1,High Risk,0,0
1,0,0,0,1,0,0,0,1,0,0,41,0,3,36,4,0.644,0.478,0.146,3,44.20588235,0.853628662,0.146371338,0.166666667,0.083333333,0,0,0.068498355,6.85,Retained,0,Lower Risk,0,0
0,0,0,0,0,0,0,1,1,0,0,51,0,5,39,6,0.66,0.811,0.223,3.25,57.65671642,0.776901925,0.223098075,0.333333333,0.166666667,0,0,0.018604013,1.86,Retained,0,Lower Risk,0,0
3,1,0,0,0,1,0,0,1,0,0,51,1,3,37,6,1.021,0.341,0.029,3.083333333,87.45454545,0.971346622,0.028653378,0.166666667,0.166666667,1,1,0.969334676,96.93,Churn,1,High Risk,0,0
0,0,0,1,0,0,0,0,1,0,0,54,0,4,43,3,0.807,0.811,0.216,3.583333333,64.56716418,0.784231275,0.215768725,0.25,0.166666667,0,0,0.03438946,3.44,Retained,0,Lower Risk,0,0
0,0,0,1,0,0,0,0,1,0,0,37,0,2,25,4,0.741,0.744,0,2.083333333,60.17333333,1,0,0.083333333,0.166666667,0,0,0.065359277,6.54,Retained,0,Lower Risk,0,0
0,0,0,0,0,0,0,0,1,0,0,47,0,3,36,5,0.94,1.115,0.763,3,68.8,0.237272727,0.762727273,0.166666667,0.333333333,0,0,0.008745696,0.87,Retained,0,Lower Risk,0,0
0,0,0,0,1,0,0,0,1,0,0,62,0,1,54,3,0.436,0.35,0.399,4.5,53.81481481,0.601156069,0.398843931,0.333333333,0.25,0,1,0.510022527,51,Churn,1,High Risk,0,0
3,1,0,0,0,0,0,0,0,1,0,48,1,1,36,6,0.815,0.592,0.047,3,51.82051282,0.952804496,0.047195504,0.25,0.25,0,0,0.06462202,6.46,Retained,0,Lower Risk,0,0
0,0,0,0,0,0,0,1,1,0,0,38,0,2,36,4,0.787,0.711,0,3,52.77922078,1,0,0.166666667,0.166666667,0,0,0.080191622,8.02,Retained,0,Lower Risk,0,0
1,0,0,0,0,0,0,1,1,0,0,47,0,4,43,4,0.458,0.681,0.212,3.583333333,53.48101266,0.788036682,0.211963318,0.333333333,0.25,0,0,0.10900884,10.9,Retained,0,Lower Risk,0,0
0,0,0,0,0,0,0,1,0,0,0,49,0,3,38,3,0.548,0.516,0.492,3.166666667,37.68085106,0.508474576,0.491525424,0.333333333,0.25,0,0,0.390488846,39.05,Retained,0,Lower Risk,0,0
0,0,0,1,0,0,0,0,1,0,0,47,0,4,39,3,0.561,0.818,0,3.25,47.175,1,0,0.166666667,0.25,0,0,0.248105945,24.81,Retained,0,Lower Risk,0,0
0,0,0,0,0,0,0,0,1,0,0,54,0,3,44,5,0.823,0.375,0.826,3.666666667,79.15151515,0.174255392,0.825744608,0.166666667,0.25,1,1,0.772394716,77.24,Churn,1,High Risk,0,0
1,0,0,0,1,0,0,0,0,1,0,47,0,3,41,4,0.566,0.382,0.407,3.416666667,33.91489362,0.59345301,0.40654699,0.25,0.25,0,0,0.367415534,36.74,Retained,0,Lower Risk,0,0
1,0,0,0,1,0,0,0,1,0,0,40,0,4,28,4,0.463,0.593,0.101,2.333333333,38.98837209,0.89907778,0.10092222,0.25,0.083333333,0,0,0.108630518,10.86,Retained,0,Lower Risk,0,0
0,0,0,1,0,0,0,0,1,0,0,57,0,2,45,6,0.698,0.933,0.514,3.75,57.12643678,0.48550372,0.51449628,0.166666667,0.166666667,0,0,0.007425602,0.74,Retained,0,Lower Risk,0,0
1,0,0,0,0,0,1,0,0,1,0,41,1,2,27,2,0.742,0.768,0.094,2.25,157.3030303,0.906406145,0.093593855,0.083333333,0.25,0,0,0.007508266,0.75,Retained,0,Lower Risk,0,0
1,0,0,0,0,0,0,1,0,1,0,65,1,0,54,5,0.515,0.622,0.088,4.5,79.21917808,0.911648726,0.088351274,0.333333333,0.083333333,0,0,0.013281741,1.33,Retained,0,Lower Risk,0,0
3,0,0,1,0,0,0,0,0,1,0,38,1,1,25,5,0.799,0.696,0.069,2.083333333,59.70512821,0.931173117,0.068826883,0.083333333,0,0,0,0.028911307,2.89,Retained,0,Lower Risk,0,0
0,0,0,0,1,0,0,0,1,0,0,54,0,3,42,4,0.782,0.765,0.77,3.5,53.06666667,0.22964611,0.77035389,0.25,0.166666667,0,0,0.025467148,2.55,Retained,0,Lower Risk,0,0
0,0,0,0,0,0,1,0,0,0,1,40,0,3,30,2,0.74,1,0,2.5,58.7,1,0,0.166666667,0.25,0,0,0.217336456,21.73,Retained,0,Lower Risk,0,0
3,2,0,1,0,0,0,0,0,1,0,39,1,0,32,3,0.545,0.783,0.052,2.666666667,51.90243902,0.948053077,0.051946923,0.333333333,0.083333333,0,0,0.007995748,0.8,Retained,0,Lower Risk,0,0
0,0,0,1,0,0,0,0,0,1,0,49,0,3,37,4,0.905,0.829,0.031,3.083333333,55.046875,0.968578841,0.031421159,0.333333333,0.25,0,0,0.106933248,10.69,Retained,0,Lower Risk,0,0
3,0,0,1,0,0,0,0,1,0,0,36,1,3,21,5,0.881,0.87,0.391,1.75,57.93023256,0.608574277,0.391425723,0.166666667,0.25,1,0,0.012353248,1.24,Retained,0,Lower Risk,0,0
1,1,0,0,0,0,0,1,0,1,0,62,1,0,42,3,0.552,0.556,0,3.5,45.19047619,1,0,0.333333333,0.333333333,1,1,0.729137458,72.91,Churn,1,High Risk,0,0
1,0,0,0,0,0,0,1,1,0,0,43,0,3,32,3,0.757,0.814,0,2.666666667,60.78205128,1,0,0.333333333,0.166666667,0,0,0.148209195,14.82,Retained,0,Lower Risk,0,0
3,2,0,1,0,0,0,0,1,0,0,44,1,1,29,2,0.75,0.593,0.027,2.416666667,89.12790698,0.972708309,0.027291691,0.25,0.083333333,0,0,0.03291318,3.29,Retained,0,Lower Risk,0,0
3,0,0,0,0,0,1,0,0,0,1,37,1,2,18,1,0.972,0.788,0.016,1.5,172.8983051,0.983727067,0.016272933,0.166666667,0.083333333,1,1,0.652138279,65.21,Churn,1,High Risk,0,0
0,0,0,0,1,0,0,0,1,0,0,56,0,1,43,3,0.866,0.618,0.173,3.583333333,136.8,0.826847152,0.173152848,0.083333333,0.083333333,0,0,0.011490344,1.15,Retained,0,Lower Risk,0,0
2,0,0,1,0,0,0,0,1,0,0,45,1,4,39,6,0.576,0.545,0,3.25,43.45098039,1,0,0.166666667,0.25,1,0,0.35252005,35.25,Retained,0,Lower Risk,0,0
3,0,0,0,0,0,1,0,1,0,0,38,1,2,33,3,1.4,1,0.061,2.75,50.10344828,0.939056519,0.060943481,0.333333333,0.083333333,0,0,0.001861891,0.19,Retained,0,Lower Risk,0,0
0,0,0,1,0,0,0,0,1,0,0,45,0,5,39,4,0.569,0.647,0.56,3.25,48.03571429,0.439703154,0.560296846,0.166666667,0.25,0,0,0.055095082,5.51,Retained,0,Lower Risk,0,0
0,0,0,0,0,0,0,1,0,0,1,43,0,4,34,5,0.777,0.769,0.12,2.833333333,48.36231884,0.880419471,0.119580529,0.25,0.25,0,0,0.123276989,12.33,Retained,0,Lower Risk,0,0
0,0,0,1,0,0,0,0,0,0,1,43,0,4,30,3,0.839,0.744,0.897,2.5,60.88235294,0.102628285,0.897371715,0.083333333,0.166666667,0,0,0.034317561,3.43,Retained,0,Lower Risk,0,0
2,0,0,0,0,0,1,0,1,0,0,38,1,3,18,6,0.57,0.619,0.512,1.5,60.82352941,0.488147498,0.511852502,0.333333333,0.25,0,0,0.022845558,2.28,Retained,0,Lower Risk,0,0
0,0,0,1,0,0,0,0,0,0,0,26,1,0,36,6,0.763,0.543,0.119,3,32.52112676,0.880620376,0.119379624,0.25,0.083333333,0,0,0.002457053,0.25,Retained,0,Lower Risk,0,0
0,0,1,0,0,0,0,0,1,0,0,46,0,1,29,3,0.624,0.816,0.709,2.416666667,52.41573034,0.291354946,0.708645054,0.166666667,0.25,0,0,0.03404528,3.4,Retained,0,Lower Risk,0,0
3,0,1,0,0,0,0,0,1,0,0,44,1,4,33,3,0.709,0.677,0.251,2.75,138.6346154,0.748681898,0.251318102,0.25,0.083333333,0,0,0.00506418,0.51,Retained,0,Lower Risk,0,0
4,3,1,0,0,0,0,0,0,1,0,51,1,0,44,3,0.764,0.582,0.056,3.666666667,92.09195402,0.944228763,0.055771237,0.25,0.166666667,0,0,0.042036517,4.2,Retained,0,Lower Risk,0,0
0,0,0,1,0,0,0,0,1,0,0,44,0,3,36,3,0.653,0.642,0,3,63.16091954,1,0,0.083333333,0.25,0,0,0.151919201,15.19,Retained,0,Lower Risk,0,0
0,0,0,0,1,0,0,0,0,1,0,40,0,4,36,2,0.646,0.852,0.387,3,126.31,0.613481444,0.386518556,0.25,0.083333333,0,0,0.008072249,0.81,Retained,0,Lower Risk,0,0
0,0,0,0,0,0,0,1,0,1,0,43,0,4,33,5,0.679,0.771,0,2.75,63.41935484,1,0,0.333333333,0.166666667,0,0,0.089144168,8.91,Retained,0,Lower Risk,0,0
1,0,0,0,1,0,0,0,0,1,0,40,1,1,28,6,0.754,0.786,0.091,2.333333333,54.18666667,0.909145972,0.090854028,0.083333333,0.166666667,0,0,0.00761672,0.76,Retained,0,Lower Risk,0,0
0,0,0,0,1,0,0,0,0,0,1,43,0,3,28,6,0.814,0.735,0.319,2.333333333,59.4,0.68110119,0.31889881,0.25,0.166666667,0,0,0.088356133,8.84,Retained,0,Lower Risk,0,0
0,0,0,0,1,0,0,0,0,1,0,34,0,1,22,6,1.193,0.941,0.181,1.833333333,46.09090909,0.818882278,0.181117722,0,0.083333333,0,0,0.000537179,0.05,Retained,0,Lower Risk,0,0
0,0,1,0,0,0,0,0,0,1,0,60,0,0,42,5,0.718,0.644,0.518,3.5,69.24324324,0.481870921,0.518129079,0.25,0.25,0,0,0.117904144,11.79,Retained,0,Lower Risk,0,0
0,0,0,1,0,0,0,0,1,0,0,47,1,3,41,6,0.551,0.531,0.3,3.416666667,49.76,0.700497171,0.299502829,0.333333333,0.083333333,0,0,0.019956548,2,Retained,0,Lower Risk,0,0
4,0,0,0,0,0,1,0,0,1,0,34,1,2,17,3,0.856,1.3,0.462,1.416666667,48.47826087,0.537574553,0.462425447,0.166666667,0.083333333,0,0,0.010958014,1.1,Retained,0,Lower Risk,0,0
0,0,0,1,0,0,0,0,0,1,0,47,0,2,36,3,0.736,0.651,0.209,3,54.74647887,0.790943716,0.209056284,0.166666667,0.083333333,0,0,0.009264391,0.93,Retained,0,Lower Risk,0,0
0,0,0,0,0,0,0,1,0,1,0,51,0,3,41,5,0.616,0.571,0.223,3.416666667,62.10606061,0.777286637,0.222713363,0.166666667,0.083333333,0,0,0.01655272,1.66,Retained,0,Lower Risk,0,0
1,0,0,0,1,0,0,0,0,1,0,38,1,1,19,2,0.673,0.787,0.194,1.583333333,134.2844037,0.806199386,0.193800614,0.25,0.25,0,0,0.024146647,2.41,Retained,0,Lower Risk,0,0
1,0,0,0,1,0,0,0,0,0,0,35,1,0,36,6,0.775,0.6,0.268,3,39,0.732336715,0.267663285,0.166666667,0.25,0,0,0.013892653,1.39,Retained,0,Lower Risk,0,0
0,0,0,1,0,0,0,0,0,1,0,46,0,4,36,4,0.928,0.387,0.064,3,37.44186047,0.936321447,0.063678553,0.166666667,0.25,0,0,0.407710866,40.77,Retained,0,Lower Risk,0,0
0,0,0,1,0,0,0,0,0,1,0,37,0,3,31,3,0.729,0.848,0.757,2.583333333,39.98360656,0.243391521,0.756608479,0.333333333,0.25,0,0,0.09919471,9.92,Retained,0,Lower Risk,0,0
4,1,0,0,0,0,0,0,1,0,0,47,1,3,27,6,0.599,0.704,0.067,2.25,39.23913043,0.932929656,0.067070344,0.25,0.25,0,0,0.072534275,7.25,Retained,0,Lower Risk,0,0
2,0,0,0,0,0,0,1,0,1,0,55,1,3,36,3,1.029,0.375,0.116,3,45,0.883604803,0.116395197,0.166666667,0.166666667,1,1,0.642655464,64.27,Churn,1,High Risk,0,0
1,0,0,0,0,0,0,1,0,1,0,47,1,3,36,3,0.666,0.778,0.273,3,52.9375,0.727008149,0.272991851,0.166666667,0.5,0,0,0.003578131,0.36,Retained,0,Lower Risk,0,0
0,0,0,0,1,0,0,0,1,0,0,42,0,3,30,1,0.781,0.776,0.513,2.5,55.01149425,0.486545854,0.513454146,0.166666667,0.083333333,0,0,0.008587119,0.86,Retained,0,Lower Risk,0,0
0,0,0,1,0,0,0,0,0,0,1,44,0,2,32,2,0.973,0.833,0.577,2.666666667,66.19480519,0.423376623,0.576623377,0.25,0.083333333,0,0,0.014351495,1.44,Retained,0,Lower Risk,0,0
0,0,0,0,0,1,0,0,0,1,0,41,0,2,35,6,0.682,0.578,0,2.916666667,50.6056338,1,0,0.166666667,0.25,0,0,0.448588648,44.86,Retained,0,Lower Risk,0,0
2,0,0,1,0,0,0,0,0,0,1,47,1,3,36,4,0.812,1.357,0,3,66.06060606,1,0,0.166666667,0.25,0,0,0.052114234,5.21,Retained,0,Lower Risk,0,0
3,1,0,0,0,0,0,1,0,1,0,38,1,3,36,2,0.858,0.593,0.058,3,103.1627907,0.941824082,0.058175918,0.25,0.166666667,0,0,0.20681548,20.68,Retained,0,Lower Risk,0,0
3,0,0,0,0,0,0,0,1,0,0,55,1,3,42,3,0.397,0.412,0.024,3.5,30.66666667,0.976475997,0.023524003,0.083333333,0.166666667,0,0,0.444092793,44.41,Retained,0,Lower Risk,0,0
1,0,0,0,0,0,0,1,1,0,0,46,0,4,36,1,0.518,0.737,0.624,3,65.8030303,0.375584416,0.624415584,0.083333333,0.25,0,0,0.031263956,3.13,Retained,0,Lower Risk,0,0
2,0,0,1,0,0,0,0,0,1,0,53,1,3,43,5,0.922,0.556,0.178,3.583333333,85.91071429,0.821751547,0.178248453,0.25,0.25,0,1,0.570904461,57.09,Churn,1,High Risk,0,0
0,0,0,0,0,0,0,0,0,0,1,46,0,1,35,5,0.636,0.448,0.21,2.916666667,46.54761905,0.790168411,0.209831589,0.25,0.25,1,1,0.62278275,62.28,Churn,1,High Risk,0,0
2,1,0,1,0,0,0,0,0,1,0,38,1,2,32,5,0.968,0.795,0.059,2.666666667,53.31428571,0.941196087,0.058803913,0.083333333,0.083333333,0,0,0.000712609,0.07,Retained,0,Lower Risk,0,0
0,1,0,0,0,0,0,1,1,0,0,36,0,0,19,1,1.08,0.833,0,1.583333333,128.5041322,1,0,0.25,0.166666667,0,1,0.699357161,69.94,Churn,1,High Risk,0,0
0,0,1,0,0,0,0,0,0,1,0,47,1,2,37,2,0.541,1,0.246,3.083333333,46.65625,0.753632148,0.246367852,0.25,0.083333333,0,0,0.079799185,7.98,Retained,0,Lower Risk,0,0
2,0,0,0,1,0,0,0,1,0,0,44,1,3,36,2,0.594,0.814,0,3,87.17948718,1,0,0.083333333,0.166666667,0,0,0.070502092,7.05,Retained,0,Lower Risk,0,0
0,0,0,0,0,1,0,0,0,1,0,54,0,2,43,2,0.972,0.917,0,3.583333333,136.8405797,1,0,0.166666667,0.25,1,1,0.713274351,71.33,Churn,1,High Risk,0,0
0,0,0,1,0,0,0,0,1,0,0,36,0,2,23,4,0.813,0.818,0.488,1.916666667,43.7,0.512004802,0.487995198,0.166666667,0.166666667,1,0,0.027259524,2.73,Retained,0,Lower Risk,0,0
2,0,0,1,0,0,0,0,1,0,0,52,1,2,36,2,0.601,0.75,0.513,3,62.63492063,0.4871633,0.5128367,0.083333333,0.25,0,0,0.019918341,1.99,Retained,0,Lower Risk,0,0
0,0,1,0,0,0,0,0,0,1,0,41,0,3,36,2,0.725,0.821,0,3,70.7254902,1,0,0.5,0.25,1,1,0.966877006,96.69,Churn,1,High Risk,0,0
0,0,0,1,0,0,0,0,0,1,0,60,0,1,36,6,0.77,0.651,0.272,3,58.54929577,0.727540835,0.272459165,0.25,0.083333333,0,0,0.009034867,0.9,Retained,0,Lower Risk,0,0
1,0,0,0,0,0,1,0,1,0,0,36,1,1,16,5,0.79,0.655,0.543,1.333333333,34.83333333,0.45729585,0.54270415,0.166666667,0.25,0,0,0.007789138,0.78,Retained,0,Lower Risk,0,0
0,0,0,0,0,0,1,0,1,0,0,49,0,4,38,4,0.723,0.717,0.334,3.166666667,62.93670886,0.665617624,0.334382376,0.083333333,0.166666667,0,0,0.010685623,1.07,Retained,0,Lower Risk,0,0
0,0,0,0,1,0,0,0,0,1,0,26,0,1,15,5,0.635,0.382,0.852,1.25,50.76595745,0.148483655,0.851516345,0.25,0.25,0,0,0.175483545,17.55,Retained,0,Lower Risk,0,0
1,0,0,0,0,0,0,1,1,0,0,45,0,0,30,3,0.535,0.424,0,2.5,43.85106383,1,0,0.333333333,0.166666667,1,1,0.853304401,85.33,Churn,1,High Risk,0,0
2,0,0,1,0,0,0,0,1,0,0,40,1,3,23,1,1.025,0.746,0.07,1.916666667,124.2909091,0.930441286,0.069558714,0.083333333,0.25,0,0,0.168193914,16.82,Retained,0,Lower Risk,0,0
0,0,0,1,0,0,0,0,0,1,0,50,0,2,40,1,0.619,0.729,0.456,3.333333333,86.73493976,0.544070143,0.455929857,0.166666667,0.166666667,0,0,0.014237542,1.42,Retained,0,Lower Risk,0,0
4,0,0,0,1,0,0,0,0,0,0,55,1,2,42,3,0.832,0.733,0.034,3.5,36.69230769,0.965523236,0.034476764,0.166666667,0.166666667,0,0,0.143674162,14.37,Retained,0,Lower Risk,0,0
3,0,0,1,0,0,0,0,0,1,0,46,1,4,35,6,0.881,0.683,0,2.916666667,57.23188406,1,0,0.25,0.25,0,0,0.164842843,16.48,Retained,0,Lower Risk,0,0
1,0,0,1,0,0,0,0,1,0,0,61,1,1,50,6,0.955,0.591,0.932,4.166666667,36.08571429,0.067562228,0.932437772,0.333333333,0.166666667,0,0,0.00471499,0.47,Retained,0,Lower Risk,0,0
0,0,0,1,0,0,0,0,1,0,0,40,0,3,36,6,0.823,0.635,0.256,3,57.95294118,0.743867054,0.256132946,0.25,0.083333333,0,0,0.013369701,1.34,Retained,0,Lower Risk,0,0
2,0,0,1,0,0,0,0,1,0,0,39,1,3,36,6,0.686,0.674,0.072,3,54.77777778,0.927733926,0.072266074,0.333333333,0.25,0,0,0.074614003,7.46,Retained,0,Lower Risk,0,0
0,0,0,0,0,0,0,1,1,0,0,51,0,3,30,3,0.504,0.548,0.262,2.5,49.21538462,0.737595738,0.262404262,0,0.166666667,0,0,0.060190269,6.02,Retained,0,Lower Risk,0,0
0,0,0,1,0,0,0,0,1,0,0,45,0,2,36,2,0.85,0.567,0.566,3,133.2285714,0.433752998,0.566247002,0.083333333,0.25,0,0,0.073942055,7.39,Retained,0,Lower Risk,0,0
0,0,0,1,0,0,0,0,0,0,0,46,0,4,36,5,0.64,0.864,0.087,3,32.36585366,0.913483857,0.086516143,0.083333333,0.25,0,0,0.053472772,5.35,Retained,0,Lower Risk,0,0
2,0,0,0,0,1,0,0,0,0,0,29,1,0,15,2,0.381,0.735,0,1.25,95.93220339,1,0,0.25,0.083333333,1,1,0.887030124,88.7,Churn,1,High Risk,0,0
0,0,0,1,0,0,0,0,0,0,1,45,0,4,36,4,0.58,0.729,0.213,3,49.65060241,0.787177986,0.212822014,0.25,0.083333333,0,0,0.018968558,1.9,Retained,0,Lower Risk,0,0
3,0,0,0,0,0,0,0,1,0,0,34,1,2,22,4,1.893,1.111,0,1.833333333,51.96491228,1,0,0.333333333,0.166666667,0,0,0.02829625,2.83,Retained,0,Lower Risk,0,0
0,0,0,0,0,0,0,1,1,0,0,54,0,2,49,2,0.735,0.692,0.992,4.083333333,66.38636364,0.007726269,0.992273731,0.25,0.333333333,1,0,0.492505835,49.25,Retained,0,Lower Risk,0,0
0,0,0,0,1,0,0,0,1,0,0,52,0,3,40,4,0.863,1.138,0.529,3.333333333,59.17741935,0.470755387,0.529244613,0.083333333,0.333333333,0,0,0.021086117,2.11,Retained,0,Lower Risk,0,0
1,0,0,1,0,0,0,0,0,1,0,44,0,1,38,3,0.809,0.833,0.608,3.166666667,47.81818182,0.392322549,0.607677451,0.416666667,0.166666667,1,0,0.075607209,7.56,Retained,0,Lower Risk,0,0
1,0,0,0,0,0,0,0,1,0,0,51,1,4,36,2,0.731,0.771,0.501,3,52.47058824,0.499098287,0.500901713,0.083333333,0.25,0,0,0.045436805,4.54,Retained,0,Lower Risk,0,0
0,0,0,0,0,0,0,1,1,0,0,32,0,1,22,3,1.119,0.909,0.77,1.833333333,41.92857143,0.229750189,0.770249811,0.166666667,0.25,0,0,0.005696305,0.57,Retained,0,Lower Risk,0,0
0,0,0,0,1,0,0,0,1,0,0,55,0,2,36,4,0.969,1.6,0.489,3,66.80769231,0.511450382,0.488549618,0.25,0.25,0,0,0.024859356,2.49,Retained,0,Lower Risk,0,0
0,0,0,0,0,1,0,0,1,0,0,30,1,1,17,5,0.646,0.737,0.171,1.416666667,54.33333333,0.828941865,0.171058135,0.166666667,0.083333333,0,0,0.014854569,1.49,Retained,0,Lower Risk,0,0
2,0,0,0,1,0,0,0,1,0,0,35,1,1,21,5,0.831,1.033,0.363,1.75,37.27868852,0.637458927,0.362541073,0.166666667,0.166666667,0,0,0.008081335,0.81,Retained,0,Lower Risk,0,0
3,0,0,1,0,0,0,0,0,1,0,52,1,2,48,6,0.539,0.6,0,4,41.525,1,0,0.333333333,0.166666667,1,0,0.182259933,18.23,Retained,0,Lower Risk,0,0
3,0,0,0,1,0,0,0,0,1,0,40,1,3,29,2,0.729,0.552,0,2.416666667,53.22222222,1,0,0.333333333,0.166666667,1,1,0.961864293,96.19,Churn,1,High Risk,0,0
1,0,0,0,0,1,0,0,1,0,0,44,1,3,36,1,0.702,0.792,0.112,3,163.2421053,0.888065647,0.111934353,0.166666667,0.083333333,0,0,0.003807311,0.38,Retained,0,Lower Risk,0,0
3,0,0,0,0,0,0,1,1,0,0,40,1,3,36,6,0.806,0.571,0.376,3,66.53030303,0.623653769,0.376346231,0.166666667,0.166666667,0,0,0.05423701,5.42,Retained,0,Lower Risk,0,0
0,0,0,0,1,0,0,0,1,0,0,46,0,3,39,3,0.494,0.4,0.175,3.25,53.61904762,0.824541921,0.175458079,0,0.25,1,0,0.290132444,29.01,Retained,0,Lower Risk,0,0
3,0,0,1,0,0,0,0,0,1,0,38,1,1,29,3,0.718,0.906,0.599,2.416666667,61.98360656,0.401392111,0.598607889,0.25,0.25,0,0,0.029142221,2.91,Retained,0,Lower Risk,0,0
2,0,0,0,0,0,0,0,0,1,0,46,1,4,34,5,0.624,0.889,0.593,2.833333333,59.49019608,0.406922752,0.593077248,0.333333333,0.25,0,0,0.023242365,2.32,Retained,0,Lower Risk,0,0
2,0,0,0,0,0,1,0,1,0,0,47,1,3,36,2,0.842,0.574,0.197,3,86.01041667,0.803087507,0.196912493,0.083333333,0.25,0,0,0.05463747,5.46,Retained,0,Lower Risk,0,0
4,0,0,0,1,0,0,0,0,0,0,45,1,5,36,2,0.841,0.683,0,3,121.6231884,1,0,0.166666667,0.25,1,0,0.431795435,43.18,Retained,0,Lower Risk,0,0
0,0,0,1,0,0,0,0,0,1,0,32,0,3,36,3,0.813,0.651,0,3,33.04225352,1,0,0.25,0.083333333,0,0,0.082309828,8.23,Retained,0,Lower Risk,0,0
0,0,0,1,0,0,0,0,1,0,0,41,0,5,28,2,0.757,0.972,0.726,2.333333333,63.38028169,0.273545966,0.726454034,0.083333333,0.25,0,0,0.01339287,1.34,Retained,0,Lower Risk,0,0
0,0,0,0,1,0,0,0,0,1,0,62,0,0,50,3,0.997,0.545,0,4.166666667,62.85294118,1,0,0.25,0.25,0,1,0.796619799,79.66,Churn,1,High Risk,0,0
0,0,0,1,0,0,0,0,0,1,0,39,0,3,36,4,0.747,0.509,0.621,3,56.4,0.378867925,0.621132075,0.333333333,0.25,0,0,0.480911303,48.09,Retained,0,Lower Risk,0,0
0,0,0,0,0,0,1,0,0,1,0,56,0,3,46,4,0.617,0.714,0,3.833333333,66.70833333,1,0,0.166666667,0.25,0,0,0.095738868,9.57,Retained,0,Lower Risk,0,0
0,0,0,0,0,0,1,0,1,0,0,50,0,2,45,4,0.539,0.737,0.099,3.75,63.93939394,0.900953778,0.099046222,0,0.083333333,0,0,0.000659201,0.07,Retained,0,Lower Risk,0,0
0,2,0,1,0,0,0,0,1,0,0,50,0,2,40,2,0.718,0.833,0.053,3.333333333,123.9173554,0.947096998,0.052903002,0.083333333,0.083333333,0,0,0.001782407,0.18,Retained,0,Lower Risk,0,0
2,0,0,0,0,0,0,0,0,1,0,36,1,2,25,5,0.579,0.619,0,2.083333333,42.38235294,1,0,0.166666667,0.25,0,0,0.136018965,13.6,Retained,0,Lower Risk,0,0
0,0,0,0,1,0,0,0,0,1,0,41,0,2,30,2,0.645,0.797,0,2.5,111.7258065,1,0,0.083333333,0.166666667,0,0,0.126785332,12.68,Retained,0,Lower Risk,0,0
2,0,0,1,0,0,0,0,1,0,0,42,1,3,30,2,0.857,0.542,0,2.5,65.7027027,1,0,0.25,0.166666667,1,1,0.748332453,74.83,Churn,1,High Risk,0,0
0,0,0,0,0,0,0,1,1,0,0,48,0,2,30,3,0.703,0.536,0,2.5,53.86046512,1,0,0.25,0.25,1,1,0.779189715,77.92,Churn,1,High Risk,0,0
2,0,0,0,0,0,0,1,0,1,0,40,1,4,26,2,0.523,0.689,0.079,2.166666667,52.64473684,0.921066463,0.078933537,0.25,0.166666667,0,0,0.266714296,26.67,Retained,0,Lower Risk,0,0
2,0,0,0,0,0,1,0,1,0,0,54,1,2,36,3,1.048,1.235,0.227,3,48.5,0.772567091,0.227432909,0.25,0.25,0,0,0.054171227,5.42,Retained,0,Lower Risk,0,0
0,0,1,0,0,0,0,0,0,0,0,48,0,2,37,6,0.777,0.66,0.289,3.083333333,54.34090909,0.711365135,0.288634865,0,0.166666667,0,0,0.007012306,0.7,Retained,0,Lower Risk,0,0
0,0,0,0,0,1,0,0,1,0,0,42,0,3,36,6,0.902,0.614,0.299,3,60.36619718,0.700947772,0.299052228,0.083333333,0.25,0,0,0.054002283,5.4,Retained,0,Lower Risk,0,0
0,0,0,1,0,0,0,0,1,0,0,44,0,2,36,3,0.666,0.688,0,3,54.01234568,1,0,0.166666667,0.083333333,0,0,0.029473863,2.95,Retained,0,Lower Risk,0,0
0,0,0,1,0,0,0,0,0,1,0,55,0,1,42,6,0.834,0.786,0.499,3.5,60.37333333,0.500595948,0.499404052,0.166666667,0.25,0,0,0.029957459,3,Retained,0,Lower Risk,0,0
1,0,0,0,0,0,0,0,1,0,0,38,0,2,28,3,0.996,0.72,0.252,2.333333333,36.86046512,0.748366534,0.251633466,0.333333333,0.25,0,0,0.047925019,4.79,Retained,0,Lower Risk,0,0
1,0,0,0,1,0,0,0,0,0,1,49,1,3,38,4,0.732,0.725,0.584,3.166666667,70.82608696,0.415601442,0.584398558,0.25,0.083333333,0,0,0.005068585,0.51,Retained,0,Lower Risk,0,0
0,0,0,0,0,0,1,0,0,1,0,51,0,2,36,3,0.405,0.4,0.446,3,39.57142857,0.553639714,0.446360286,0.25,0.25,1,1,0.685776148,68.58,Churn,1,High Risk,0,0
0,0,0,0,1,0,0,0,0,0,0,32,0,0,36,5,0.893,0.806,0.596,3,38.23214286,0.403853279,0.596146721,0.333333333,0.166666667,0,0,0.008016578,0.8,Retained,0,Lower Risk,0,0
3,0,0,1,0,0,0,0,1,0,0,54,1,3,46,4,1.132,0.774,0.449,3.833333333,47.83636364,0.551107934,0.448892066,0.166666667,0.25,0,0,0.003418869,0.34,Retained,0,Lower Risk,0,0
2,0,0,1,0,0,0,0,1,0,0,37,1,5,31,5,0.67,0.593,0.551,2.583333333,44.41860465,0.448821247,0.551178753,0.333333333,0.25,0,0,0.052292427,5.23,Retained,0,Lower Risk,0,0
2,0,0,0,1,0,0,0,0,1,0,45,1,4,35,1,0.709,0.667,0.248,2.916666667,146.95,0.752396733,0.247603267,0.25,0.083333333,0,0,0.002430862,0.24,Retained,0,Lower Risk,0,0
4,0,0,0,0,0,0,1,1,0,0,51,1,1,31,5,0.686,0.75,0.07,2.583333333,54.04285714,0.929868019,0.070131981,0.166666667,0.083333333,0,0,0.003774229,0.38,Retained,0,Lower Risk,0,0
0,0,0,1,0,0,0,0,0,1,0,40,0,3,29,5,1.044,1.074,0.68,2.416666667,60.10714286,0.319599109,0.680400891,0.333333333,0.083333333,0,0,0.004543994,0.45,Retained,0,Lower Risk,0,0
0,0,0,0,0,0,1,0,1,0,0,50,0,2,34,5,0.645,0.521,0.039,2.833333333,59.68493151,0.961293358,0.038706642,0.166666667,0.25,0,0,0.424827287,42.48,Retained,0,Lower Risk,0,0
0,0,0,1,0,0,0,0,1,0,0,38,0,4,30,3,1.264,0.71,0.286,2.5,48.39622642,0.713997647,0.286002353,0.166666667,0.083333333,0,0,0.002119495,0.21,Retained,0,Lower Risk,0,0
3,0,0,1,0,0,0,0,1,0,0,57,1,4,49,4,0.644,0.7,0.464,4.083333333,51.82352941,0.535878868,0.464121132,0.333333333,0.166666667,0,0,0.018794965,1.88,Retained,0,Lower Risk,0,0
1,0,0,1,0,0,0,0,0,1,0,52,1,1,43,4,0.839,0.587,0.261,3.583333333,48.39726027,0.738911751,0.261088249,0.25,0.25,0,0,0.162936417,16.29,Retained,0,Lower Risk,0,0
1,0,0,1,0,0,0,0,0,0,1,44,0,2,34,2,0.89,0.733,0,2.833333333,96.24358974,1,0,0.25,0.25,1,1,0.708254384,70.83,Churn,1,High Risk,0,0
1,0,0,0,1,0,0,0,0,1,0,50,1,1,39,4,0.675,0.75,0.425,3.25,42.44642857,0.574969021,0.425030979,0.083333333,0.083333333,0,0,0.002430753,0.24,Retained,0,Lower Risk,0,0
4,0,0,1,0,0,0,0,0,1,0,56,1,3,44,3,0.558,0.765,0.038,3.666666667,114.6583333,0.962133503,0.037866497,0.166666667,0.083333333,0,0,0.027996277,2.8,Retained,0,Lower Risk,0,0
2,0,0,0,0,0,0,1,0,0,1,41,1,3,36,4,0.696,0.875,0.278,3,58.2,0.722346465,0.277653535,0.083333333,0.25,0,0,0.011426251,1.14,Retained,0,Lower Risk,0,0
1,0,0,0,0,0,1,0,1,0,0,58,0,2,47,3,0.517,0.421,0.515,3.916666667,42.03703704,0.484550562,0.515449438,0.166666667,0.166666667,0,0,0.11692209,11.69,Retained,0,Lower Risk,0,0
0,0,0,1,0,0,0,0,0,1,0,44,0,4,33,3,0.676,0.66,0.338,2.75,55.93589744,0.662179766,0.337820234,0.166666667,0.166666667,0,0,0.032271878,3.23,Retained,0,Lower Risk,0,0
0,0,0,0,0,0,1,0,1,0,0,48,0,2,38,1,0.617,0.791,0.465,3.166666667,60.11688312,0.534766697,0.465233303,0.25,0.25,0,0,0.099251357,9.93,Retained,0,Lower Risk,0,0
1,0,0,0,1,0,0,0,0,0,0,49,0,1,43,3,0.731,0.692,0.277,3.583333333,50.68181818,0.723313687,0.276686313,0.166666667,0.25,0,0,0.065853926,6.59,Retained,0,Lower Risk,0,0
3,0,0,0,0,0,0,1,0,0,0,43,1,3,36,5,0.93,0.632,0,3,62.93548387,1,0,0.25,0.166666667,0,0,0.153470623,15.35,Retained,0,Lower Risk,0,0
3,0,0,0,1,0,0,0,0,0,1,42,1,5,23,3,0.644,0.804,0,1.916666667,91.5060241,1,0,0.25,0.166666667,0,0,0.379296516,37.93,Retained,0,Lower Risk,0,0
3,0,0,0,0,1,0,0,1,0,0,55,1,1,45,5,1.043,0.875,0.19,3.75,45.35555556,0.81022191,0.18977809,0.25,0.25,0,0,0.032509234,3.25,Retained,0,Lower Risk,0,0
1,0,0,0,1,0,0,0,1,0,0,39,1,2,30,5,0.872,0.833,0,2.5,51.98181818,1,0,0.25,0.25,1,0,0.118816774,11.88,Retained,0,Lower Risk,0,0
1,0,0,1,0,0,0,0,1,0,0,39,1,2,31,5,1.8,1.357,0.132,2.583333333,69.06060606,0.868078738,0.131921262,0.166666667,0.25,0,0,0.00392598,0.39,Retained,0,Lower Risk,0,0
3,0,0,1,0,0,0,0,1,0,0,45,1,1,34,3,0.481,0.889,0.088,2.833333333,58.85294118,0.91241628,0.08758372,0.166666667,0.166666667,0,0,0.022023127,2.2,Retained,0,Lower Risk,0,0
3,0,0,0,1,0,0,0,1,0,0,46,1,4,38,5,0.912,0.733,0.021,3.166666667,66.82692308,0.979454231,0.020545769,0.166666667,0.083333333,0,0,0.028710515,2.87,Retained,0,Lower Risk,0,0
2,0,0,1,0,0,0,0,0,1,0,51,1,2,40,4,0.681,0.574,0.216,3.333333333,54.94594595,0.783691959,0.216308041,0,0.25,0,0,0.0216263,2.16,Retained,0,Lower Risk,0,0
1,0,0,0,0,0,0,0,0,0,1,40,0,3,22,3,0.996,1,0.159,1.833333333,60.03846154,0.840721322,0.159278678,0.25,0.25,0,0,0.039960716,4,Retained,0,Lower Risk,0,0
4,0,0,0,0,0,0,0,0,0,1,45,1,4,40,3,0.694,0.926,0.086,3.333333333,36.67307692,0.914311988,0.085688012,0.166666667,0.166666667,0,0,0.035401801,3.54,Retained,0,Lower Risk,0,0
2,0,0,1,0,0,0,0,0,1,0,62,1,1,36,3,0.563,0.644,0,3,65.13513514,1,0,0.166666667,0.083333333,0,0,0.018235936,1.82,Retained,0,Lower Risk,0,0
0,0,1,0,0,0,0,0,1,0,0,57,0,2,36,1,0.507,0.387,0.588,3,51.44186047,0.411764706,0.588235294,0.25,0.25,1,1,0.937680619,93.77,Churn,1,High Risk,0,0
4,0,0,0,0,0,0,1,0,0,1,51,1,2,33,6,1.437,0.667,0.051,2.75,49.475,0.948567081,0.051432919,0.166666667,0.166666667,0,0,0.002567676,0.26,Retained,0,Lower Risk,0,0
2,0,0,0,0,0,1,0,1,0,0,40,1,3,21,5,2.175,2.5,0,1.75,29.14285714,1,0,0,0.083333333,0,0,0.005905688,0.59,Retained,0,Lower Risk,0,0
3,0,0,0,0,0,0,0,0,0,1,40,1,4,25,3,0.684,0.688,0,2.083333333,43.66666667,1,0,0.083333333,0.25,0,0,0.11938769,11.94,Retained,0,Lower Risk,0,0
1,0,0,0,1,0,0,0,0,0,1,42,1,2,37,6,0.863,0.528,0.751,3.083333333,50.69135802,0.24858002,0.75141998,0.25,0.166666667,0,0,0.066301529,6.63,Retained,0,Lower Risk,0,0
0,0,0,0,0,1,0,0,0,0,0,46,0,4,41,4,0.465,0.462,0.349,3.416666667,64,0.651255708,0.348744292,0.083333333,0.083333333,0,0,0.035345203,3.53,Retained,0,Lower Risk,0,0
1,0,0,1,0,0,0,0,1,0,0,51,1,3,36,6,0.569,1.133,0.086,3,57.5625,0.914176511,0.085823489,0.166666667,0.25,0,0,0.022530384,2.25,Retained,0,Lower Risk,0,0
3,0,0,1,0,0,0,0,0,1,0,48,1,2,36,6,1.524,0.882,0.144,3,45.03125,0.856125601,0.143874399,0.25,0.25,0,0,0.003464458,0.35,Retained,0,Lower Risk,0,0
3,0,0,1,0,0,0,0,0,1,0,37,1,2,36,4,0.635,0.667,0,3,43.72727273,1,0,0.333333333,0.083333333,0,0,0.060098756,6.01,Retained,0,Lower Risk,0,0
1,0,0,0,0,0,0,1,0,1,0,26,1,0,19,5,0.777,0.314,0.73,1.583333333,55.65217391,0.269775949,0.730224051,0.166666667,0.166666667,0,0,0.036961248,3.7,Retained,0,Lower Risk,0,0
1,0,0,0,0,0,0,1,0,1,0,40,1,3,36,1,0.829,0.925,0.144,3,146.6176471,0.855548743,0.144451257,0.083333333,0.25,0,0,0.036334872,3.63,Retained,0,Lower Risk,0,0
0,0,0,1,0,0,0,0,0,0,1,48,0,3,36,1,0.603,0.686,0.211,3,48.68604651,0.789278351,0.210721649,0.25,0.083333333,0,0,0.078773485,7.88,Retained,0,Lower Risk,0,0
3,0,0,1,0,0,0,0,1,0,0,50,1,2,37,3,0.824,0.464,0,3.083333333,33.85365854,1,0,0.25,0.083333333,0,0,0.297279174,29.73,Retained,0,Lower Risk,0,0
0,0,0,1,0,0,0,0,0,1,0,33,0,4,22,5,0.775,0.707,0.608,1.833333333,31.93939394,0.391804098,0.608195902,0.166666667,0.083333333,0,0,0.008124878,0.81,Retained,0,Lower Risk,0,0
3,0,0,0,0,0,0,1,0,1,0,53,1,3,43,4,0.686,0.699,0.031,3.583333333,115.4758065,0.968594275,0.031405725,0.333333333,0.25,0,0,0.347827715,34.78,Retained,0,Lower Risk,0,0
0,0,0,0,0,1,0,0,1,0,0,57,0,3,36,4,0.725,0.857,0.476,3,55.8974359,0.523564356,0.476435644,0.166666667,0.25,0,0,0.0261002,2.61,Retained,0,Lower Risk,0,0
0,0,0,0,0,0,0,0,1,0,0,57,0,0,47,2,0.536,0.756,0.36,3.916666667,56.06944444,0.640242669,0.359757331,0.083333333,0.25,0,0,0.048486727,4.85,Retained,0,Lower Risk,0,0
1,0,0,1,0,0,0,0,0,1,0,42,1,2,36,1,0.68,0.86,0.477,3,43.7375,0.523048043,0.476951957,0.25,0.083333333,0,0,0.121796847,12.18,Retained,0,Lower Risk,0,0
4,0,0,1,0,0,0,0,0,1,0,39,1,1,28,4,0.771,0.673,0,2.333333333,51.87804878,1,0,0.166666667,0.166666667,0,0,0.130292786,13.03,Retained,0,Lower Risk,0,0
0,0,0,1,0,0,0,0,0,1,0,65,0,0,56,5,0.76,0.564,0,4.666666667,36.86885246,1,0,0.25,0.25,0,0,0.435814075,43.58,Retained,0,Lower Risk,0,0
3,0,0,0,1,0,0,0,1,0,0,44,1,5,36,3,1.25,0.946,0.583,3,43.97222222,0.416500598,0.583499402,0.166666667,0.166666667,0,0,0.002443125,0.24,Retained,0,Lower Risk,0,0
2,1,0,1,0,0,0,0,0,0,1,39,1,2,36,4,0.669,0.684,0,3,125.765625,1,0,0.166666667,0.166666667,0,0,0.073973299,7.4,Retained,0,Lower Risk,0,0
0,0,0,0,0,0,0,0,1,0,0,44,0,3,31,5,0.894,0.814,0.271,2.583333333,61.58974359,0.728630086,0.271369914,0.166666667,0.5,0,0,0.002884026,0.29,Retained,0,Lower Risk,0,0
0,0,0,0,0,0,1,0,0,1,0,45,0,1,36,4,0.744,0.808,0.598,3,37.85106383,0.402316367,0.597683633,0.333333333,0.25,0,0,0.097459658,9.75,Retained,0,Lower Risk,0,0
3,0,0,1,0,0,0,0,0,1,0,49,1,4,36,2,0.938,0.652,0,3,99.56578947,1,0,0.166666667,0.25,1,1,0.686285101,68.63,Churn,1,High Risk,0,0
0,3,0,1,0,0,0,0,0,1,0,48,0,4,37,5,0.827,0.69,0,3.083333333,108.1830986,1,0,0.333333333,0.25,1,1,0.649248847,64.92,Churn,1,High Risk,0,0
1,0,0,1,0,0,0,0,0,1,0,48,0,3,33,4,0.817,0.903,0.102,2.75,76.44067797,0.898322851,0.101677149,0.25,0.166666667,0,0,0.047728076,4.77,Retained,0,Lower Risk,0,0
1,0,1,0,0,0,0,0,0,1,0,49,0,4,39,5,0.617,0.824,0.185,3.25,65.24193548,0.814746544,0.185253456,0.083333333,0.25,0,0,0.012893981,1.29,Retained,0,Lower Risk,0,0
0,0,0,1,0,0,0,0,0,1,0,50,0,1,36,3,0.724,0.796,0.077,3,136.1237113,0.922648859,0.077351141,0.166666667,0.166666667,0,0,0.02900185,2.9,Retained,0,Lower Risk,0,0
0,0,0,1,0,0,0,0,1,0,0,44,0,3,38,4,0.405,0.276,0.647,3.166666667,46.43243243,0.35278992,0.64721008,0.25,0.166666667,1,1,0.544322074,54.43,Churn,1,High Risk,0,0
4,0,0,1,0,0,0,0,0,1,0,46,1,4,34,4,0.991,0.659,0,2.833333333,60.92647059,1,0,0.166666667,0.083333333,0,0,0.030198226,3.02,Retained,0,Lower Risk,0,0
1,0,1,0,0,0,0,0,1,0,0,64,1,0,56,3,0.585,0.355,0.447,4.666666667,34.26190476,0.552905054,0.447094946,0.166666667,0.166666667,0,0,0.040751053,4.08,Retained,0,Lower Risk,0,0
0,0,0,0,0,0,0,1,0,1,0,29,0,2,21,4,0.776,0.63,0,1.75,54.70454545,1,0,0.166666667,0.25,0,0,0.100224164,10.02,Retained,0,Lower Risk,0,0
0,0,0,1,0,0,0,0,1,0,0,50,0,0,36,3,0.718,0.533,0,3,55.07246377,1,0,0.25,0.25,0,1,0.74612661,74.61,Churn,1,High Risk,0,0
1,0,0,0,1,0,0,0,1,0,0,62,0,1,53,2,0.758,0.722,0,4.416666667,42.41935484,1,0,0.083333333,0.083333333,1,0,0.198381345,19.84,Retained,0,Lower Risk,0,0
0,0,0,0,0,0,1,0,1,0,0,45,0,2,36,3,0.884,0.9,0.547,3,58.60526316,0.452707334,0.547292666,0.25,0.333333333,0,0,0.045624197,4.56,Retained,0,Lower Risk,0,0
1,0,1,0,0,0,0,0,0,1,0,37,0,2,18,4,0.776,0.353,0,1.5,62.60869565,1,0,0.25,0.083333333,1,1,0.907584947,90.76,Churn,1,High Risk,0,0
3,0,0,1,0,0,0,0,1,0,0,47,1,2,38,6,0.85,0.4,0.066,3.166666667,38.11428571,0.934299751,0.065700249,0.166666667,0.25,0,0,0.066461001,6.65,Retained,0,Lower Risk,0,0
1,0,0,0,0,1,0,0,1,0,0,62,0,0,55,6,0.866,0.765,0.835,4.583333333,39.8,0.165279879,0.834720121,0.333333333,0.083333333,0,0,0.002139139,0.21,Retained,0,Lower Risk,0,0
1,0,0,0,1,0,0,0,0,1,0,55,1,2,36,5,0.607,0.29,0.403,3,36.125,0.596893017,0.403106983,0,0.166666667,0,0,0.030200121,3.02,Retained,0,Lower Risk,0,0
0,1,0,0,0,0,0,0,0,1,0,33,0,1,17,4,0.621,0.69,0.118,1.416666667,32.92957746,0.882138337,0.117861663,0.166666667,0.25,0,0,0.009911831,0.99,Retained,0,Lower Risk,0,0
3,0,0,0,1,0,0,0,1,0,0,47,1,3,36,6,0.948,0.667,0.04,3,53.89230769,0.960476663,0.039523337,0.25,0.25,0,0,0.052482098,5.25,Retained,0,Lower Risk,0,0
0,0,0,0,1,0,0,0,1,0,0,53,0,4,36,6,1.297,1.143,0.393,3,39.66666667,0.606590451,0.393409549,0.25,0.083333333,0,0,0.000900464,0.09,Retained,0,Lower Risk,0,0
2,0,0,1,0,0,0,0,1,0,0,53,1,3,36,4,0.569,0.5,0.711,3,37.26666667,0.288782142,0.711217858,0.166666667,0.25,0,0,0.107424503,10.74,Retained,0,Lower Risk,0,0
0,0,1,0,0,0,0,0,1,0,0,58,0,1,48,4,0.595,0.579,0.557,4,70.38333333,0.44309254,0.55690746,0.166666667,0.166666667,0,0,0.057912854,5.79,Retained,0,Lower Risk,0,0
2,0,0,0,0,0,1,0,0,1,0,50,1,2,43,4,0.815,0.723,0.146,3.583333333,47.35802469,0.853691887,0.146308113,0.25,0.25,0,0,0.063577556,6.36,Retained,0,Lower Risk,0,0
0,0,0,0,0,0,1,0,0,0,0,39,0,1,34,4,0.914,0.875,0.053,2.833333333,49.91666667,0.9467711,0.0532289,0.166666667,0.083333333,0,0,0.004834733,0.48,Retained,0,Lower Risk,0,0
0,0,0,0,0,0,0,0,0,0,1,42,0,2,32,3,0.583,0.648,0.249,2.666666667,51.56179775,0.751425031,0.248574969,0.333333333,0.25,0,0,0.278860903,27.89,Retained,0,Lower Risk,0,0
0,0,0,0,0,0,0,0,0,1,0,39,0,2,36,6,0.605,0.929,0,3,41.77777778,1,0,0.25,0.25,0,0,0.26011812,26.01,Retained,0,Lower Risk,0,0
3,0,0,0,0,0,0,1,1,0,0,44,1,2,39,6,0.871,0.393,0,3.25,38.33333333,1,0,0.166666667,0.166666667,0,0,0.171490502,17.15,Retained,0,Lower Risk,0,0
2,0,0,0,0,0,1,0,0,1,0,46,1,2,35,1,0.75,0.559,0.289,2.916666667,80.7826087,0.710777626,0.289222374,0.083333333,0.083333333,0,0,0.002529283,0.25,Retained,0,Lower Risk,0,0
0,0,0,1,0,0,0,0,1,0,0,46,0,4,34,5,0.632,0.754,0.198,2.833333333,149.08,0.801639778,0.198360222,0.166666667,0.083333333,0,0,0.004199695,0.42,Retained,0,Lower Risk,0,0
2,1,0,1,0,0,0,0,0,1,0,59,1,1,36,2,0.796,0.654,0.094,3,102.0930233,0.905702083,0.094297917,0.166666667,0.166666667,0,0,0.034525011,3.45,Retained,0,Lower Risk,0,0
1,0,1,0,0,0,0,0,0,0,0,43,1,2,34,4,0.697,0.75,0,2.833333333,63.85714286,1,0,0.166666667,0.083333333,0,0,0.011355082,1.14,Retained,0,Lower Risk,0,0
0,0,0,0,0,0,0,1,0,1,0,26,0,0,13,4,0.606,0.364,0.722,1.083333333,58.33333333,0.278461538,0.721538462,0.166666667,0.166666667,0,0,0.103438905,10.34,Retained,0,Lower Risk,0,0
0,0,0,0,0,0,0,1,1,0,0,56,0,0,45,5,0.653,0.973,0,3.75,63.16438356,1,0,0.083333333,0.083333333,0,0,0.004449376,0.44,Retained,0,Lower Risk,0,0
1,0,0,0,0,0,0,0,0,1,0,43,0,4,36,6,0.704,0.54,0,3,53.92207792,1,0,0.083333333,0.25,0,0,0.405312008,40.53,Retained,0,Lower Risk,0,0
0,0,0,0,0,0,1,0,1,0,0,53,0,3,36,3,0.841,0.667,0.822,3,70.01538462,0.177501217,0.822498783,0.25,0.083333333,0,0,0.015805111,1.58,Retained,0,Lower Risk,0,0
1,0,0,1,0,0,0,0,0,0,0,47,0,4,30,1,1,0.729,0.418,2.5,56.25301205,0.582145589,0.417854411,0.083333333,0.083333333,0,0,0.023351204,2.34,Retained,0,Lower Risk,0,0
2,0,0,1,0,0,0,0,1,0,0,52,1,3,36,3,0.718,0.647,0.113,3,89.39285714,0.886725567,0.113274433,0.166666667,0.25,0,0,0.047383954,4.74,Retained,0,Lower Risk,0,0
0,0,0,0,1,0,0,0,0,1,0,61,0,1,52,3,0.838,0.867,0,4.333333333,55.73214286,1,0,0.333333333,0.166666667,1,0,0.136715765,13.67,Retained,0,Lower Risk,0,0
0,0,0,0,0,0,0,0,0,0,1,64,0,1,56,3,0.422,0.536,0,4.666666667,38.3255814,1,0,0.166666667,0.083333333,1,0,0.332212968,33.22,Retained,0,Lower Risk,0,0
0,1,0,0,0,0,1,0,0,0,0,31,0,0,23,2,0.995,0.789,0.173,1.916666667,108.6141732,0.827373272,0.172626728,0.083333333,0.166666667,0,0,0.154120341,15.41,Retained,0,Lower Risk,0,0
1,0,0,0,0,0,0,0,1,0,0,29,1,2,17,3,0.731,0.759,0.266,1.416666667,144.5098039,0.733679204,0.266320796,0.25,0.083333333,0,0,0.061706195,6.17,Retained,0,Lower Risk,0,0
2,0,0,1,0,0,0,0,0,1,0,39,1,2,24,2,0.745,0.797,0.049,2,135.4869565,0.950505097,0.049494903,0.166666667,0.25,0,0,0.034945475,3.49,Retained,0,Lower Risk,0,0
1,0,0,0,0,0,0,1,0,1,0,27,1,0,17,5,0.794,0.4,0,1.416666667,46.53061224,1,0,0.166666667,0.083333333,0,0,0.037649002,3.76,Retained,0,Lower Risk,0,0
3,0,0,0,1,0,0,0,0,0,0,41,1,3,28,1,0.589,0.597,0.127,2.333333333,80.76767677,0.872616828,0.127383172,0.25,0.25,0,0,0.069487699,6.95,Retained,0,Lower Risk,0,0
0,0,0,0,0,0,1,0,1,0,0,45,0,4,39,6,0.825,0.732,0,3.25,64.73239437,1,0,0.083333333,0.25,0,0,0.091137945,9.11,Retained,0,Lower Risk,0,0
2,0,0,0,0,0,0,0,1,0,0,44,1,2,27,3,0.865,0.725,0.092,2.25,63.95652174,0.908234802,0.091765198,0.166666667,0.083333333,0,0,0.017614141,1.76,Retained,0,Lower Risk,0,0
3,0,0,1,0,0,0,0,1,0,0,49,1,2,36,4,0.716,0.5,0.064,3,50.23076923,0.93566454,0.06433546,0.166666667,0.166666667,0,0,0.145822723,14.58,Retained,0,Lower Risk,0,0
3,0,0,0,1,0,0,0,0,1,0,51,1,0,45,3,0.708,0.978,0.236,3.75,55.39325843,0.763617581,0.236382419,0.25,0.166666667,0,0,0.022087349,2.21,Retained,0,Lower Risk,0,0
4,0,0,0,0,0,1,0,1,0,0,57,1,4,38,6,1.125,0.706,0.099,3.166666667,38.68965517,0.900969599,0.099030401,0.166666667,0.5,0,0,0.002877155,0.29,Retained,0,Lower Risk,0,0
0,0,0,0,1,0,0,0,0,1,0,47,0,2,41,1,0.917,0.716,0.636,3.416666667,117.8346457,0.363577864,0.636422136,0.166666667,0.083333333,0,0,0.02029681,2.03,Retained,0,Lower Risk,0,0
0,0,1,0,0,0,0,0,0,1,0,38,0,2,31,6,0.865,0.667,0.634,2.583333333,62.48,0.365916399,0.634083601,0.166666667,0.25,0,0,0.049669899,4.97,Retained,0,Lower Risk,0,0
0,0,0,0,0,0,1,0,0,1,0,54,0,3,49,6,0.892,0.543,0.089,4.083333333,73.63380282,0.91133258,0.08866742,0.25,0.333333333,0,1,0.847474583,84.75,Churn,1,High Risk,0,0
1,0,0,0,0,0,1,0,0,1,0,45,0,2,35,2,0.456,0.75,0.24,2.916666667,47.17857143,0.760169492,0.239830508,0,0.25,0,0,0.142586989,14.26,Retained,0,Lower Risk,0,0
0,0,0,0,1,0,0,0,0,1,0,37,0,3,26,3,0.81,0.489,0.76,2.166666667,67.52238806,0.240315393,0.759684607,0.166666667,0.083333333,0,0,0.134974857,13.5,Retained,0,Lower Risk,0,0
2,0,0,0,0,0,0,1,1,0,0,47,1,4,36,4,0.655,0.588,0.165,3,171.1481481,0.834766179,0.165233821,0.166666667,0.416666667,0,0,0.017399497,1.74,Retained,0,Lower Risk,0,0
2,0,0,1,0,0,0,0,0,1,0,61,1,0,54,2,0.866,0.837,0.139,4.5,113.0379747,0.861371111,0.138628889,0.333333333,0.083333333,1,0,0.405358005,40.54,Retained,0,Lower Risk,0,0
2,0,0,0,0,0,0,1,0,1,0,55,1,4,48,2,0.655,0.687,0.133,4,73.40707965,0.867386723,0.132613277,0.25,0.166666667,0,0,0.035997288,3.6,Retained,0,Lower Risk,0,0
2,0,0,0,1,0,0,0,0,1,0,38,1,1,33,5,0.776,0.604,0.585,2.75,57.64935065,0.415169661,0.584830339,0.083333333,0.333333333,0,0,0.013468694,1.35,Retained,0,Lower Risk,0,0
0,0,0,1,0,0,0,0,1,0,0,46,0,1,40,6,0.699,0.711,0.288,3.333333333,57.36363636,0.712041885,0.287958115,0.166666667,0.166666667,0,0,0.019610703,1.96,Retained,0,Lower Risk,0,0
1,0,0,0,0,0,1,0,0,1,0,61,1,1,52,2,0.647,0.745,0.61,4.333333333,85.81707317,0.389526872,0.610473128,0.083333333,0.083333333,0,0,0.001786167,0.18,Retained,0,Lower Risk,0,0
0,0,0,1,0,0,0,0,1,0,0,63,0,2,52,5,0.416,0.75,0.781,4.333333333,33.94285714,0.21866865,0.78133135,0.25,0.166666667,0,0,0.033216067,3.32,Retained,0,Lower Risk,0,0
0,0,0,0,0,0,1,0,0,1,0,31,0,1,36,2,0.995,0.821,0,3,129.7464789,1,0,0.25,0.25,1,1,0.815409413,81.54,Churn,1,High Risk,0,0
0,0,0,1,0,0,0,0,0,1,0,54,0,1,48,1,0.821,0.516,0.248,4,83.5106383,0.751749883,0.248250117,0.166666667,0.083333333,0,0,0.037990263,3.8,Retained,0,Lower Risk,0,0
3,1,0,0,0,0,1,0,1,0,0,42,1,4,35,1,0.848,0.803,0.041,2.916666667,133.3818182,0.958859659,0.041140341,0.25,0.166666667,0,0,0.139389002,13.94,Retained,0,Lower Risk,0,0
2,0,0,0,0,0,1,0,0,1,0,39,1,3,26,4,0.729,0.776,0.382,2.166666667,49.90804598,0.617894383,0.382105617,0.083333333,0.166666667,0,0,0.00963012,0.96,Retained,0,Lower Risk,0,0
0,0,0,0,0,0,0,0,0,1,0,47,0,3,36,3,0.638,0.812,0.468,3,49.02298851,0.5324,0.4676,0.083333333,0.166666667,0,0,0.021344298,2.13,Retained,0,Lower Risk,0,0
1,0,0,0,1,0,0,0,0,0,1,46,0,4,38,6,0.559,0.933,0.323,3.166666667,53.79310345,0.67654321,0.32345679,0,0.166666667,0,0,0.004275843,0.43,Retained,0,Lower Risk,0,0
0,0,0,1,0,0,0,0,1,0,0,53,0,3,45,6,0.8,0.891,0,3.75,60.01149425,1,0,0.25,0.083333333,0,0,0.022373562,2.24,Retained,0,Lower Risk,0,0
0,0,0,0,0,1,0,0,0,1,0,41,0,4,36,5,1.11,0.889,0.631,3,60.83529412,0.36893531,0.63106469,0.083333333,0.333333333,0,0,0.00259112,0.26,Retained,0,Lower Risk,0,0
1,0,0,0,0,0,0,0,0,1,0,42,0,4,28,2,0.739,1.025,0.671,2.333333333,48.03703704,0.329324372,0.670675628,0.166666667,0.166666667,0,0,0.119130716,11.91,Retained,0,Lower Risk,0,0
0,0,0,0,0,0,0,0,0,1,0,40,0,2,36,4,0.311,0.176,0,3,97.38333333,1,0,0.25,0.166666667,1,1,0.994321414,99.43,Churn,1,High Risk,0,0
0,0,0,0,0,0,0,0,1,0,0,50,0,1,37,2,0.563,0.379,0,3.083333333,54.4,1,0,0.25,0.166666667,1,1,0.980632025,98.06,Churn,1,High Risk,0,0
0,0,0,0,0,0,1,0,0,1,0,45,0,5,32,3,0.79,0.756,0.621,2.666666667,56.20253165,0.378803778,0.621196222,0,0.25,0,0,0.010620232,1.06,Retained,0,Lower Risk,0,0
3,0,0,0,0,0,1,0,1,0,0,56,1,1,36,6,0.872,0.525,0,3,125.5901639,1,0,0.083333333,0.166666667,1,1,0.714377759,71.44,Churn,1,High Risk,0,0
3,0,0,0,0,0,1,0,0,0,0,40,1,3,29,3,0.65,0.841,0.075,2.416666667,47.17283951,0.924831435,0.075168565,0.083333333,0.166666667,0,0,0.024351412,2.44,Retained,0,Lower Risk,0,0
1,0,0,1,0,0,0,0,1,0,0,44,0,4,29,3,0.742,0.667,0,2.416666667,66.18333333,1,0,0.166666667,0.083333333,0,0,0.040261679,4.03,Retained,0,Lower Risk,0,0
0,0,0,1,0,0,0,0,0,1,0,38,0,2,26,1,0.734,0.71,0.304,2.166666667,122.6610169,0.695595855,0.304404145,0.083333333,0.166666667,0,0,0.021733464,2.17,Retained,0,Lower Risk,0,0
0,0,0,0,0,0,0,0,0,0,0,32,0,1,36,3,0.82,0.519,0.554,3,35.4556962,0.445776567,0.554223433,0.333333333,0.416666667,0,0,0.052592378,5.26,Retained,0,Lower Risk,0,0
0,0,0,0,0,0,1,0,0,1,0,38,0,4,30,4,0.574,0.643,0.625,2.5,25.86956522,0.375243285,0.624756715,0,0.083333333,0,0,0.002946463,0.29,Retained,0,Lower Risk,0,0
0,0,0,0,1,0,0,0,1,0,0,33,0,1,36,3,0.855,0.947,0.628,3,56.33783784,0.371654234,0.628345766,0.166666667,0.166666667,0,0,0.015974711,1.6,Retained,0,Lower Risk,0,0
0,0,1,0,0,0,0,0,1,0,0,39,0,2,36,3,0.733,0.667,0.219,3,40.05714286,0.781164279,0.218835721,0.333333333,0.166666667,0,0,0.08946777,8.95,Retained,0,Lower Risk,0,0
0,0,0,0,0,0,1,0,1,0,0,38,0,1,26,5,0.593,0.722,0.193,2.166666667,76.93548387,0.807134638,0.192865362,0.083333333,0.083333333,0,0,0.003920686,0.39,Retained,0,Lower Risk,0,0
3,0,1,0,0,0,0,0,0,0,0,44,1,4,34,5,0.455,0.643,0.264,2.833333333,52.69565217,0.736083916,0.263916084,0.333333333,0.083333333,0,0,0.020950118,2.1,Retained,0,Lower Risk,0,0
3,0,0,0,0,0,0,1,0,0,1,50,1,1,36,6,0.825,1.1,0.096,3,163.6507937,0.904408073,0.095591927,0.333333333,0.25,1,0,0.28705055,28.71,Retained,0,Lower Risk,0,0
4,0,0,0,0,0,0,0,1,0,0,36,1,2,29,6,1.209,0.969,0,2.416666667,47.19047619,1,0,0.166666667,0.25,0,0,0.005863287,0.59,Retained,0,Lower Risk,0,0
1,0,0,0,0,0,0,1,0,1,0,49,0,4,39,6,0.806,0.667,0.18,3.25,73.72307692,0.820373882,0.179626118,0.25,0.166666667,0,0,0.046612514,4.66,Retained,0,Lower Risk,0,0
0,0,0,0,1,0,0,0,0,0,1,40,0,4,34,3,1.405,2.333,0.76,2.833333333,58.55,0.24026562,0.75973438,0.083333333,0.333333333,0,0,0.002348422,0.23,Retained,0,Lower Risk,0,0
1,0,0,0,1,0,0,0,0,1,0,42,0,3,30,4,0.428,0.472,0,2.5,56.78205128,1,0,0.25,0.166666667,0,1,0.862491048,86.25,Churn,1,High Risk,0,0
2,0,1,0,0,0,0,0,1,0,0,55,1,1,49,6,0.512,0.357,0.531,4.083333333,39.57894737,0.46878399,0.53121601,0.333333333,0.166666667,0,0,0.026418819,2.64,Retained,0,Lower Risk,0,0
0,0,0,0,1,0,0,0,0,1,0,47,0,5,36,2,0.694,0.591,0,3,63.85714286,1,0,0.166666667,0.25,1,0,0.404900557,40.49,Retained,0,Lower Risk,0,0
1,1,0,0,1,0,0,0,0,1,0,47,1,4,32,3,0.646,0.667,0.064,2.666666667,54,0.935689237,0.064310763,0.333333333,0.25,0,0,0.051869227,5.19,Retained,0,Lower Risk,0,0
4,0,0,0,0,0,1,0,1,0,0,45,1,2,36,6,0.678,0.562,0.431,3,65.29333333,0.569021578,0.430978422,0.25,0.166666667,0,0,0.069961274,7,Retained,0,Lower Risk,0,0
0,0,0,1,0,0,0,0,1,0,0,48,0,1,42,3,0.708,0.312,0.443,3.5,60.04761905,0.55715757,0.44284243,0.166666667,0.25,1,1,0.798073888,79.81,Churn,1,High Risk,0,0
3,0,0,0,0,0,0,1,1,0,0,54,1,1,43,4,0.506,0.423,0.062,3.583333333,38.91891892,0.938079735,0.061920265,0.333333333,0.166666667,0,0,0.065565958,6.56,Retained,0,Lower Risk,0,0
3,0,0,1,0,0,0,0,0,1,0,44,1,4,24,5,0.569,0.714,0.598,2,52.95833333,0.40218807,0.59781193,0,0.25,0,0,0.003711789,0.37,Retained,0,Lower Risk,0,0
3,0,0,0,0,1,0,0,1,0,0,55,1,3,36,6,0.696,0.685,0.309,3,49.17582418,0.69078125,0.30921875,0,0.083333333,0,0,0.000611816,0.06,Retained,0,Lower Risk,0,0
0,0,0,1,0,0,0,0,1,0,0,56,0,2,44,2,0.915,0.949,0.168,3.666666667,62.19736842,0.83239883,0.16760117,0.166666667,0.083333333,0,0,0.015776211,1.58,Retained,0,Lower Risk,0,0
0,0,0,0,1,0,0,0,1,0,0,36,0,3,28,3,0.73,0.878,0,2.333333333,60,1,0,0.083333333,0.083333333,0,0,0.014145827,1.41,Retained,0,Lower Risk,0,0
0,0,0,1,0,0,0,0,1,0,0,53,0,2,47,3,0.419,0.875,0.86,3.916666667,37.18333333,0.140075162,0.859924838,0.166666667,0.333333333,1,0,0.203806501,20.38,Retained,0,Lower Risk,0,0
3,0,1,0,0,0,0,0,1,0,0,52,1,2,38,4,0.542,0.735,0.126,3.166666667,33.3559322,0.873582854,0.126417146,0.166666667,0.166666667,0,0,0.044055857,4.41,Retained,0,Lower Risk,0,0
0,0,1,0,0,0,0,0,1,0,0,55,0,2,47,6,0.732,0.587,0,3.916666667,57.54794521,1,0,0.25,0.083333333,0,0,0.205421723,20.54,Retained,0,Lower Risk,0,0
0,0,0,0,0,1,0,0,0,1,0,49,0,0,43,1,0.537,0.533,0.632,3.583333333,64.72463768,0.367996775,0.632003225,0.083333333,0.25,0,0,0.192367544,19.24,Retained,0,Lower Risk,0,0
0,0,0,1,0,0,0,0,0,0,0,65,0,0,56,3,1.016,0.286,0,4.666666667,63.40740741,1,0,0.25,0.5,1,1,0.993889702,99.39,Churn,1,High Risk,0,0
0,0,0,1,0,0,0,0,0,1,0,48,0,3,36,2,0.751,0.707,0.523,3,109.21875,0.477331273,0.522668727,0.083333333,0.25,0,0,0.027405839,2.74,Retained,0,Lower Risk,0,0
2,1,0,1,0,0,0,0,1,0,0,47,1,2,32,4,0.505,0.684,0.043,2.666666667,41.5625,0.957469,0.042531,0.166666667,0.166666667,0,0,0.062624916,6.26,Retained,0,Lower Risk,0,0
1,1,0,0,0,0,0,0,1,0,0,46,1,2,34,5,0.242,0.367,0,2.833333333,38.07317073,1,0,0.333333333,0.25,1,1,0.847472558,84.75,Churn,1,High Risk,0,0
0,0,0,0,0,0,0,1,0,0,1,47,1,4,37,6,0.569,0.487,0.146,3.083333333,39.84482759,0.854348585,0.145651415,0.25,0.25,0,0,0.20293605,20.29,Retained,0,Lower Risk,0,0
3,0,0,1,0,0,0,0,1,0,0,57,1,0,52,4,0.358,0.296,0.928,4.333333333,38.37142857,0.072152886,0.927847114,0.333333333,0.5,0,0,0.210129608,21.01,Retained,0,Lower Risk,0,0
1,0,0,0,0,0,1,0,1,0,0,49,0,4,36,5,0.581,0.776,0,3,87.24137931,1,0,0.25,0.166666667,1,0,0.419344232,41.93,Retained,0,Lower Risk,0,0
0,0,1,0,0,0,0,0,1,0,0,46,0,4,26,3,0.726,0.64,0,2.166666667,64.17073171,1,0,0.5,0.25,1,1,0.908938284,90.89,Churn,1,High Risk,0,0
1,0,0,0,0,0,1,0,0,1,0,48,1,4,37,1,0.622,0.429,0.416,3.083333333,53.45,0.584092635,0.415907365,0.333333333,0.25,1,1,0.963336159,96.33,Churn,1,High Risk,0,0
3,0,0,0,0,0,0,0,0,1,0,39,1,4,31,4,0.62,0.514,0.035,2.583333333,34.35849057,0.965383421,0.034616579,0.166666667,0.25,0,0,0.258662858,25.87,Retained,0,Lower Risk,0,0
0,0,0,0,1,0,0,0,0,1,0,51,0,5,36,1,0.759,0.875,0.272,3,102.8,0.728449967,0.271550033,0.083333333,0.083333333,0,0,0.00255708,0.26,Retained,0,Lower Risk,0,0
0,0,0,0,0,1,0,0,1,0,0,43,0,4,33,2,0.762,0.542,0.111,2.75,42.32432432,0.889207944,0.110792056,0.25,0.25,0,1,0.833907589,83.39,Churn,1,High Risk,0,0
0,0,0,1,0,0,0,0,0,1,0,34,0,2,24,5,0.969,0.8,0.342,2,48.46296296,0.657738095,0.342261905,0.25,0.25,0,0,0.016046684,1.6,Retained,0,Lower Risk,0,0
0,0,0,1,0,0,0,0,1,0,0,43,0,3,31,6,0.892,0.771,0,2.583333333,57.55294118,1,0,0.25,0.083333333,0,0,0.025147005,2.51,Retained,0,Lower Risk,0,0
3,0,0,0,1,0,0,0,0,1,0,55,1,2,36,3,0.823,0.738,0,3,136.6509434,1,0,0.166666667,0.166666667,0,0,0.171127375,17.11,Retained,0,Lower Risk,0,0
4,0,0,0,0,0,0,1,1,0,0,40,1,3,26,3,0.437,0.604,0.142,2.166666667,49.24675325,0.858037876,0.141962124,0.083333333,0.25,0,0,0.075391591,7.54,Retained,0,Lower Risk,0,0
0,0,0,0,0,1,0,0,1,0,0,34,0,2,27,2,1.009,0.7,0.81,2.25,76.88235294,0.190034762,0.809965238,0.25,0.25,0,0,0.212031196,21.2,Retained,0,Lower Risk,0,0
4,0,0,1,0,0,0,0,0,1,0,55,1,2,36,5,0.51,0.564,0,3,55.14754098,1,0,0.166666667,0.166666667,0,0,0.266097513,26.61,Retained,0,Lower Risk,0,0
0,0,0,0,1,0,0,0,1,0,0,46,0,4,34,6,0.652,0.49,0.21,2.833333333,57.55263158,0.789678857,0.210321143,0.25,0.083333333,0,0,0.088322268,8.83,Retained,0,Lower Risk,0,0
3,0,0,0,0,0,0,1,0,1,0,52,1,2,41,3,0.574,1.054,0.517,3.416666667,52.52631579,0.483133841,0.516866159,0.083333333,0.25,0,0,0.013601961,1.36,Retained,0,Lower Risk,0,0
0,0,1,0,0,0,0,0,0,1,0,45,0,2,33,6,0.914,0.793,0.201,2.75,72,0.79884747,0.20115253,0.25,0.166666667,0,0,0.045003896,4.5,Retained,0,Lower Risk,0,0
3,0,0,1,0,0,0,0,0,1,0,37,1,3,17,1,1.023,0.892,0.358,1.416666667,123.8142857,0.64212828,0.35787172,0.166666667,0.083333333,1,0,0.479734494,47.97,Retained,0,Lower Risk,0,0
1,1,0,1,0,0,0,0,1,0,0,51,1,1,36,6,0.731,0.778,0.055,3,68.734375,0.945266685,0.054733315,0.166666667,0.166666667,0,0,0.007584636,0.76,Retained,0,Lower Risk,0,0
0,1,0,1,0,0,0,0,1,0,0,45,0,4,40,2,0.905,0.808,0,3.333333333,91.88297872,1,0,0.166666667,0.416666667,0,0,0.486556209,48.66,Retained,0,Lower Risk,0,0
3,0,0,1,0,0,0,0,0,1,0,46,1,3,35,6,1.019,0.638,0,2.916666667,43.41558442,1,0,0.333333333,0.25,0,0,0.161969264,16.2,Retained,0,Lower Risk,0,0
1,0,0,0,1,0,0,0,1,0,0,35,0,5,25,3,0.763,0.517,0,2.083333333,56.81818182,1,0,0.5,0.166666667,1,1,0.989233552,98.92,Churn,1,High Risk,0,0
0,0,0,0,0,0,0,1,0,1,0,29,0,1,36,1,0.701,0.778,0.68,3,58.25,0.319942092,0.680057908,0.166666667,0.083333333,0,0,0.006343448,0.63,Retained,0,Lower Risk,0,0
0,0,0,0,0,0,0,0,0,1,0,40,0,3,29,4,0.673,0.881,0.109,2.416666667,55.53164557,0.891007698,0.108992302,0.083333333,0.25,0,0,0.013707598,1.37,Retained,0,Lower Risk,0,0
3,0,0,1,0,0,0,0,0,1,0,49,1,1,42,6,0.964,0.9,0.082,3.5,48.24561404,0.917867597,0.082132403,0.083333333,0.166666667,0,0,0.001957895,0.2,Retained,0,Lower Risk,0,0
3,0,0,1,0,0,0,0,1,0,0,50,1,2,31,3,0.76,0.55,0.025,2.583333333,33.51612903,0.975127848,0.024872152,0.25,0.25,1,1,0.578604159,57.86,Churn,1,High Risk,0,0
0,0,0,0,1,0,0,0,1,0,0,52,0,3,39,5,0.705,0.516,0.762,3.25,57.06382979,0.237734706,0.762265294,0.166666667,0.25,1,0,0.299716981,29.97,Retained,0,Lower Risk,0,0
0,0,0,1,0,0,0,0,0,0,1,47,0,4,35,4,0.571,0.816,0,2.916666667,54.75362319,1,0,0.333333333,0.166666667,0,0,0.153899568,15.39,Retained,0,Lower Risk,0,0
3,0,0,0,1,0,0,0,0,0,1,48,1,3,36,3,0.529,0.657,0.224,3,31.15517241,0.77636578,0.22363422,0.25,0.083333333,0,0,0.034124102,3.41,Retained,0,Lower Risk,0,0
0,0,0,0,0,1,0,0,1,0,0,45,0,3,32,2,0.814,0.854,0.78,2.666666667,62.6741573,0.219735877,0.780264123,0.166666667,0.25,0,0,0.062967116,6.3,Retained,0,Lower Risk,0,0
1,0,0,1,0,0,0,0,0,1,0,37,1,1,27,5,0.717,0.968,0.44,2.25,38.50819672,0.559854583,0.440145417,0.333333333,0.25,0,0,0.010196451,1.02,Retained,0,Lower Risk,0,0
0,0,0,0,1,0,0,0,0,1,0,34,1,2,36,3,0.889,0.743,0.037,3,43.47540984,0.963471118,0.036528882,0.166666667,0.333333333,0,0,0.052790828,5.28,Retained,0,Lower Risk,0,0
2,0,0,0,0,0,0,1,0,1,0,56,1,3,51,2,0.552,0.592,0.146,4.25,52.52564103,0.854055612,0.145944388,0.166666667,0.166666667,0,0,0.146147467,14.61,Retained,0,Lower Risk,0,0
1,0,1,0,0,0,0,0,0,1,0,35,1,1,24,6,0.713,0.667,0.187,2,41,0.812649279,0.187350721,0.166666667,0.25,0,0,0.011276644,1.13,Retained,0,Lower Risk,0,0
1,0,0,0,0,0,0,1,0,0,1,48,1,3,37,3,0.496,0.432,0.171,3.083333333,61.93650794,0.828925241,0.171074759,0.333333333,0.166666667,0,1,0.518555229,51.86,Churn,1,High Risk,0,0
3,0,0,0,0,0,0,0,1,0,0,31,1,1,36,4,1.239,0.625,0.417,3,40.55769231,0.583333333,0.416666667,0.25,0.25,0,0,0.00701926,0.7,Retained,0,Lower Risk,0,0
4,0,0,1,0,0,0,0,1,0,0,49,1,1,29,2,0.891,0.758,0.267,2.416666667,78.98165138,0.732679739,0.267320261,0.166666667,0.25,0,0,0.108222172,10.82,Retained,0,Lower Risk,0,0
0,0,0,1,0,0,0,0,1,0,0,40,0,2,35,3,0.758,0.708,0,2.916666667,63.87804878,1,0,0.25,0.083333333,0,0,0.038124869,3.81,Retained,0,Lower Risk,0,0
3,0,0,0,0,0,1,0,0,1,0,58,1,2,46,1,0.908,0.903,0,3.833333333,138.9661017,1,0,0.083333333,0.25,1,0,0.480793712,48.08,Retained,0,Lower Risk,0,0
2,1,0,0,0,1,0,0,0,0,0,62,1,0,46,4,0.594,0.552,0.01,3.833333333,50.68888889,0.98983315,0.01016685,0.5,0.416666667,1,1,0.884400936,88.44,Churn,1,High Risk,0,0
1,0,0,0,0,0,0,0,0,0,0,48,0,3,41,4,0.696,0.625,0.179,3.416666667,35.66666667,0.820908312,0.179091688,0.25,0.083333333,0,0,0.032042761,3.2,Retained,0,Lower Risk,0,0
2,0,0,0,0,0,0,1,1,0,0,44,1,4,32,4,0.921,0.711,0.158,2.666666667,55.96103896,0.841510942,0.158489058,0.083333333,0.083333333,0,0,0.002054889,0.21,Retained,0,Lower Risk,0,0
3,0,0,1,0,0,0,0,1,0,0,39,1,3,31,4,0.681,0.941,0.054,2.583333333,53.93939394,0.945989009,0.054010991,0.25,0.166666667,0,0,0.020877631,2.09,Retained,0,Lower Risk,0,0
0,0,0,0,1,0,0,0,0,1,0,38,0,3,26,2,0.983,0.367,0.831,2.166666667,67.07317073,0.169178082,0.830821918,0,0.25,1,1,0.89074278,89.07,Churn,1,High Risk,0,0
0,0,0,0,0,0,0,1,1,0,0,44,0,5,34,2,0.823,0.76,0.496,2.833333333,91.64772727,0.504016064,0.495983936,0.25,0.083333333,0,0,0.010945877,1.09,Retained,0,Lower Risk,0,0
3,0,0,0,0,0,0,0,1,0,0,45,1,3,36,3,0.409,0.389,0.83,3,43.76,0.169580996,0.830419004,0.166666667,0.166666667,1,0,0.494396387,49.44,Retained,0,Lower Risk,0,0
1,0,0,0,0,0,0,1,1,0,0,53,0,2,48,2,0.822,0.912,0.249,4,132.4495413,0.750787933,0.249212067,0.25,0.25,0,0,0.098031117,9.8,Retained,0,Lower Risk,0,0
2,0,0,0,1,0,0,0,0,1,0,44,1,5,35,3,0.724,0.765,0.167,2.916666667,55.37777778,0.832688751,0.167311249,0.166666667,0.166666667,0,0,0.011182014,1.12,Retained,0,Lower Risk,0,0
0,1,1,0,0,0,0,0,0,0,1,42,0,2,36,6,0.813,0.711,0.107,3,51.35384615,0.892892595,0.107107405,0.166666667,0.083333333,0,0,0.004218003,0.42,Retained,0,Lower Risk,0,0
0,0,0,0,0,0,1,0,0,1,0,52,0,1,36,2,0.7,0.792,0.572,3,85.12631579,0.428175092,0.571824908,0.083333333,0.166666667,0,0,0.0085485,0.85,Retained,0,Lower Risk,0,0
0,0,0,0,1,0,0,0,1,0,0,36,0,3,27,4,1.563,0.545,0.709,2.25,52.31372549,0.291231127,0.708768873,0.333333333,0.166666667,0,0,0.06345918,6.35,Retained,0,Lower Risk,0,0
0,0,0,0,0,0,1,0,0,1,0,40,0,3,28,3,0.593,0.653,0.719,2.333333333,60.7037037,0.280669145,0.719330855,0.25,0.25,0,0,0.077648987,7.76,Retained,0,Lower Risk,0,0
0,0,0,1,0,0,0,0,0,1,0,46,0,2,31,5,0.568,0.765,0.112,2.583333333,50.03333333,0.887540944,0.112459056,0.25,0.166666667,0,0,0.104195312,10.42,Retained,0,Lower Risk,0,0
0,0,0,0,0,0,0,0,0,1,0,45,0,2,33,1,0.549,0.292,0,2.75,65.70967742,1,0,0.25,0.25,1,1,0.989371785,98.94,Churn,1,High Risk,0,0
0,0,0,0,1,0,0,0,1,0,0,35,0,1,26,4,0.873,0.9,0.469,2.166666667,55.75,0.53076121,0.46923879,0.25,0.166666667,0,0,0.035253612,3.53,Retained,0,Lower Risk,0,0
0,0,0,1,0,0,0,0,0,0,1,46,0,3,36,5,0.58,0.44,0.324,3,51.48611111,0.675834971,0.324165029,0.333333333,0.25,0,1,0.723323968,72.33,Churn,1,High Risk,0,0
0,0,0,1,0,0,0,0,1,0,0,56,0,1,48,6,0.706,0.882,0,4,41.75,1,0,0.166666667,0.166666667,0,0,0.043158443,4.32,Retained,0,Lower Risk,0,0
0,0,0,1,0,0,0,0,1,0,0,49,0,3,37,4,0.476,0.324,0,3.083333333,35.83673469,1,0,0.083333333,0.166666667,1,1,0.533512537,53.35,Churn,1,High Risk,0,0
3,0,0,0,0,1,0,0,0,1,0,55,1,5,47,3,0.414,0.333,0,3.916666667,39.63888889,1,0,0.333333333,0.083333333,1,1,0.567630558,56.76,Churn,1,High Risk,0,0
3,0,0,0,0,0,1,0,0,1,0,40,1,3,34,4,0.449,0.548,0.233,2.833333333,70.21538462,0.766988163,0.233011837,0.166666667,0.166666667,0,0,0.086328924,8.63,Retained,0,Lower Risk,0,0
0,0,0,0,0,0,0,1,0,1,0,39,0,2,25,4,0.868,0.974,0.525,2.083333333,66.14285714,0.475014037,0.524985963,0.083333333,0.166666667,0,0,0.017534325,1.75,Retained,0,Lower Risk,0,0
3,0,0,0,0,0,0,1,1,0,0,49,1,4,44,2,1.048,0.729,0.112,3.666666667,121.8429752,0.88820437,0.11179563,0.25,0.25,0,1,0.639131372,63.91,Churn,1,High Risk,0,0
0,0,0,0,0,0,1,0,1,0,0,55,0,2,43,6,1.06,0.977,0.363,3.583333333,47.97647059,0.637061404,0.362938596,0.25,0.166666667,0,0,0.004058136,0.41,Retained,0,Lower Risk,0,0
0,0,0,1,0,0,0,0,0,1,0,51,0,2,36,4,0.738,0.733,0.32,3,64.3974359,0.679879276,0.320120724,0.083333333,0.25,0,0,0.025030647,2.5,Retained,0,Lower Risk,0,0
4,0,0,0,1,0,0,0,1,0,0,53,1,3,40,6,0.885,1.182,0.177,3.333333333,54.04166667,0.822812052,0.177187948,0.416666667,0.166666667,0,0,0.008171756,0.82,Retained,0,Lower Risk,0,0
3,0,0,0,0,0,0,1,0,1,0,39,1,3,23,6,0.668,0.44,0.793,1.916666667,47.52777778,0.206769684,0.793230316,0.333333333,0.083333333,0,0,0.041055223,4.11,Retained,0,Lower Risk,0,0
2,0,0,0,1,0,0,0,0,0,1,39,1,2,32,3,0.896,0.517,0,2.666666667,64.94505495,1,0,0.166666667,0.166666667,0,0,0.490490034,49.05,Retained,0,Lower Risk,0,0
1,1,0,0,0,0,0,0,0,1,0,33,1,4,20,2,0.702,0.684,0,1.666666667,121.015625,1,0,0.25,0.083333333,1,0,0.197315206,19.73,Retained,0,Lower Risk,0,0
1,0,0,0,0,0,0,1,1,0,0,51,0,1,36,2,0.999,0.395,0,3,78.73333333,1,0,0.166666667,0.25,1,1,0.990328592,99.03,Churn,1,High Risk,0,0
0,0,0,0,0,0,1,0,0,1,0,38,0,2,25,2,0.991,1.111,0.353,2.083333333,58.23684211,0.646677472,0.353322528,0.083333333,0.25,0,0,0.04965107,4.97,Retained,0,Lower Risk,0,0
1,0,1,0,0,0,0,0,0,0,0,42,1,3,36,3,0.31,0.65,0,3,49.72727273,1,0,0.083333333,0.166666667,0,0,0.488914895,48.89,Retained,0,Lower Risk,0,0
4,1,1,0,0,0,0,0,1,0,0,45,1,5,36,6,1.007,1.206,0.059,3,54.22666667,0.940954919,0.059045081,0.333333333,0.083333333,0,0,0.001270083,0.13,Retained,0,Lower Risk,0,0
3,0,0,0,1,0,0,0,1,0,0,49,1,5,36,6,0.976,0.5,0,3,43.06666667,1,0,0.166666667,0.166666667,0,0,0.240704977,24.07,Retained,0,Lower Risk,0,0
2,0,0,1,0,0,0,0,0,1,0,52,1,2,45,2,0.466,0.621,0,3.75,50.10638298,1,0,0.25,0.25,1,1,0.813596085,81.36,Churn,1,High Risk,0,0
3,0,0,0,0,0,0,0,1,0,0,34,1,3,28,3,1.013,0.714,0.081,2.333333333,42.88888889,0.919281244,0.080718756,0.25,0.083333333,0,0,0.025083525,2.51,Retained,0,Lower Risk,0,0
0,0,0,0,0,0,1,0,0,0,0,31,0,2,19,6,0.866,0.789,0.687,1.583333333,39.66176471,0.312653347,0.687346653,0,0.166666667,0,0,0.004892332,0.49,Retained,0,Lower Risk,0,0
1,0,0,1,0,0,0,0,0,1,0,58,0,2,50,4,0.777,0.68,0,4.166666667,57.69047619,1,0,0.25,0.25,0,0,0.180715775,18.07,Retained,0,Lower Risk,0,0
3,0,0,0,0,0,0,1,0,0,0,47,1,4,28,6,0.507,0.516,0,2.333333333,44.85106383,1,0,0.25,0.083333333,1,0,0.324597547,32.46,Retained,0,Lower Risk,0,0
0,0,0,0,0,0,0,1,1,0,0,42,0,2,29,3,0.607,0.814,0.341,2.416666667,59.78205128,0.659447983,0.340552017,0.083333333,0.25,0,0,0.011689957,1.17,Retained,0,Lower Risk,0,0
0,0,0,1,0,0,0,0,1,0,0,50,0,4,36,6,0.752,0.643,0.801,3,67.65217391,0.199342376,0.800657624,0.166666667,0.166666667,0,0,0.030881037,3.09,Retained,0,Lower Risk,0,0
0,0,0,1,0,0,0,0,0,1,0,51,0,4,39,3,0.787,0.553,0.731,3.25,62.23728814,0.268703899,0.731296101,0.083333333,0.166666667,0,0,0.059783481,5.98,Retained,0,Lower Risk,0,0
4,0,0,0,0,0,0,0,1,0,0,36,1,3,24,2,0.713,0.361,0.141,2,52.95918367,0.858695652,0.141304348,0.25,0.166666667,1,1,0.89184561,89.18,Churn,1,High Risk,0,0
0,0,0,0,0,0,0,1,0,1,0,51,0,2,36,2,0.615,0.619,0.948,3,68.52941176,0.05163728,0.94836272,0.166666667,0.166666667,0,0,0.156330347,15.63,Retained,0,Lower Risk,0,0
1,1,0,1,0,0,0,0,0,1,0,42,1,3,36,3,0.84,0.558,0.122,3,51.70149254,0.877695932,0.122304068,0.25,0.166666667,0,0,0.126162303,12.62,Retained,0,Lower Risk,0,0
3,0,0,0,0,0,0,1,0,1,0,48,1,4,36,1,0.766,0.231,0.212,3,40.1875,0.787809813,0.212190187,0.083333333,0.25,1,1,0.819164079,81.92,Churn,1,High Risk,0,0
3,0,0,0,1,0,0,0,0,0,1,40,1,3,34,1,0.399,0.345,0,2.833333333,54.56410256,1,0,0.333333333,0.25,1,1,0.996623819,99.66,Churn,1,High Risk,0,0
3,0,0,0,1,0,0,0,0,1,0,41,1,3,36,4,0.826,0.524,0.196,3,34.1875,0.803711546,0.196288454,0.25,0.25,0,0,0.189747178,18.97,Retained,0,Lower Risk,0,0
0,0,0,0,0,0,0,0,0,1,0,53,0,2,46,3,0.766,0.971,0,3.833333333,67.07246377,1,0,0.166666667,0.416666667,0,0,0.101662755,10.17,Retained,0,Lower Risk,0,0
3,0,0,0,0,0,1,0,0,0,0,43,1,4,36,2,0.969,0.75,0,3,124.5555556,1,0,0.166666667,0.25,1,1,0.735695438,73.57,Churn,1,High Risk,0,0
3,0,0,0,0,1,0,0,0,1,0,48,1,1,38,4,0.955,0.485,0,3.166666667,99.79591837,1,0,0.166666667,0.166666667,1,1,0.951613872,95.16,Churn,1,High Risk,0,0
3,0,0,0,0,0,0,1,0,1,0,38,1,1,29,2,0.697,0.698,0,2.416666667,60.28767123,1,0,0.25,0.166666667,0,0,0.348423205,34.84,Retained,0,Lower Risk,0,0
0,0,0,0,1,0,0,0,1,0,0,40,1,4,35,3,0.628,0.9,0.346,2.916666667,53.73684211,0.65379373,0.34620627,0.083333333,0.25,0,0,0.014729224,1.47,Retained,0,Lower Risk,0,0
3,0,0,0,0,1,0,0,1,0,0,44,1,2,37,5,0.552,0.781,0,3.083333333,70.92982456,1,0,0.083333333,0.083333333,0,0,0.006625339,0.66,Retained,0,Lower Risk,0,0
1,0,0,0,0,0,0,1,1,0,0,33,0,3,22,2,0.761,0.686,0,1.833333333,52.65116279,1,0,0.166666667,0.25,0,0,0.209632635,20.96,Retained,0,Lower Risk,0,0
3,0,0,0,0,0,0,1,0,1,0,55,1,2,46,2,0.855,0.528,0,3.833333333,96.97530864,1,0,0.083333333,0.083333333,0,0,0.159518322,15.95,Retained,0,Lower Risk,0,0
1,0,0,0,0,0,1,0,0,0,0,55,0,1,47,3,0.735,0.688,0.691,3.916666667,56.97530864,0.309232481,0.690767519,0.25,0.166666667,0,0,0.042578775,4.26,Retained,0,Lower Risk,0,0
2,1,0,1,0,0,0,0,0,0,0,44,1,3,34,2,0.865,0.579,0.048,2.833333333,93.88888889,0.952138139,0.047861861,0.25,0.25,0,0,0.3388467,33.88,Retained,0,Lower Risk,0,0
2,0,0,1,0,0,0,0,1,0,0,49,1,1,37,5,0.308,0.556,0.25,3.083333333,52.15714286,0.750309023,0.249690977,0.333333333,0.083333333,0,0,0.047371662,4.74,Retained,0,Lower Risk,0,0
4,0,0,0,1,0,0,0,1,0,0,53,1,2,36,5,1.466,0.833,0.328,3,59.93939394,0.671973566,0.328026434,0.25,0.25,0,0,0.008024069,0.8,Retained,0,Lower Risk,0,0
4,0,0,0,1,0,0,0,0,0,1,53,1,1,34,2,0.709,0.727,0.174,2.833333333,131.1315789,0.825555425,0.174444575,0.166666667,0.083333333,0,0,0.002521615,0.25,Retained,0,Lower Risk,0,0
3,0,0,0,0,0,0,1,0,1,0,31,1,2,24,6,0.801,0.605,0.034,2,33.75362319,0.965812956,0.034187044,0.25,0.25,0,0,0.028949751,2.89,Retained,0,Lower Risk,0,0
0,0,0,0,1,0,0,0,0,0,0,49,0,3,40,3,0.442,0.263,0,3.333333333,56.375,1,0,0.166666667,0.25,0,1,0.954361254,95.44,Churn,1,High Risk,0,0
0,0,0,0,0,0,0,1,0,1,0,32,0,0,17,1,0.84,0.776,0.243,1.416666667,61.75862069,0.757030371,0.242969629,0.083333333,0.166666667,0,0,0.021305502,2.13,Retained,0,Lower Risk,0,0
0,0,0,0,0,0,1,0,0,1,0,39,0,4,36,5,0.657,0.6,0.635,3,47.25,0.365274051,0.634725949,0.083333333,0.25,0,0,0.099549089,9.95,Retained,0,Lower Risk,0,0
3,0,0,1,0,0,0,0,1,0,0,45,1,3,40,3,0.358,0.448,0,3.333333333,38.85714286,1,0,0.166666667,0.25,1,1,0.784875432,78.49,Churn,1,High Risk,0,0
0,0,0,0,0,0,0,1,0,0,0,49,0,4,43,5,0.796,0.644,0.255,3.583333333,52.90540541,0.745049505,0.254950495,0.166666667,0.083333333,0,0,0.005814347,0.58,Retained,0,Lower Risk,0,0
0,0,0,1,0,0,0,0,0,1,0,59,0,0,46,4,0.74,0.714,0.529,3.833333333,40.44444444,0.470762155,0.529237845,0.166666667,0.083333333,0,0,0.008298142,0.83,Retained,0,Lower Risk,0,0
0,1,0,0,0,0,0,1,1,0,0,51,0,2,36,6,0.699,0.867,0.082,3,66.48214286,0.918042282,0.081957718,0.25,0.166666667,0,0,0.025823623,2.58,Retained,0,Lower Risk,0,0
2,2,0,1,0,0,0,0,1,0,0,48,1,4,36,1,0.72,0.562,0,3,73.96,1,0,0.083333333,0.5,0,0,0.019871779,1.99,Retained,0,Lower Risk,0,0
0,0,0,0,0,0,0,1,1,0,0,42,0,3,34,6,0.781,0.717,0.267,2.833333333,44.59493671,0.733271548,0.266728452,0.166666667,0.25,0,0,0.063686531,6.37,Retained,0,Lower Risk,0,0
4,1,0,0,0,1,0,0,1,0,0,50,1,5,36,5,0.926,0.778,0.026,3,41.984375,0.974185885,0.025814115,0.333333333,0.166666667,0,0,0.0450505,4.51,Retained,0,Lower Risk,0,0
0,0,0,1,0,0,0,0,1,0,0,59,0,1,52,2,0.383,0.818,0.14,4.333333333,53.4,0.860159874,0.139840126,0.25,0.25,0,0,0.271595193,27.16,Retained,0,Lower Risk,0,0
0,0,0,1,0,0,0,0,1,0,0,37,0,2,30,5,1.553,1.25,0.67,2.5,45.25,0.3298026,0.6701974,0.166666667,0.166666667,0,0,0.000995815,0.1,Retained,0,Lower Risk,0,0
0,0,0,0,0,0,1,0,1,0,0,60,0,0,36,4,0.829,1.091,0,3,71.28985507,1,0,0.25,0.166666667,0,0,0.095903277,9.59,Retained,0,Lower Risk,0,0
1,0,0,1,0,0,0,0,0,0,1,36,0,2,23,6,0.659,0.75,0.445,1.916666667,57.86904762,0.554841897,0.445158103,0.25,0.166666667,0,0,0.054173117,5.42,Retained,0,Lower Risk,0,0
2,0,0,0,0,0,0,0,0,1,0,48,1,4,30,4,0.818,0.838,0.676,2.5,58.91176471,0.32446326,0.67553674,0.166666667,0.166666667,0,0,0.008132427,0.81,Retained,0,Lower Risk,0,0
4,0,0,0,0,0,0,0,1,0,0,58,1,3,54,5,0.768,0.4,0.605,4.5,48,0.395133256,0.604866744,0.333333333,0.083333333,0,0,0.053124153,5.31,Retained,0,Lower Risk,0,0
0,0,0,0,0,0,1,0,0,1,0,37,0,3,29,5,0.675,0.733,0.625,2.416666667,51.85897436,0.375386997,0.624613003,0.166666667,0.25,0,0,0.030939615,3.09,Retained,0,Lower Risk,0,0
2,0,0,0,1,0,0,0,0,0,1,42,1,4,36,4,0.73,0.548,0,3,54.02083333,1,0,0.333333333,0.25,1,1,0.541932518,54.19,Churn,1,High Risk,0,0
4,0,0,0,0,0,1,0,0,0,0,52,1,2,47,5,0.529,0.614,0.051,3.916666667,57.87323944,0.948644553,0.051355447,0.166666667,0.166666667,0,0,0.020342542,2.03,Retained,0,Lower Risk,0,0
0,0,0,0,1,0,0,0,1,0,0,30,1,0,21,5,1.079,0.514,0.506,1.75,46.05660377,0.49437751,0.50562249,0.25,0.333333333,0,0,0.007286583,0.73,Retained,0,Lower Risk,0,0
1,0,0,0,0,0,0,0,1,0,0,52,0,3,47,6,0.563,0.347,0,3.916666667,35.59090909,1,0,0.25,0.25,0,1,0.626246511,62.62,Churn,1,High Risk,0,0
1,0,0,1,0,0,0,0,0,1,0,50,0,1,37,3,0.462,0.675,0.109,3.083333333,61.19402985,0.891246684,0.108753316,0,0.083333333,0,0,0.002158756,0.22,Retained,0,Lower Risk,0,0
2,0,0,1,0,0,0,0,0,1,0,36,1,2,27,3,1.007,0.891,0.107,2.25,35.20689655,0.893132716,0.106867284,0.166666667,0.25,0,0,0.013445577,1.34,Retained,0,Lower Risk,0,0
0,0,0,0,0,0,0,0,0,1,0,49,1,3,38,5,0.654,0.608,0.253,3.166666667,44.45121951,0.74675655,0.25324345,0.083333333,0.25,0,0,0.072957879,7.3,Retained,0,Lower Risk,0,0
0,0,0,0,1,0,0,0,1,0,0,54,0,3,41,5,0.82,0.824,0.386,3.416666667,38.90322581,0.614046188,0.385953812,0.333333333,0.333333333,0,0,0.113326773,11.33,Retained,0,Lower Risk,0,0
4,0,0,1,0,0,0,0,1,0,0,50,1,2,43,3,0.82,0.796,0,3.583333333,53.86363636,1,0,0.25,0.083333333,0,0,0.024266872,2.43,Retained,0,Lower Risk,0,0
1,1,0,1,0,0,0,0,0,0,1,41,1,4,32,4,0.356,0.387,0.026,2.666666667,40.46511628,0.974256466,0.025743534,0.333333333,0.166666667,1,1,0.510020397,51,Churn,1,High Risk,0,0
2,0,0,0,0,0,0,0,1,0,0,50,1,1,40,4,0.54,0.66,0.1,3.333333333,57.57692308,0.899735693,0.100264307,0.333333333,0.166666667,0,0,0.027983247,2.8,Retained,0,Lower Risk,0,0
1,0,0,0,0,0,0,1,1,0,0,63,0,1,49,3,0.497,0.522,0.579,4.083333333,43.97142857,0.420885068,0.579114932,0.25,0.083333333,0,0,0.048104631,4.81,Retained,0,Lower Risk,0,0
0,0,0,0,1,0,0,0,0,1,0,26,1,0,36,6,0.805,0.45,0.493,3,42.0862069,0.507129799,0.492870201,0.25,0.25,0,0,0.009972475,1,Retained,0,Lower Risk,0,0
0,0,0,0,0,0,0,0,1,0,0,53,0,1,47,4,2.121,1.364,0.432,3.916666667,55.34615385,0.568245125,0.431754875,0.25,0.166666667,0,0,0.003708648,0.37,Retained,0,Lower Risk,0,0
0,0,0,0,0,0,1,0,0,0,0,43,0,2,30,3,0.677,0.56,0,2.5,49.66666667,1,0,0.333333333,0.25,1,1,0.777085483,77.71,Churn,1,High Risk,0,0
0,0,0,0,1,0,0,0,1,0,0,54,0,0,45,5,1.039,0.769,0.292,3.75,52.59782609,0.708210059,0.291789941,0.166666667,0.166666667,0,0,0.016006264,1.6,Retained,0,Lower Risk,0,0
0,0,0,0,0,0,0,0,0,0,1,40,0,2,36,6,0.449,0.952,0.843,3,52.04878049,0.156682028,0.843317972,0.25,0.083333333,1,0,0.02354928,2.35,Retained,0,Lower Risk,0,0
2,0,0,0,0,0,0,1,0,0,1,47,1,2,36,3,0.659,0.744,0,3,63.19117647,1,0,0.166666667,0.166666667,0,0,0.056137919,5.61,Retained,0,Lower Risk,0,0
2,0,0,1,0,0,0,0,0,1,0,45,1,3,32,2,0.512,0.583,0,2.666666667,37.47368421,1,0,0.166666667,0.25,1,1,0.932721116,93.27,Churn,1,High Risk,0,0
0,0,0,0,0,0,0,0,1,0,0,63,0,1,36,6,1.236,1.231,0.395,3,57.13793103,0.604739098,0.395260902,0.25,0.166666667,0,0,0.002481772,0.25,Retained,0,Lower Risk,0,0
3,0,0,0,1,0,0,0,1,0,0,46,1,3,40,4,0.787,0.8,0.074,3.333333333,45.07407407,0.926251413,0.073748587,0.25,0.25,0,0,0.03669372,3.67,Retained,0,Lower Risk,0,0
0,0,0,0,0,0,0,1,1,0,0,49,0,1,40,5,0.844,0.811,0.698,3.333333333,60.53731343,0.301972686,0.698027314,0.25,0.083333333,0,0,0.005114571,0.51,Retained,0,Lower Risk,0,0
2,0,0,1,0,0,0,0,0,1,0,45,1,4,30,6,1.285,1.053,0.051,2.5,45.46153846,0.949276596,0.050723404,0.166666667,0.166666667,0,0,0.000970134,0.1,Retained,0,Lower Risk,0,0
0,0,0,0,0,0,1,0,0,1,0,54,0,3,49,2,0.579,0.512,0,4.083333333,74.90769231,1,0,0.166666667,0.166666667,0,0,0.351440583,35.14,Retained,0,Lower Risk,0,0
0,0,0,1,0,0,0,0,1,0,0,53,0,1,32,4,0.711,0.656,0.228,2.666666667,137.8679245,0.772216547,0.227783453,0.25,0.166666667,0,0,0.047244882,4.72,Retained,0,Lower Risk,0,0
1,0,0,1,0,0,0,0,0,1,0,41,0,3,31,4,0.702,0.7,0.204,2.583333333,42.92156863,0.795932803,0.204067197,0.166666667,0.25,1,0,0.115156931,11.52,Retained,0,Lower Risk,0,0
0,0,0,0,1,0,0,0,1,0,0,56,0,0,48,3,0.618,0.5,0,4,56.13333333,1,0,0.083333333,0.25,0,1,0.579470471,57.95,Churn,1,High Risk,0,0
0,0,1,0,0,0,0,0,1,0,0,64,0,0,53,4,0.67,0.667,0.341,4.416666667,43.51428571,0.658733065,0.341266935,0.25,0.083333333,0,0,0.011779655,1.18,Retained,0,Lower Risk,0,0
3,0,0,1,0,0,0,0,1,0,0,35,1,3,20,5,0.637,1.071,0.285,1.666666667,59.48275862,0.714550854,0.285449146,0.333333333,0.25,0,0,0.011296714,1.13,Retained,0,Lower Risk,0,0
0,0,0,1,0,0,0,0,1,0,0,43,0,4,34,2,0.73,0.952,0,2.833333333,55.73170732,1,0,0.083333333,0.25,0,0,0.128252363,12.83,Retained,0,Lower Risk,0,0
0,0,0,0,0,0,0,0,0,0,1,44,0,3,39,6,0.66,0.659,0.44,3.25,67.23287671,0.56031051,0.43968949,0.25,0.083333333,0,0,0.008339315,0.83,Retained,0,Lower Risk,0,0
0,0,0,1,0,0,0,0,0,0,0,43,0,1,30,5,0.944,0.723,0.069,2.5,51.97530864,0.930781332,0.069218668,0.25,0.25,0,0,0.067769182,6.78,Retained,0,Lower Risk,0,0
3,0,0,1,0,0,0,0,0,1,0,53,1,0,34,3,0.543,0.66,0.071,2.833333333,64.12820513,0.929118679,0.070881321,0.333333333,0.083333333,0,0,0.01040892,1.04,Retained,0,Lower Risk,0,0
1,0,0,1,0,0,0,0,0,0,0,48,0,1,38,4,0.866,0.632,0.449,3.166666667,50.22580645,0.551241793,0.448758207,0.166666667,0.083333333,0,0,0.007741203,0.77,Retained,0,Lower Risk,0,0
0,0,0,0,0,0,1,0,1,0,0,29,0,1,21,2,0.674,0.744,0.642,1.75,63.48,0.35769774,0.64230226,0.25,0.083333333,0,0,0.027896826,2.79,Retained,0,Lower Risk,0,0
1,0,1,0,0,0,0,0,1,0,0,45,0,3,32,2,0.712,0.638,0,2.666666667,57.94805195,1,0,0.083333333,0.083333333,0,0,0.032763963,3.28,Retained,0,Lower Risk,0,0
3,0,0,0,0,0,0,0,0,1,0,33,1,2,23,3,0.699,1.35,0.265,1.916666667,47.85106383,0.735348115,0.264651885,0.25,0.333333333,0,0,0.022745871,2.27,Retained,0,Lower Risk,0,0
1,0,0,0,0,0,0,1,0,1,0,42,0,4,35,4,0.704,1.086,0.737,2.916666667,58.98630137,0.263157895,0.736842105,0.25,0.25,0,0,0.036573969,3.66,Retained,0,Lower Risk,0,0
2,0,0,1,0,0,0,0,1,0,0,49,1,0,29,3,0.738,0.5,0,2.416666667,64.69444444,1,0,0.25,0.25,1,1,0.532545129,53.25,Churn,1,High Risk,0,0
0,0,0,0,0,0,1,0,0,1,0,26,0,1,13,6,0.832,0.471,0.08,1.083333333,53.56,0.920379778,0.079620222,0.25,0.166666667,0,0,0.076656886,7.67,Retained,0,Lower Risk,0,0
3,0,0,1,0,0,0,0,0,1,0,45,1,4,33,3,0.673,0.61,0.038,2.75,63.66666667,0.961790324,0.038209676,0.25,0.416666667,0,0,0.054365224,5.44,Retained,0,Lower Risk,0,0
2,0,0,1,0,0,0,0,0,1,0,42,1,4,35,3,0.686,0.511,0.11,2.916666667,59.38235294,0.890092258,0.109907742,0.083333333,0.25,0,0,0.139430283,13.94,Retained,0,Lower Risk,0,0
3,0,0,0,1,0,0,0,1,0,0,55,1,4,41,2,1.031,0.25,0.033,3.416666667,64.6,0.967343977,0.032656023,0.166666667,0.166666667,1,1,0.963711704,96.37,Churn,1,High Risk,0,0
3,0,1,0,0,0,0,0,1,0,0,50,1,2,38,6,1.072,2,0.053,3.166666667,55.8,0.94743083,0.05256917,0.166666667,0.166666667,0,0,0.002533594,0.25,Retained,0,Lower Risk,0,0
0,0,0,1,0,0,0,0,1,0,0,50,0,1,41,4,0.858,0.909,0.08,3.416666667,56.3968254,0.920246827,0.079753173,0.25,0.166666667,0,0,0.02715431,2.72,Retained,0,Lower Risk,0,0
0,0,0,1,0,0,0,0,0,1,0,39,0,1,21,1,0.502,0.745,0.476,1.75,49.94382022,0.523892571,0.476107429,0.083333333,0.166666667,0,0,0.139557032,13.96,Retained,0,Lower Risk,0,0
0,0,0,0,0,0,1,0,0,1,0,33,0,1,36,5,0.727,0.757,0.223,3,135.8211382,0.776732555,0.223267445,0.25,0.25,0,0,0.097871463,9.79,Retained,0,Lower Risk,0,0
3,0,0,0,0,0,1,0,1,0,0,56,1,3,46,1,0.971,0.907,0.066,3.833333333,115.1341463,0.933993115,0.066006885,0.25,0.25,1,1,0.730148293,73.01,Churn,1,High Risk,0,0
1,0,0,1,0,0,0,0,1,0,0,46,1,3,32,6,0.767,0.688,0,2.666666667,46.66666667,1,0,0.25,0.166666667,0,0,0.12081568,12.08,Retained,0,Lower Risk,0,0
4,0,0,1,0,0,0,0,1,0,0,40,1,2,28,6,0.625,0.75,0,2.333333333,68.95714286,1,0,0.25,0.25,0,0,0.063577456,6.36,Retained,0,Lower Risk,0,0
0,0,0,0,0,0,0,1,0,1,0,56,0,3,39,1,0.621,0.424,0,3.25,53.38297872,1,0,0.333333333,0.25,1,1,0.994448346,99.44,Churn,1,High Risk,0,0
0,0,0,1,0,0,0,0,0,1,0,31,0,0,22,3,0.764,0.722,0.579,1.833333333,38.16129032,0.420780442,0.579219558,0.083333333,0.083333333,0,0,0.005869085,0.59,Retained,0,Lower Risk,0,0
2,0,0,0,0,0,0,1,1,0,0,44,1,2,34,4,0.681,0.636,0.299,2.833333333,50.64444444,0.700626959,0.299373041,0.333333333,0.333333333,0,0,0.072589789,7.26,Retained,0,Lower Risk,0,0
0,0,0,0,0,0,0,0,0,1,0,56,0,2,52,3,0.451,0.5,0.599,4.333333333,44.4047619,0.401483924,0.598516076,0.083333333,0.416666667,1,1,0.588420416,58.84,Churn,1,High Risk,0,0
0,0,0,1,0,0,0,0,0,0,0,48,0,2,43,2,0.979,0.754,0.189,3.583333333,130.3271028,0.811064048,0.188935952,0.25,0.25,0,0,0.344814732,34.48,Retained,0,Lower Risk,0,0
0,0,0,0,0,0,1,0,1,0,0,46,0,3,35,6,0.741,0.745,0.532,2.916666667,89.1097561,0.467858869,0.532141131,0.083333333,0.416666667,0,0,0.007384227,0.74,Retained,0,Lower Risk,0,0
1,1,0,1,0,0,0,0,0,0,1,49,1,1,41,6,0.893,0.714,0.048,3.416666667,33.75,0.951707775,0.048292225,0.25,0.083333333,0,0,0.004003455,0.4,Retained,0,Lower Risk,0,0
3,1,0,0,0,0,1,0,0,1,0,48,1,4,43,2,0.671,0.4,0,3.583333333,58.07142857,1,0,0.333333333,0.25,1,1,0.982622582,98.26,Churn,1,High Risk,0,0
4,0,0,1,0,0,0,0,1,0,0,37,1,3,25,3,0.635,0.487,0.115,2.083333333,35.79310345,0.884597456,0.115402544,0,0.25,0,0,0.034689618,3.47,Retained,0,Lower Risk,0,0
0,0,0,0,0,0,0,1,0,1,0,49,0,2,41,5,0.847,0.829,0.71,3.416666667,60.69333333,0.28962818,0.71037182,0.166666667,0.25,0,0,0.023465646,2.35,Retained,0,Lower Risk,0,0
0,0,0,1,0,0,0,0,0,0,0,50,0,3,40,5,0.661,0.333,0.074,3.333333333,63.08333333,0.925612053,0.074387947,0.333333333,0.333333333,1,1,0.9210531,92.11,Churn,1,High Risk,0,0
0,0,0,1,0,0,0,0,0,0,0,55,0,2,50,2,0.707,0.44,0,4.166666667,75.52777778,1,0,0.25,0.5,1,1,0.971738121,97.17,Churn,1,High Risk,0,0
1,1,0,0,0,0,1,0,0,0,0,53,0,1,36,5,0.725,0.456,0.081,3,57.3253012,0.918546695,0.081453305,0.083333333,0.083333333,0,0,0.028447344,2.84,Retained,0,Lower Risk,0,0
0,0,0,0,0,0,0,1,1,0,0,55,0,2,50,6,0.412,0.586,0,4.166666667,37.63043478,1,0,0.333333333,0.083333333,0,0,0.108574473,10.86,Retained,0,Lower Risk,0,0
0,0,0,0,1,0,0,0,0,1,0,44,0,1,36,2,0.736,0.429,0,3,61.8,1,0,0.25,0.25,1,1,0.97405489,97.41,Churn,1,High Risk,0,0
0,0,0,0,0,0,0,0,0,0,1,52,0,2,44,4,0.838,0.529,0.724,3.666666667,61.93589744,0.275852024,0.724147976,0.25,0.083333333,0,0,0.057326907,5.73,Retained,0,Lower Risk,0,0
0,0,0,0,1,0,0,0,0,1,0,44,0,4,40,2,0.558,0.529,0.813,3.333333333,56.78205128,0.18723493,0.81276507,0.166666667,0.083333333,0,0,0.055756442,5.58,Retained,0,Lower Risk,0,0
0,0,0,1,0,0,0,0,0,0,1,40,0,2,29,5,0.916,0.591,0.741,2.416666667,65.48571429,0.259104704,0.740895296,0.166666667,0.083333333,0,0,0.017289309,1.73,Retained,0,Lower Risk,0,0
0,0,0,0,0,0,0,1,1,0,0,54,0,2,46,4,0.902,0.581,0.602,3.833333333,72.04411765,0.397548832,0.602451168,0.25,0.25,0,0,0.388407223,38.84,Retained,0,Lower Risk,0,0
3,0,0,0,0,0,1,0,1,0,0,38,1,1,25,6,1.324,1.125,0,2.083333333,47.08823529,1,0,0.25,0.083333333,0,0,0.004632719,0.46,Retained,0,Lower Risk,0,0
3,0,0,0,0,0,0,0,0,1,0,43,1,2,34,2,0.36,0.591,0.224,2.833333333,50.82857143,0.77582846,0.22417154,0.25,0.333333333,1,1,0.74739783,74.74,Churn,1,High Risk,0,0
1,0,0,0,1,0,0,0,1,0,0,39,0,2,29,6,1.419,0.737,0.223,2.416666667,54.75757576,0.776845089,0.223154911,0.083333333,0.083333333,0,0,0.000747312,0.07,Retained,0,Lower Risk,0,0
1,0,0,0,1,0,0,0,0,1,0,48,1,3,36,3,0.972,0.5,0.086,3,30.74509804,0.914054054,0.085945946,0.25,0.166666667,0,0,0.217165135,21.72,Retained,0,Lower Risk,0,0
0,0,0,0,0,0,0,0,0,0,1,44,0,2,37,4,0.944,1.027,0.239,3.083333333,56.82666667,0.760959027,0.239040973,0.25,0.25,0,0,0.035744369,3.57,Retained,0,Lower Risk,0,0
3,0,0,1,0,0,0,0,1,0,0,48,1,2,42,6,0.592,0.635,0.067,3.5,52.91764706,0.932925403,0.067074597,0.166666667,0.25,0,0,0.034202992,3.42,Retained,0,Lower Risk,0,0
3,0,0,0,1,0,0,0,1,0,0,51,1,1,36,4,0.799,0.791,0,3,110.7922078,1,0,0.333333333,0.25,1,1,0.683966834,68.4,Churn,1,High Risk,0,0
0,1,0,0,1,0,0,0,0,0,0,47,1,2,42,1,0.706,0.583,0.058,3.5,81.83157895,0.941505389,0.058494611,0.166666667,0.166666667,0,0,0.017648648,1.76,Retained,0,Lower Risk,0,0
1,0,0,0,0,0,0,1,0,1,0,31,1,1,26,4,0.88,0.641,0,2.166666667,40.046875,1,0,0.166666667,0.083333333,0,0,0.023724796,2.37,Retained,0,Lower Risk,0,0
1,0,0,0,1,0,0,0,0,1,0,43,0,3,35,4,0.591,0.711,0.455,2.916666667,48.63076923,0.545494123,0.454505877,0.25,0.25,0,0,0.13822576,13.82,Retained,0,Lower Risk,0,0
0,0,0,1,0,0,0,0,0,1,0,46,0,3,27,6,0.822,1.323,0.257,2.25,59.90277778,0.743399128,0.256600872,0.25,0.25,0,0,0.034343576,3.43,Retained,0,Lower Risk,0,0
0,0,0,0,0,0,0,1,0,0,1,51,0,3,25,2,0.701,1.444,0.114,2.083333333,45.77272727,0.886248949,0.113751051,0.166666667,0.166666667,0,0,0.24894856,24.89,Retained,0,Lower Risk,0,0
0,0,0,1,0,0,0,0,1,0,0,38,0,2,29,6,0.615,0.756,0.405,2.416666667,65.5443038,0.59503632,0.40496368,0.083333333,0.083333333,0,0,0.001520729,0.15,Retained,0,Lower Risk,0,0
0,0,0,1,0,0,0,0,1,0,0,33,0,4,16,5,0.692,0.816,0.425,1.333333333,52.6741573,0.575192936,0.424807064,0.166666667,0.25,0,0,0.010812074,1.08,Retained,0,Lower Risk,0,0
4,0,0,0,1,0,0,0,1,0,0,46,1,5,32,5,0.72,0.651,0.03,2.666666667,34.30985915,0.970332599,0.029667401,0.166666667,0.166666667,0,0,0.084818885,8.48,Retained,0,Lower Risk,0,0
0,0,0,0,0,0,1,0,0,1,0,54,0,2,41,5,0.675,0.5,0.566,3.416666667,58.56944444,0.434054092,0.565945908,0.333333333,0.166666667,0,0,0.299435919,29.94,Retained,0,Lower Risk,0,0
2,2,0,1,0,0,0,0,0,1,0,41,1,2,36,2,1.015,0.295,0.02,3,84.59649123,0.980096187,0.019903813,0.25,0.25,1,1,0.991179264,99.12,Churn,1,High Risk,0,0
4,0,0,0,0,0,0,1,1,0,0,45,1,2,40,4,0.459,0.69,0.083,3.333333333,66.43661972,0.916605972,0.083394028,0.333333333,0.333333333,0,0,0.175605067,17.56,Retained,0,Lower Risk,0,0
3,0,0,0,0,0,1,0,0,1,0,49,1,3,41,3,0.638,0.596,0.649,3.416666667,53.88,0.351194539,0.648805461,0.333333333,0.25,0,0,0.149635152,14.96,Retained,0,Lower Risk,0,0
2,0,0,0,1,0,0,0,1,0,0,43,1,1,31,2,0.79,0.667,0.473,2.583333333,61.225,0.527098831,0.472901169,0.25,0.25,0,0,0.1319468,13.19,Retained,0,Lower Risk,0,0
1,0,0,1,0,0,0,0,1,0,0,55,1,3,36,3,0.65,0.727,0.606,3,41.86842105,0.393650794,0.606349206,0.25,0.25,0,0,0.130262449,13.03,Retained,0,Lower Risk,0,0
1,0,0,0,1,0,0,0,1,0,0,43,0,2,34,3,0.879,0.83,0.496,2.833333333,55.06976744,0.503937008,0.496062992,0.25,0.083333333,0,0,0.009604302,0.96,Retained,0,Lower Risk,0,0
0,0,0,0,0,0,1,0,1,0,0,51,0,3,43,3,0.682,0.429,0.806,3.583333333,54.83333333,0.194050343,0.805949657,0.166666667,0.083333333,0,0,0.135808556,13.58,Retained,0,Lower Risk,0,0
0,0,0,0,0,0,0,0,0,1,0,49,0,5,41,6,0.635,0.462,0.14,3.416666667,26.78947368,0.85995883,0.14004117,0.166666667,0.25,0,0,0.21797904,21.8,Retained,0,Lower Risk,0,0
1,0,0,0,0,0,0,0,0,0,1,62,1,0,56,2,0.436,0.739,0,4.666666667,52.825,1,0,0.166666667,0.5,1,1,0.687752539,68.78,Churn,1,High Risk,0,0
1,0,0,0,0,0,0,0,1,0,0,41,1,0,29,3,0.66,0.733,0.198,2.416666667,144.1730769,0.802031183,0.197968817,0.166666667,0.166666667,0,0,0.021989764,2.2,Retained,0,Lower Risk,0,0
0,0,0,0,0,0,0,0,0,0,1,49,1,4,43,5,0.889,0.587,0.261,3.583333333,51.53424658,0.739225031,0.260774969,0.333333333,0.166666667,0,0,0.056229143,5.62,Retained,0,Lower Risk,0,0
2,0,0,0,0,0,0,1,1,0,0,49,1,2,36,2,0.74,0.755,0.214,3,153.0967742,0.786471722,0.213528278,0.166666667,0.083333333,0,0,0.002724169,0.27,Retained,0,Lower Risk,0,0
2,0,0,0,0,0,0,1,1,0,0,59,1,1,48,5,0.926,0.646,0.446,4,65.53164557,0.553639714,0.446360286,0.25,0.25,0,0,0.044075658,4.41,Retained,0,Lower Risk,0,0
2,0,0,0,0,0,0,1,0,0,0,40,1,4,27,2,0.588,0.552,0,2.25,47.48888889,1,0,0.25,0.166666667,1,1,0.911216722,91.12,Churn,1,High Risk,0,0
2,0,0,0,1,0,0,0,1,0,0,63,1,0,36,6,1.636,0.955,0,3,55.79069767,1,0,0.25,0.166666667,0,0,0.01503616,1.5,Retained,0,Lower Risk,0,0
0,0,0,0,0,0,0,1,0,1,0,46,0,5,28,3,0.613,0.767,0.895,2.333333333,55.38157895,0.10519802,0.89480198,0.25,0.166666667,0,0,0.064549035,6.45,Retained,0,Lower Risk,0,0
0,0,1,0,0,0,0,0,1,0,0,48,0,5,33,2,0.627,1.056,0.202,2.75,51.2972973,0.797729618,0.202270382,0.25,0.083333333,0,0,0.019161125,1.92,Retained,0,Lower Risk,0,0
0,0,0,0,1,0,0,0,1,0,0,41,0,4,29,2,0.794,0.66,0.715,2.416666667,61.57831325,0.284505959,0.715494041,0.166666667,0.166666667,0,0,0.071300638,7.13,Retained,0,Lower Risk,0,0
0,0,0,0,0,0,1,0,1,0,0,45,0,3,40,4,0.662,0.591,0.415,3.333333333,55.64285714,0.585215606,0.414784394,0.25,0.083333333,0,0,0.022572816,2.26,Retained,0,Lower Risk,0,0
3,2,0,0,1,0,0,0,0,1,0,55,1,3,49,2,0.787,0.667,0.023,4.083333333,83.33684211,0.976532623,0.023467377,0.25,0.083333333,0,0,0.034315677,3.43,Retained,0,Lower Risk,0,0
0,0,0,1,0,0,0,0,0,1,0,60,0,0,48,3,1.154,0.69,0.214,4,46.1971831,0.786192925,0.213807075,0.333333333,0.25,0,0,0.042585789,4.26,Retained,0,Lower Risk,0,0
2,0,0,0,0,0,1,0,1,0,0,46,1,3,33,2,0.538,0.739,0,2.75,54.75,1,0,0.083333333,0.166666667,0,0,0.153336669,15.33,Retained,0,Lower Risk,0,0
0,0,0,0,0,0,0,0,0,1,0,36,0,4,36,3,1.046,0.792,0.786,3,35.73255814,0.213923133,0.786076867,0.083333333,0.166666667,0,0,0.021614941,2.16,Retained,0,Lower Risk,0,0
0,0,0,1,0,0,0,0,1,0,0,63,0,1,53,6,0.957,1,0.941,4.416666667,34.98214286,0.059065421,0.940934579,0.25,0.083333333,0,0,0.00085592,0.09,Retained,0,Lower Risk,0,0
2,0,0,0,1,0,0,0,0,0,0,27,1,0,36,2,0.929,0.809,0.189,3,120.2235294,0.810794558,0.189205442,0.166666667,0.25,1,0,0.147524022,14.75,Retained,0,Lower Risk,0,0
3,0,0,0,0,0,0,1,1,0,0,45,1,3,38,6,1.061,1.2,0.104,3.166666667,47.33333333,0.895881715,0.104118285,0.083333333,0.25,0,0,0.001877713,0.19,Retained,0,Lower Risk,0,0
1,0,0,0,0,1,0,0,0,1,0,55,0,3,46,4,0.842,0.895,0.191,3.833333333,49.47222222,0.809376211,0.190623789,0.166666667,0.25,0,0,0.037115845,3.71,Retained,0,Lower Risk,0,0
3,0,0,1,0,0,0,0,1,0,0,45,1,4,36,5,0.641,0.696,0.177,3,51.15384615,0.823265306,0.176734694,0.333333333,0.25,1,0,0.082293513,8.23,Retained,0,Lower Risk,0,0
2,0,0,0,0,0,0,1,1,0,0,34,1,2,36,5,1.194,1.381,0.833,3,59.32,0.166876839,0.833123161,0.333333333,0.166666667,0,0,0.002713694,0.27,Retained,0,Lower Risk,0,0
2,0,0,0,0,0,1,0,1,0,0,36,1,2,21,4,1.631,0.917,0.197,1.75,56.5,0.802789313,0.197210687,0.416666667,0.083333333,0,0,0.002600277,0.26,Retained,0,Lower Risk,0,0
1,0,0,0,0,0,0,0,0,0,1,40,0,3,20,6,0.743,0.714,0.662,1.666666667,54.45238095,0.337751595,0.662248405,0.166666667,0.166666667,0,0,0.046263477,4.63,Retained,0,Lower Risk,0,0
2,0,0,1,0,0,0,0,0,0,0,51,1,2,41,4,0.454,0.614,0,3.416666667,52.63380282,1,0,0.083333333,0.25,0,0,0.158456056,15.85,Retained,0,Lower Risk,0,0
3,0,0,1,0,0,0,0,0,1,0,43,1,2,30,3,0.688,0.645,0,2.5,47.58823529,1,0,0.25,0.25,1,0,0.384796759,38.48,Retained,0,Lower Risk,0,0
0,0,0,1,0,0,0,0,0,1,0,50,0,5,41,3,0.683,0.857,0,3.416666667,58.33333333,1,0,0.166666667,0.166666667,0,0,0.035612756,3.56,Retained,0,Lower Risk,0,0
0,0,0,1,0,0,0,0,1,0,0,54,0,4,40,6,0.491,0.235,0.877,3.333333333,38.04761905,0.122827804,0.877172196,0.166666667,0.166666667,1,0,0.200157263,20.02,Retained,0,Lower Risk,0,0
0,0,0,0,0,0,1,0,0,0,0,31,0,0,22,2,0.641,0.727,0,1.833333333,114.9912281,1,0,0.25,0.083333333,0,0,0.165350813,16.54,Retained,0,Lower Risk,0,0
0,0,1,0,0,0,0,0,1,0,0,55,0,1,36,4,0.766,0.611,0.615,3,42.86206897,0.38531821,0.61468179,0,0.083333333,0,0,0.002741701,0.27,Retained,0,Lower Risk,0,0
1,1,0,0,0,0,1,0,0,1,0,59,1,1,49,3,0.992,0.412,0,4.083333333,64.77083333,1,0,0.166666667,0.166666667,1,1,0.810640352,81.06,Churn,1,High Risk,0,0
4,0,0,1,0,0,0,0,1,0,0,50,1,3,41,4,1.032,0.795,0.065,3.416666667,127.4198473,0.934725924,0.065274076,0.25,0.166666667,0,0,0.269986112,27,Retained,0,Lower Risk,0,0
0,0,0,1,0,0,0,0,1,0,0,50,0,1,44,5,0.791,0.765,0.33,3.666666667,81.9,0.669936931,0.330063069,0.166666667,0.166666667,0,0,0.025533914,2.55,Retained,0,Lower Risk,0,0
0,0,0,1,0,0,0,0,0,1,0,49,0,4,42,4,0.934,0.75,0.87,3.5,54.64285714,0.129509713,0.870490287,0.333333333,0.25,0,0,0.049525304,4.95,Retained,0,Lower Risk,0,0
0,0,0,0,0,0,1,0,1,0,0,49,0,3,42,6,1.072,0.839,0.37,3.5,72.35087719,0.629526462,0.370473538,0.166666667,0.083333333,0,0,0.002739843,0.27,Retained,0,Lower Risk,0,0
3,1,0,0,0,0,0,0,1,0,0,48,1,3,36,6,0.691,0.636,0,3,32.09259259,1,0,0.166666667,0.166666667,0,0,0.118132812,11.81,Retained,0,Lower Risk,0,0
4,0,0,1,0,0,0,0,0,1,0,41,1,4,35,5,0.982,0.962,0.024,2.916666667,61.31372549,0.976098041,0.023901959,0.25,0.25,0,0,0.087175293,8.72,Retained,0,Lower Risk,0,0
4,0,0,0,0,0,1,0,1,0,0,51,1,3,40,3,0.922,0.805,0,3.333333333,51.98648649,1,0,0.25,0.416666667,0,0,0.264899303,26.49,Retained,0,Lower Risk,0,0
3,0,0,0,0,0,0,0,0,0,1,50,1,3,37,1,0.504,0.478,0,3.083333333,50.11764706,1,0,0.166666667,0.25,1,1,0.94217252,94.22,Churn,1,High Risk,0,0
3,0,0,1,0,0,0,0,0,1,0,56,1,1,51,2,0.767,0.778,0.053,4.25,50.7375,0.946718147,0.053281853,0.083333333,0.25,0,0,0.079230939,7.92,Retained,0,Lower Risk,0,0
3,0,0,1,0,0,0,0,1,0,0,43,1,3,33,3,0.568,0.75,0.066,2.75,36.17857143,0.93400781,0.06599219,0.166666667,0.25,0,0,0.149977758,15,Retained,0,Lower Risk,0,0
2,0,0,1,0,0,0,0,1,0,0,51,1,2,37,5,0.88,0.676,0,3.083333333,60.88709677,1,0,0.333333333,0.083333333,0,0,0.054253711,5.43,Retained,0,Lower Risk,0,0
1,2,0,0,0,0,1,0,0,1,0,48,0,1,28,3,0.925,0.684,0.061,2.333333333,142.8125,0.939368667,0.060631333,0.083333333,0.166666667,1,0,0.055769948,5.58,Retained,0,Lower Risk,0,0
0,0,0,0,0,0,1,0,0,1,0,54,0,2,43,6,0.733,0.65,0.211,3.583333333,78.43939394,0.789421158,0.210578842,0.333333333,0.083333333,0,0,0.011136338,1.11,Retained,0,Lower Risk,0,0
0,0,0,1,0,0,0,0,1,0,0,54,0,2,45,3,1.035,0.364,0.213,3.75,46.26666667,0.787248835,0.212751165,0.25,0.083333333,1,0,0.390092523,39.01,Retained,0,Lower Risk,0,0
0,0,0,1,0,0,0,0,0,1,0,50,0,0,41,2,0.505,0.406,0,3.416666667,49.53333333,1,0,0.083333333,0.25,1,1,0.947231794,94.72,Churn,1,High Risk,0,0
0,0,0,0,1,0,0,0,0,1,0,50,0,2,43,4,0.975,0.833,0.703,3.583333333,48.82954545,0.297242771,0.702757229,0.083333333,0.166666667,0,0,0.006428256,0.64,Retained,0,Lower Risk,0,0
0,0,0,0,0,0,1,0,0,1,0,44,0,3,36,5,0.821,1.188,0.376,3,59.61428571,0.623861503,0.376138497,0.083333333,0.25,0,0,0.011950872,1.2,Retained,0,Lower Risk,0,0
4,0,0,1,0,0,0,0,1,0,0,35,1,3,28,4,1.624,1.087,0,2.333333333,57.35416667,1,0,0.166666667,0.25,0,0,0.008230949,0.82,Retained,0,Lower Risk,0,0
3,0,0,1,0,0,0,0,0,1,0,49,1,5,41,2,0.533,1.114,0.282,3.416666667,56.93243243,0.717535545,0.282464455,0.166666667,0.25,0,0,0.05783629,5.78,Retained,0,Lower Risk,0,0
0,0,0,0,1,0,0,0,1,0,0,44,0,1,36,5,0.819,0.818,0,3,171.5166667,1,0,0.333333333,0.25,1,1,0.558039483,55.8,Churn,1,High Risk,0,0
0,0,0,1,0,0,0,0,0,1,0,46,0,3,36,4,1.002,0.806,0.314,3,84.35714286,0.685787126,0.314212874,0.25,0.166666667,1,0,0.244776207,24.48,Retained,0,Lower Risk,0,0
3,1,0,0,0,1,0,0,0,1,0,38,1,4,36,1,0.865,0.839,0.042,3,136.7017544,0.958425078,0.041574922,0.083333333,0.25,0,0,0.094849832,9.48,Retained,0,Lower Risk,0,0
0,0,0,1,0,0,0,0,0,1,0,32,0,0,20,5,0.887,0.438,0.108,1.666666667,67.34782609,0.891790108,0.108209892,0.416666667,0.083333333,1,0,0.404022823,40.4,Retained,0,Lower Risk,0,0
0,0,0,0,1,0,0,0,1,0,0,36,0,3,36,3,0.507,0.345,0.45,3,56.43589744,0.549882432,0.450117568,0.25,0.25,1,1,0.844653378,84.47,Churn,1,High Risk,0,0
1,1,0,0,0,0,0,0,0,1,0,50,0,1,43,3,1.449,1.2,0.145,3.583333333,53.21212121,0.854542302,0.145457698,0.25,0.166666667,0,0,0.008277345,0.83,Retained,0,Lower Risk,0,0
0,0,0,0,1,0,0,0,0,1,0,53,0,0,44,4,0.695,0.809,0.465,3.666666667,56.44705882,0.534663866,0.465336134,0.083333333,0.083333333,0,0,0.000874126,0.09,Retained,0,Lower Risk,0,0
3,0,0,1,0,0,0,0,0,1,0,49,1,4,43,1,1.023,0.823,0.122,3.583333333,127.2035398,0.878411671,0.121588329,0.166666667,0.166666667,0,0,0.144649706,14.46,Retained,0,Lower Risk,0,0
0,0,0,0,1,0,0,0,1,0,0,36,0,1,36,6,0.445,1.312,0.296,3,43.72972973,0.703882353,0.296117647,0.333333333,0.25,0,0,0.070110696,7.01,Retained,0,Lower Risk,0,0
1,0,0,1,0,0,0,0,1,0,0,53,1,3,43,6,0.924,0.96,0.092,3.583333333,44.18367347,0.908334452,0.091665548,0.166666667,0.333333333,0,0,0.022661554,2.27,Retained,0,Lower Risk,0,0
0,0,0,0,0,0,1,0,0,1,0,36,0,0,18,5,0.641,0.844,0.259,1.5,47.13559322,0.741478047,0.258521953,0.166666667,0.25,0,0,0.010011157,1,Retained,0,Lower Risk,0,0
0,0,0,0,0,0,1,0,1,0,0,49,0,4,36,4,0.963,0.658,0,3,68.33333333,1,0,0.25,0.083333333,0,0,0.071543906,7.15,Retained,0,Lower Risk,0,0
1,0,0,0,0,0,1,0,1,0,0,43,0,5,36,5,0.658,0.69,0.571,3,55.87323944,0.428818693,0.571181307,0.166666667,0.25,0,0,0.043426652,4.34,Retained,0,Lower Risk,0,0
0,0,0,0,0,0,0,0,0,1,0,61,0,1,55,2,0.698,0.529,0.174,4.583333333,72.625,0.825667029,0.174332971,0.166666667,0.25,0,0,0.254921836,25.49,Retained,0,Lower Risk,0,0
2,0,0,0,0,1,0,0,1,0,0,46,1,4,42,6,0.52,0.574,0,3.5,60.09459459,1,0,0.083333333,0.166666667,0,0,0.062199599,6.22,Retained,0,Lower Risk,0,0
2,0,0,0,1,0,0,0,1,0,0,47,1,3,35,5,1.314,0.629,0.074,2.916666667,55.61403509,0.926195007,0.073804993,0.166666667,0.083333333,0,0,0.001878433,0.19,Retained,0,Lower Risk,0,0
0,0,0,1,0,0,0,0,1,0,0,35,0,4,36,4,0.695,0.394,0,3,55.84782609,1,0,0.25,0.25,1,1,0.914259574,91.43,Churn,1,High Risk,0,0
0,0,0,0,0,0,0,0,0,1,0,52,0,2,36,3,0.63,0.86,0.629,3,59.3875,0.371308017,0.628691983,0.166666667,0.166666667,0,0,0.019165299,1.92,Retained,0,Lower Risk,0,0
0,0,0,0,0,0,0,0,0,1,0,30,0,0,18,4,0.907,0.667,0,1.5,62.8,1,0,0.25,0.166666667,0,0,0.209961227,21,Retained,0,Lower Risk,0,0
4,0,0,0,0,0,0,1,1,0,0,44,1,3,32,6,1.056,0.812,0.138,2.666666667,71.36206897,0.861768173,0.138231827,0.166666667,0.166666667,0,0,0.041408758,4.14,Retained,0,Lower Risk,0,0
3,0,0,0,0,0,0,1,1,0,0,39,1,1,36,6,0.832,0.591,0.69,3,48.2,0.31045188,0.68954812,0.25,0.166666667,0,0,0.022423953,2.24,Retained,0,Lower Risk,0,0
2,0,0,0,0,1,0,0,1,0,0,59,1,2,46,3,0.688,0.5,0,3.833333333,35.16666667,1,0,0.25,0.25,1,1,0.622232338,62.22,Churn,1,High Risk,0,0
0,0,0,0,0,0,0,0,1,0,0,53,0,1,36,1,1.049,0.923,0.579,3,65.08,0.421021021,0.578978979,0.25,0.25,0,0,0.181329165,18.13,Retained,0,Lower Risk,0,0
0,1,0,1,0,0,0,0,0,1,0,55,0,0,49,1,0.845,0.738,0.155,4.083333333,78.16037736,0.845377873,0.154622127,0.25,0.166666667,0,0,0.064947466,6.49,Retained,0,Lower Risk,0,0
1,0,0,0,0,0,1,0,0,1,0,39,1,2,19,4,0.587,0.935,0.262,1.583333333,45.50561798,0.738231744,0.261768256,0.25,0.25,0,0,0.024772338,2.48,Retained,0,Lower Risk,0,0
2,1,1,0,0,0,0,0,0,1,0,49,1,4,37,5,0.684,0.725,0.066,3.083333333,46.27536232,0.933787448,0.066212552,0.166666667,0.166666667,0,0,0.017731393,1.77,Retained,0,Lower Risk,0,0
0,0,0,0,1,0,0,0,0,1,0,45,0,3,36,6,0.942,0.932,0.546,3,58.24705882,0.453960396,0.546039604,0.25,0.166666667,0,0,0.010636322,1.06,Retained,0,Lower Risk,0,0
2,0,0,0,0,0,0,1,1,0,0,53,1,2,46,3,0.489,0.6,0.264,3.833333333,32.725,0.735506158,0.264493842,0.25,0.166666667,0,0,0.051328879,5.13,Retained,0,Lower Risk,0,0
4,0,0,0,0,0,0,0,1,0,0,46,1,2,40,1,0.741,0.611,0.048,3.333333333,86.8045977,0.952225055,0.047774945,0.166666667,0.166666667,0,0,0.021514273,2.15,Retained,0,Lower Risk,0,0
0,0,0,1,0,0,0,0,0,1,0,50,0,2,41,5,0.788,0.605,0.514,3.416666667,61.04918033,0.486174164,0.513825836,0.333333333,0.166666667,0,0,0.0740095,7.4,Retained,0,Lower Risk,0,0
0,0,0,0,0,0,0,1,0,0,1,40,1,4,27,5,0.79,0.864,0.598,2.25,56.76829268,0.40207189,0.59792811,0,0.25,0,0,0.003020241,0.3,Retained,0,Lower Risk,0,0
0,0,0,1,0,0,0,0,0,0,0,45,0,3,37,5,0.788,0.815,0,3.083333333,52.36734694,1,0,0.5,0.166666667,1,1,0.702203414,70.22,Churn,1,High Risk,0,0
0,0,0,1,0,0,0,0,0,1,0,46,0,2,36,4,0.796,0.973,0.666,3,67.35616438,0.334476004,0.665523996,0.166666667,0.5,0,0,0.001990348,0.2,Retained,0,Lower Risk,0,0
3,0,1,0,0,0,0,0,0,1,0,47,1,4,36,3,0.74,0.333,0,3,38.52777778,1,0,0.083333333,0.083333333,0,0,0.200767923,20.08,Retained,0,Lower Risk,0,0
1,0,0,0,1,0,0,0,0,1,0,29,1,0,36,2,0.69,0.92,0.357,3,130.3125,0.642803878,0.357196122,0.083333333,0.25,0,0,0.014953216,1.5,Retained,0,Lower Risk,0,0
3,0,0,0,0,0,0,0,1,0,0,46,1,2,36,5,0.846,0.575,0,3,69,1,0,0.166666667,0.333333333,0,0,0.323879746,32.39,Retained,0,Lower Risk,0,0
0,0,0,0,0,0,1,0,0,1,0,56,0,4,46,6,0.406,0.543,0.283,3.833333333,46.07042254,0.716809755,0.283190245,0.166666667,0.166666667,0,0,0.170914875,17.09,Retained,0,Lower Risk,0,0
0,0,0,0,0,0,0,1,1,0,0,37,0,0,31,5,0.794,0.429,0.515,2.583333333,33.36666667,0.485469449,0.514530551,0.166666667,0.166666667,0,0,0.030449829,3.04,Retained,0,Lower Risk,0,0
3,0,0,1,0,0,0,0,0,0,0,54,1,1,44,1,0.32,0.308,0.014,3.666666667,105.5882353,0.986221294,0.013778706,0.25,0.25,1,1,0.994987368,99.5,Churn,1,High Risk,0,0
0,0,0,1,0,0,0,0,1,0,0,54,0,2,46,6,0.533,0.48,0.92,3.833333333,43.75675676,0.080379978,0.919620022,0.166666667,0.166666667,0,0,0.170948736,17.09,Retained,0,Lower Risk,0,0
1,0,0,0,0,0,0,1,1,0,0,38,0,3,36,3,0.686,0.809,0,3,50.84705882,1,0,0.166666667,0.25,0,0,0.143052434,14.31,Retained,0,Lower Risk,0,0
4,0,0,1,0,0,0,0,1,0,0,56,1,3,46,2,0.703,0.66,0.284,3.833333333,60.85542169,0.7159248,0.2840752,0.166666667,0.083333333,0,0,0.017585809,1.76,Retained,0,Lower Risk,0,0
3,0,0,1,0,0,0,0,1,0,0,56,1,1,44,3,0.51,0.545,0.165,3.666666667,45.38235294,0.83465521,0.16534479,0,0.083333333,0,0,0.003180522,0.32,Retained,0,Lower Risk,0,0
2,0,1,0,0,0,0,0,1,0,0,52,1,3,40,6,0.51,0.682,0.15,3.333333333,60.95945946,0.850446429,0.149553571,0.166666667,0.166666667,0,0,0.010853575,1.09,Retained,0,Lower Risk,0,0
1,1,0,0,0,0,0,1,1,0,0,44,1,0,34,2,0.864,0.702,0.084,2.833333333,90.2371134,0.916134257,0.083865743,0.166666667,0.083333333,0,0,0.014779737,1.48,Retained,0,Lower Risk,0,0
1,0,0,1,0,0,0,0,0,1,0,39,0,1,32,3,0.757,0.625,0.289,2.666666667,62.76923077,0.710650577,0.289349423,0.083333333,0.25,0,0,0.04648544,4.65,Retained,0,Lower Risk,0,0
2,0,0,0,0,1,0,0,0,1,0,35,1,2,24,2,0.842,0.724,0.49,2,135.57,0.510330579,0.489669421,0.083333333,0.25,0,0,0.020198243,2.02,Retained,0,Lower Risk,0,0
0,0,0,1,0,0,0,0,1,0,0,58,0,2,44,4,0.553,0.889,0.264,3.666666667,42.14705882,0.736235341,0.263764659,0.25,0.166666667,0,0,0.064130089,6.41,Retained,0,Lower Risk,0,0
2,0,0,0,1,0,0,0,0,1,0,49,1,4,30,5,0.592,0.707,0.57,2.5,62.2,0.430018999,0.569981001,0.25,0.25,0,0,0.028369241,2.84,Retained,0,Lower Risk,0,0
0,0,0,0,0,0,0,1,0,1,0,27,0,0,16,6,0.513,0.63,0.898,1.333333333,43.25,0.102452316,0.897547684,0.25,0.083333333,1,0,0.068961082,6.9,Retained,0,Lower Risk,0,0
2,0,0,0,0,0,0,1,1,0,0,37,1,3,29,5,1.128,0.889,0.637,2.416666667,75.52941176,0.363354037,0.636645963,0.416666667,0.083333333,0,0,0.024238519,2.42,Retained,0,Lower Risk,0,0
0,0,0,0,0,0,1,0,1,0,0,37,0,1,29,5,0.986,0.706,0.414,2.416666667,42.55172414,0.586169985,0.413830015,0,0.25,0,0,0.006888166,0.69,Retained,0,Lower Risk,0,0
0,0,0,1,0,0,0,0,1,0,0,41,0,2,30,6,0.769,0.889,0.334,2.5,50,0.665739453,0.334260547,0.333333333,0.166666667,0,0,0.02695497,2.7,Retained,0,Lower Risk,0,0
1,0,0,0,0,1,0,0,0,1,0,40,1,4,30,6,0.78,0.707,0.335,2.5,55.28571429,0.66487069,0.33512931,0.166666667,0.25,0,0,0.018747059,1.87,Retained,0,Lower Risk,0,0
0,0,0,0,0,0,0,0,0,1,0,59,0,0,40,1,0.861,0.685,0,3.333333333,52.56043956,1,0,0.25,0.25,0,1,0.611263598,61.13,Churn,1,High Risk,0,0
0,0,0,1,0,0,0,0,0,1,0,48,0,3,43,3,0.529,0.44,0,3.583333333,61.22222222,1,0,0.333333333,0.25,1,1,0.893513222,89.35,Churn,1,High Risk,0,0
3,0,0,0,0,0,0,0,0,1,0,39,1,1,36,3,0.877,0.759,0.037,3,153.4315789,0.963495191,0.036504809,0.25,0.083333333,0,0,0.071103877,7.11,Retained,0,Lower Risk,0,0
0,0,1,0,0,0,0,0,1,0,0,54,0,3,46,2,0.89,0.607,0.724,3.833333333,41.8,0.275789474,0.724210526,0.25,0.166666667,0,1,0.598722651,59.87,Churn,1,High Risk,0,0
0,0,0,1,0,0,0,0,0,1,0,53,0,0,48,4,0.973,0.711,0.316,4,53.70769231,0.684360348,0.315639652,0.25,0.25,0,0,0.083324196,8.33,Retained,0,Lower Risk,0,0
4,0,0,1,0,0,0,0,1,0,0,60,1,1,46,6,0.776,0.76,0.399,3.833333333,52.28409091,0.600779727,0.399220273,0.083333333,0.25,0,0,0.00547271,0.55,Retained,0,Lower Risk,0,0
0,0,0,0,1,0,0,0,0,1,0,38,0,1,27,2,0.851,0.909,0.101,2.25,93.64285714,0.89917885,0.10082115,0.166666667,0.166666667,0,0,0.199001706,19.9,Retained,0,Lower Risk,0,0
0,0,0,1,0,0,0,0,0,0,1,48,0,3,44,3,0.736,0.586,0,3.666666667,44.65217391,1,0,0.166666667,0.25,1,1,0.537012891,53.7,Churn,1,High Risk,0,0
0,0,0,0,0,1,0,0,0,0,1,43,0,3,23,5,0.63,0.524,0.255,1.916666667,48.359375,0.744631186,0.255368814,0.25,0.25,0,0,0.45129191,45.13,Retained,0,Lower Risk,0,0
0,0,0,1,0,0,0,0,1,0,0,32,0,0,19,6,1.458,0.773,0.5,1.583333333,40.97435897,0.499647142,0.500352858,0,0.083333333,0,0,0.000315804,0.03,Retained,0,Lower Risk,0,0
0,0,0,1,0,0,0,0,0,1,0,40,0,2,36,6,0.706,0.881,0,3,61.82278481,1,0,0.166666667,0.166666667,0,0,0.05015623,5.02,Retained,0,Lower Risk,0,0
3,0,0,0,0,0,0,0,1,0,0,37,1,3,30,3,0.262,0.364,0.08,2.5,37.53333333,0.920433064,0.079566936,0.25,0.333333333,1,1,0.727504742,72.75,Churn,1,High Risk,0,0
1,0,0,1,0,0,0,0,1,0,0,53,0,2,36,4,0.611,0.769,0.405,3,53.42391304,0.595355628,0.404644372,0.083333333,0.25,0,0,0.02288534,2.29,Retained,0,Lower Risk,0,0
3,0,0,0,1,0,0,0,0,0,1,43,1,5,38,3,0.987,0.344,0,3.166666667,58.8372093,1,0,0.166666667,0.25,1,1,0.939721621,93.97,Churn,1,High Risk,0,0
0,0,0,1,0,0,0,0,0,1,0,47,0,5,36,1,0.582,0.66,0.706,3,51.25,0.293734154,0.706265846,0.083333333,0.166666667,0,0,0.027580855,2.76,Retained,0,Lower Risk,0,0
3,0,0,1,0,0,0,0,1,0,0,41,1,2,36,6,0.649,0.63,0.234,3,46.60227273,0.765684879,0.234315121,0.25,0.25,0,0,0.09282987,9.28,Retained,0,Lower Risk,0,0
0,0,1,0,0,0,0,0,0,1,0,46,0,3,36,6,0.343,0.636,0.761,3,35.75,0.238921882,0.761078118,0.166666667,0.25,0,0,0.494928334,49.49,Retained,0,Lower Risk,0,0
0,0,0,0,0,0,0,0,0,0,1,36,0,2,24,6,0.841,0.642,0.552,2,62.88505747,0.448085847,0.551914153,0.25,0.25,0,0,0.066303531,6.63,Retained,0,Lower Risk,0,0
1,0,0,0,0,0,1,0,0,1,0,38,0,2,31,5,0.553,0.511,0.175,2.583333333,56.33823529,0.825237161,0.174762839,0.166666667,0.166666667,0,0,0.210281038,21.03,Retained,0,Lower Risk,0,0
0,0,0,0,1,0,0,0,0,1,0,47,0,3,31,5,0.57,0.854,0,2.583333333,54.98876404,1,0,0.25,0.083333333,0,0,0.042215904,4.22,Retained,0,Lower Risk,0,0
0,1,0,0,0,0,1,0,0,1,0,60,0,0,49,3,0.938,0.766,0.149,4.083333333,54.75903614,0.851084991,0.148915009,0.083333333,0.083333333,0,0,0.006196221,0.62,Retained,0,Lower Risk,0,0
2,0,0,1,0,0,0,0,1,0,0,47,1,5,38,5,0.635,0.531,0.025,3.166666667,47.70666667,0.974535014,0.025464986,0.333333333,0.25,0,1,0.50267087,50.27,Churn,1,High Risk,0,0
0,0,0,0,0,0,1,0,0,0,0,43,0,2,25,5,1.051,0.6,0.962,2.083333333,52.85416667,0.037871524,0.962128476,0.333333333,0.166666667,1,0,0.215285462,21.53,Retained,0,Lower Risk,0,0
1,0,0,0,1,0,0,0,1,0,0,57,1,1,45,3,0.846,0.653,0.793,3.75,56.51851852,0.206541713,0.793458287,0.166666667,0.25,0,0,0.048805413,4.88,Retained,0,Lower Risk,0,0
1,0,0,0,1,0,0,0,1,0,0,39,0,3,21,1,0.853,0.75,0,1.75,69.28571429,1,0,0.083333333,0.166666667,0,0,0.161771009,16.18,Retained,0,Lower Risk,0,0
0,0,0,0,0,0,0,1,0,0,0,42,0,3,31,5,0.691,0.784,0.43,2.583333333,65.40909091,0.569860701,0.430139299,0.166666667,0.25,0,0,0.032677161,3.27,Retained,0,Lower Risk,0,0
1,0,1,0,0,0,0,0,1,0,0,47,0,2,42,2,0.655,0.648,0.625,3.5,79.49438202,0.375,0.625,0.083333333,0.25,0,0,0.017426212,1.74,Retained,0,Lower Risk,0,0
0,0,0,0,0,1,0,0,1,0,0,50,0,4,41,6,0.744,0.767,0,3.416666667,45.32894737,1,0,0.333333333,0.25,0,0,0.135964544,13.6,Retained,0,Lower Risk,0,0
4,0,0,1,0,0,0,0,1,0,0,56,1,1,48,6,0.44,0.32,0.467,4,48.18181818,0.533075435,0.466924565,0.333333333,0.25,0,0,0.068077593,6.81,Retained,0,Lower Risk,0,0
1,0,0,0,0,0,1,0,0,1,0,38,0,3,30,3,0.12,0.103,0.999,2.5,45.625,0.001232033,0.998767967,0.25,0.166666667,1,1,0.952434303,95.24,Churn,1,High Risk,0,0
0,0,0,0,0,1,0,0,0,1,0,31,0,0,18,3,0.723,0.864,0.486,1.5,50.52439024,0.514234875,0.485765125,0,0.166666667,0,0,0.009524737,0.95,Retained,0,Lower Risk,0,0
0,0,0,1,0,0,0,0,1,0,0,34,0,2,24,6,0.963,1.059,0.506,2,52.17142857,0.494130494,0.505869506,0.166666667,0.166666667,0,0,0.008009548,0.8,Retained,0,Lower Risk,0,0
3,0,0,0,0,0,0,1,0,0,1,49,1,4,39,2,0.946,0.758,0.321,3.25,94.5,0.679487179,0.320512821,0.166666667,0.166666667,1,0,0.134403935,13.44,Retained,0,Lower Risk,0,0
0,0,0,1,0,0,0,0,1,0,0,55,0,2,42,5,0.758,0.286,0.467,3.5,42.77777778,0.533393502,0.466606498,0.25,0.25,0,0,0.38432324,38.43,Retained,0,Lower Risk,0,0
1,0,0,1,0,0,0,0,0,1,0,50,0,2,43,4,1.196,0.833,0,3.583333333,58.5974026,1,0,0.25,0.083333333,0,0,0.005275297,0.53,Retained,0,Lower Risk,0,0
0,0,0,1,0,0,0,0,1,0,0,33,0,3,15,5,0.901,0.675,0.734,1.25,62.80597015,0.266495168,0.733504832,0.166666667,0.25,0,0,0.010540852,1.05,Retained,0,Lower Risk,0,0
3,0,0,0,0,0,1,0,0,1,0,42,1,3,35,5,0.446,0.705,0,2.916666667,45.98666667,1,0,0.333333333,0.083333333,0,0,0.106877869,10.69,Retained,0,Lower Risk,0,0
0,0,0,0,1,0,0,0,1,0,0,55,0,4,36,4,0.719,0.531,0,3,49.36734694,1,0,0.25,0.166666667,1,1,0.669717856,66.97,Churn,1,High Risk,0,0
1,0,0,0,0,0,0,1,1,0,0,39,1,2,26,6,0.898,0.68,0.368,2.166666667,47.14285714,0.632123412,0.367876588,0.166666667,0.083333333,0,0,0.002740259,0.27,Retained,0,Lower Risk,0,0
4,0,0,0,0,0,0,1,1,0,0,50,1,1,38,4,0.812,0.667,0.06,3.166666667,56.10769231,0.939853981,0.060146019,0.25,0.416666667,0,0,0.030630495,3.06,Retained,0,Lower Risk,0,0
4,0,0,0,0,0,1,0,0,0,1,36,1,1,23,6,0.592,0.708,0.039,1.916666667,52.6097561,0.960553633,0.039446367,0.25,0.25,0,0,0.034478377,3.45,Retained,0,Lower Risk,0,0
2,0,0,1,0,0,0,0,0,1,0,38,1,2,25,1,0.628,0.661,0,2.083333333,133.0714286,1,0,0.083333333,0.083333333,0,0,0.014074252,1.41,Retained,0,Lower Risk,0,0
0,0,0,1,0,0,0,0,0,1,0,53,0,3,34,5,0.609,0.407,0.716,2.833333333,52.23684211,0.283876799,0.716123201,0.416666667,0.25,1,1,0.82172513,82.17,Churn,1,High Risk,0,0
3,0,0,1,0,0,0,0,1,0,0,51,1,3,31,6,0.579,0.632,0,2.583333333,49.17204301,1,0,0.166666667,0.083333333,0,0,0.038171471,3.82,Retained,0,Lower Risk,0,0
4,1,0,0,0,0,0,1,0,1,0,44,1,3,39,2,0.801,0.551,0.062,3.25,133.1028037,0.938492293,0.061507707,0.083333333,0.25,0,0,0.023344912,2.33,Retained,0,Lower Risk,0,0
3,1,0,1,0,0,0,0,1,0,0,47,1,5,36,3,0.407,0.558,0.022,3,56.05970149,0.977981226,0.022018774,0.083333333,0.25,0,0,0.390558502,39.06,Retained,0,Lower Risk,0,0
3,0,0,1,0,0,0,0,1,0,0,49,1,4,29,2,0.747,0.837,0.223,2.416666667,168.2111111,0.7774877,0.2225123,0.25,0.166666667,0,0,0.052437144,5.24,Retained,0,Lower Risk,0,0
0,0,0,1,0,0,0,0,0,1,0,50,0,1,36,4,0.816,1,0.447,3,40.78571429,0.552673583,0.447326417,0.25,0.083333333,0,0,0.007878444,0.79,Retained,0,Lower Risk,0,0
3,0,0,0,0,0,0,1,1,0,0,45,1,0,37,4,0.648,0.634,0.211,3.083333333,63,0.789206547,0.210793453,0.166666667,0.25,0,0,0.041600908,4.16,Retained,0,Lower Risk,0,0
0,0,0,0,0,0,1,0,0,1,0,48,0,1,38,5,0.517,0.625,0.94,3.166666667,52.26923077,0.05973623,0.94026377,0,0.166666667,0,0,0.025530334,2.55,Retained,0,Lower Risk,0,0
3,0,0,0,0,0,1,0,1,0,0,40,1,4,23,6,1.134,0.87,0.17,1.916666667,52.81395349,0.83022541,0.16977459,0.166666667,0.25,0,0,0.001292943,0.13,Retained,0,Lower Risk,0,0
0,0,0,1,0,0,0,0,1,0,0,41,0,2,31,3,1.056,0.481,0.828,2.583333333,74.525,0.171705426,0.828294574,0.25,0.25,1,1,0.865825755,86.58,Churn,1,High Risk,0,0
0,0,0,0,0,0,0,1,0,0,1,54,0,2,39,4,0.72,0.519,0,3.25,52.31707317,1,0,0.25,0.25,1,1,0.796738451,79.67,Churn,1,High Risk,0,0
0,0,0,0,0,0,1,0,0,1,0,26,1,0,13,4,0.837,0.44,0.202,1.083333333,60.88888889,0.798390702,0.201609298,0.333333333,0.333333333,0,0,0.029977629,3,Retained,0,Lower Risk,0,0
0,0,0,0,1,0,0,0,0,1,0,60,0,1,36,5,0.552,0.614,0.602,3,58.91549296,0.3984375,0.6015625,0.166666667,0.166666667,0,0,0.038296008,3.83,Retained,0,Lower Risk,0,0
3,1,0,0,0,0,1,0,0,1,0,51,1,4,38,4,0.592,0.6,0.044,3.166666667,40.40625,0.956107313,0.043892687,0.333333333,0.083333333,0,0,0.022407567,2.24,Retained,0,Lower Risk,0,0
0,1,0,0,1,0,0,0,0,1,0,35,0,2,15,5,0.771,0.511,0.105,1.25,37.81690141,0.89540412,0.10459588,0.166666667,0.166666667,0,0,0.052470111,5.25,Retained,0,Lower Risk,0,0
0,0,0,0,1,0,0,0,0,1,0,33,0,4,29,6,1.032,0.6,0.118,2.416666667,37.6875,0.882352941,0.117647059,0.25,0.166666667,0,0,0.040607276,4.06,Retained,0,Lower Risk,0,0
2,1,0,1,0,0,0,0,1,0,0,51,1,2,36,3,0.651,0.902,0,3,50.88461538,1,0,0.25,0.5,0,0,0.023023205,2.3,Retained,0,Lower Risk,0,0
0,0,0,1,0,0,0,0,1,0,0,51,0,4,36,5,0.89,1.056,0,3,61.89189189,1,0,0.166666667,0.25,0,0,0.085911242,8.59,Retained,0,Lower Risk,0,0
0,0,0,0,0,0,0,1,0,1,0,62,0,1,55,3,0.476,0.417,0.848,4.583333333,46.5,0.152219873,0.847780127,0.25,0.25,1,1,0.55160748,55.16,Churn,1,High Risk,0,0
1,0,0,1,0,0,0,0,1,0,0,47,1,1,42,3,0.783,1.053,0,3.5,62.14102564,1,0,0.083333333,0.166666667,0,0,0.019089948,1.91,Retained,0,Lower Risk,0,0
4,0,0,0,0,0,0,0,1,0,0,50,1,4,36,6,0.889,0.737,0,3,58.15151515,1,0,0.333333333,0.083333333,0,0,0.029257546,2.93,Retained,0,Lower Risk,0,0
2,0,0,0,1,0,0,0,0,1,0,38,1,2,32,1,0.842,0.9,0.91,2.666666667,66.65789474,0.089897796,0.910102204,0.166666667,0.083333333,0,0,0.005748604,0.57,Retained,0,Lower Risk,0,0
0,0,0,0,0,0,0,1,1,0,0,55,0,2,36,5,0.537,0.414,0.561,3,42.07317073,0.438569798,0.561430202,0.25,0.166666667,0,0,0.200936783,20.09,Retained,0,Lower Risk,0,0
3,0,0,1,0,0,0,0,0,1,0,51,1,3,36,6,0.501,0.308,0.43,3,65.17647059,0.569529086,0.430470914,0.25,0.25,1,1,0.573331463,57.33,Churn,1,High Risk,0,0
0,0,0,0,1,0,0,0,0,1,0,48,0,3,28,4,0.707,0.848,0.256,2.333333333,56.67213115,0.744225543,0.255774457,0.083333333,0.166666667,0,0,0.013754879,1.38,Retained,0,Lower Risk,0,0
3,0,0,0,0,0,0,0,0,1,0,56,1,2,46,3,0.799,0.716,0.135,3.833333333,143.6347826,0.864752791,0.135247209,0.416666667,0.25,0,0,0.110202685,11.02,Retained,0,Lower Risk,0,0
0,0,0,0,1,0,0,0,1,0,0,47,0,2,39,5,0.718,0.429,0,3.25,54.55,1,0,0.25,0.25,1,1,0.910800652,91.08,Churn,1,High Risk,0,0
1,0,0,0,0,0,0,1,1,0,0,45,1,4,38,4,0.604,0.889,0.454,3.166666667,51.76470588,0.546186896,0.453813104,0.25,0.25,0,0,0.033346204,3.33,Retained,0,Lower Risk,0,0
3,0,0,0,0,1,0,0,1,0,0,53,1,2,43,4,0.396,0.286,0.346,3.583333333,41.5,0.654122308,0.345877692,0.333333333,0.166666667,0,0,0.135867223,13.59,Retained,0,Lower Risk,0,0
0,0,0,0,0,0,0,1,1,0,0,63,0,0,49,5,1.265,0.824,0.651,4.083333333,52.61290323,0.348510399,0.651489601,0,0.25,0,0,0.001260553,0.13,Retained,0,Lower Risk,0,0
1,0,0,0,0,0,1,0,1,0,0,49,0,1,41,4,0.383,0.37,0.363,3.416666667,54.86486486,0.637071543,0.362928457,0.25,0.25,1,1,0.640219077,64.02,Churn,1,High Risk,0,0
2,0,0,0,0,0,1,0,0,1,0,39,1,2,36,5,0.842,0.667,0.093,3,39.15,0.906955089,0.093044911,0.25,0.25,1,0,0.084012176,8.4,Retained,0,Lower Risk,0,0
1,0,0,0,1,0,0,0,0,1,0,54,0,4,36,3,0.641,0.68,0,3,49.80952381,1,0,0.333333333,0.25,1,0,0.489345623,48.93,Retained,0,Lower Risk,0,0
0,0,0,0,0,0,1,0,1,0,0,48,0,4,36,2,0.771,0.6,0.163,3,130.9038462,0.837193734,0.162806266,0.083333333,0.5,0,0,0.001575145,0.16,Retained,0,Lower Risk,0,0
0,0,0,1,0,0,0,0,0,1,0,43,0,1,38,3,0.829,0.725,0.9,3.166666667,54.31818182,0.100302801,0.899697199,0.25,0.25,0,0,0.199091017,19.91,Retained,0,Lower Risk,0,0
0,0,1,0,0,0,0,0,1,0,0,58,0,1,47,5,0.849,0.707,0.826,3.916666667,62.84285714,0.173947896,0.826052104,0.333333333,0.25,0,0,0.093783195,9.38,Retained,0,Lower Risk,0,0
0,0,0,0,0,0,0,0,1,0,0,34,0,3,23,3,0.835,0.868,0.543,1.916666667,71.47887324,0.456561922,0.543438078,0.25,0.25,0,0,0.047828789,4.78,Retained,0,Lower Risk,0,0
0,0,0,0,0,0,0,1,1,0,0,50,0,3,34,6,1.007,1.071,0.33,2.833333333,47.13793103,0.669815033,0.330184967,0.25,0.083333333,0,0,0.002613521,0.26,Retained,0,Lower Risk,0,0
2,0,0,0,1,0,0,0,1,0,0,41,1,4,36,4,0.789,0.452,0.253,3,32.91111111,0.747285661,0.252714339,0.166666667,0.166666667,0,0,0.050708274,5.07,Retained,0,Lower Risk,0,0
0,1,0,1,0,0,0,0,1,0,0,44,0,0,36,5,0.65,0.48,0.122,3,54.90540541,0.878437191,0.121562809,0.166666667,0.25,0,0,0.33298615,33.3,Retained,0,Lower Risk,0,0
0,0,0,0,0,0,0,1,0,1,0,45,0,2,27,6,0.683,0.595,0,2.25,44.03389831,1,0,0.25,0.25,0,0,0.353959539,35.4,Retained,0,Lower Risk,0,0
4,0,0,0,0,0,1,0,1,0,0,56,1,1,50,4,1.256,0.571,0.093,4.166666667,45.49090909,0.906607604,0.093392396,0.416666667,0.25,0,0,0.052912588,5.29,Retained,0,Lower Risk,0,0
1,0,1,0,0,0,0,0,1,0,0,57,0,2,41,2,0.778,0.975,0.221,3.416666667,67.36708861,0.779383692,0.220616308,0.25,0.25,0,0,0.092355048,9.24,Retained,0,Lower Risk,0,0
0,0,0,0,1,0,0,0,0,1,0,54,0,1,36,1,0.745,0.862,0.627,3,76.81481481,0.373409669,0.626590331,0.166666667,0.25,0,0,0.036092156,3.61,Retained,0,Lower Risk,0,0
0,0,0,0,0,0,1,0,1,0,0,58,0,1,51,5,0.906,0.95,0.559,4.25,56.35897436,0.441441441,0.558558559,0.166666667,0.333333333,0,0,0.066323754,6.63,Retained,0,Lower Risk,0,0
0,0,0,1,0,0,0,0,0,1,0,44,0,3,36,5,0.972,0.604,0.253,3,50.49350649,0.747171667,0.252828333,0.25,0.083333333,0,0,0.025814541,2.58,Retained,0,Lower Risk,0,0
4,1,0,0,0,1,0,0,0,1,0,48,1,5,41,5,0.553,0.786,0.073,3.416666667,45.2,0.927077297,0.072922703,0.083333333,0.25,1,0,0.011314871,1.13,Retained,0,Lower Risk,0,0
0,0,0,0,1,0,0,0,1,0,0,44,0,3,31,6,0.976,0.72,0.478,2.583333333,48.93023256,0.521657512,0.478342488,0.416666667,0.166666667,0,0,0.023455686,2.35,Retained,0,Lower Risk,0,0
0,0,0,0,0,0,1,0,1,0,0,38,1,1,31,6,0.817,0.826,0.193,2.583333333,64.1547619,0.806927518,0.193072482,0.25,0.25,0,0,0.024993171,2.5,Retained,0,Lower Risk,0,0
0,0,0,0,0,0,0,1,0,1,0,28,0,0,13,5,0.767,0.962,0.03,1.083333333,49.68627451,0.969526532,0.030473468,0.166666667,0.25,0,0,0.004457854,0.45,Retained,0,Lower Risk,0,0
0,0,0,1,0,0,0,0,0,1,0,42,0,3,28,6,0.46,0.644,0,2.333333333,60.56756757,1,0,0.083333333,0.166666667,0,0,0.18038819,18.04,Retained,0,Lower Risk,0,0
1,0,0,1,0,0,0,0,0,0,1,43,0,4,31,2,0.774,0.706,0.271,2.583333333,60.27586207,0.729161574,0.270838426,0.25,0.25,0,0,0.224853284,22.49,Retained,0,Lower Risk,0,0
2,0,0,0,0,0,0,1,0,1,0,53,1,3,42,6,0.636,0.5,0.074,3.5,63.48148148,0.925887174,0.074112826,0.166666667,0.083333333,0,0,0.015596075,1.56,Retained,0,Lower Risk,0,0
0,0,0,1,0,0,0,0,1,0,0,62,0,1,49,4,0.625,0.923,0.801,4.083333333,52.92,0.199172765,0.800827235,0.166666667,0.166666667,0,0,0.008485847,0.85,Retained,0,Lower Risk,0,0
3,0,1,0,0,0,0,0,0,1,0,35,1,1,27,3,0.624,0.586,0.867,2.25,57.67391304,0.133264463,0.866735537,0.166666667,0.166666667,1,0,0.180107585,18.01,Retained,0,Lower Risk,0,0
3,1,0,0,0,0,0,0,0,1,0,35,1,0,16,6,0.524,0.829,0,1.333333333,41.484375,1,0,0.25,0.25,0,0,0.033970145,3.4,Retained,0,Lower Risk,0,0
1,0,0,1,0,0,0,0,1,0,0,47,1,2,42,6,0.641,0.5,0,3.5,52.77777778,1,0,0.25,0.25,1,1,0.599886581,59.99,Churn,1,High Risk,0,0
2,1,0,1,0,0,0,0,1,0,0,47,1,4,33,3,0.623,0.5,0.049,2.75,39.25925926,0.951355893,0.048644107,0.083333333,0.166666667,0,0,0.055430026,5.54,Retained,0,Lower Risk,0,0
3,0,0,0,0,0,0,0,1,0,0,42,1,2,32,5,0.65,0.667,0.082,2.666666667,61.24615385,0.918399638,0.081600362,0.166666667,0.166666667,0,0,0.019971265,2,Retained,0,Lower Risk,0,0
4,0,0,1,0,0,0,0,0,1,0,36,1,1,20,3,0.531,0.788,0,1.666666667,45.52542373,1,0,0.166666667,0.166666667,0,0,0.3188169,31.88,Retained,0,Lower Risk,0,0
0,0,0,0,0,0,1,0,1,0,0,49,0,3,36,5,0.806,0.825,0,3,66.69863014,1,0,0.25,0.25,0,0,0.155893238,15.59,Retained,0,Lower Risk,0,0
0,0,0,0,1,0,0,0,0,0,0,32,0,0,25,2,0.627,0.864,0.198,2.083333333,134.3909091,0.801943283,0.198056717,0,0.25,0,0,0.007887092,0.79,Retained,0,Lower Risk,0,0
3,0,0,0,0,1,0,0,0,0,1,57,1,1,36,4,0.981,0.824,0,3,136.5,1,0,0.25,0.25,1,1,0.891011923,89.1,Churn,1,High Risk,0,0
0,0,0,1,0,0,0,0,0,1,0,52,0,3,38,2,0.912,0.656,0,3.166666667,57.88679245,1,0,0.333333333,0.25,1,1,0.892233407,89.22,Churn,1,High Risk,0,0
0,0,0,0,0,0,1,0,0,0,0,44,0,4,38,6,0.583,0.718,0.247,3.166666667,64.08955224,0.752993595,0.247006405,0.083333333,0.333333333,0,0,0.017449445,1.74,Retained,0,Lower Risk,0,0
4,0,1,0,0,0,0,0,0,1,0,41,1,3,28,4,0.903,0.63,0,2.333333333,61.77272727,1,0,0.25,0.166666667,1,0,0.411762592,41.18,Retained,0,Lower Risk,0,0
2,0,0,0,0,0,1,0,1,0,0,52,1,4,42,3,0.928,0.684,0,3.5,62.546875,1,0,0,0.166666667,0,0,0.047763217,4.78,Retained,0,Lower Risk,0,0
3,0,0,0,0,0,1,0,0,1,0,52,1,2,34,2,0.795,0.667,0,2.833333333,110.5333333,1,0,0.25,0.166666667,0,0,0.263810711,26.38,Retained,0,Lower Risk,0,0
0,0,0,1,0,0,0,0,1,0,0,37,1,2,28,2,0.65,0.552,0.411,2.333333333,139.8076923,0.588502761,0.411497239,0.25,0.166666667,0,0,0.076240487,7.62,Retained,0,Lower Risk,0,0
2,0,0,0,1,0,0,0,1,0,0,53,1,3,41,3,0.522,0.565,0.545,3.416666667,37.75,0.455241935,0.544758065,0,0.083333333,0,0,0.002886684,0.29,Retained,0,Lower Risk,0,0
0,0,0,0,0,0,0,1,1,0,0,58,0,3,48,2,0.63,0.656,0.407,4,140.9405941,0.593394394,0.406605606,0.166666667,0.083333333,0,0,0.002534267,0.25,Retained,0,Lower Risk,0,0
0,0,0,0,0,0,1,0,1,0,0,37,0,4,26,2,0.73,0.722,0.189,2.166666667,115.3870968,0.810984517,0.189015483,0.166666667,0.083333333,0,0,0.011346843,1.13,Retained,0,Lower Risk,0,0
1,0,0,1,0,0,0,0,0,0,0,42,0,2,31,6,0.775,0.54,0.75,2.583333333,58.22077922,0.250405186,0.749594814,0.083333333,0.166666667,0,0,0.07490577,7.49,Retained,0,Lower Risk,0,0
1,0,0,0,1,0,0,0,0,1,0,51,0,3,38,5,0.695,0.822,0,3.166666667,52.20731707,1,0,0.083333333,0.25,0,0,0.061934085,6.19,Retained,0,Lower Risk,0,0
0,0,0,0,0,0,1,0,1,0,0,35,0,1,36,3,0.681,0.364,0,3,32.9,1,0,0.333333333,0.166666667,0,0,0.422020452,42.2,Retained,0,Lower Risk,0,0
2,0,0,0,0,0,0,0,0,0,0,40,1,3,34,3,0.898,0.636,0.06,2.833333333,62.7962963,0.939997966,0.060002034,0.25,0.25,0,0,0.174790092,17.48,Retained,0,Lower Risk,0,0
0,0,0,0,0,0,1,0,0,1,0,43,0,3,32,5,0.494,0.593,0.341,2.666666667,58.3255814,0.658624765,0.341375235,0.083333333,0.083333333,0,0,0.007742904,0.77,Retained,0,Lower Risk,0,0
3,0,0,1,0,0,0,0,0,0,0,38,1,3,24,5,0.661,0.622,0,2,47.93333333,1,0,0.25,0.083333333,0,0,0.148598316,14.86,Retained,0,Lower Risk,0,0
3,0,0,0,0,0,0,1,0,0,1,43,1,3,28,2,0.86,0.812,0.074,2.333333333,144.2413793,0.926297821,0.073702179,0.25,0.083333333,0,0,0.120784443,12.08,Retained,0,Lower Risk,0,0
0,0,0,0,0,0,0,1,0,1,0,50,0,3,43,6,0.611,0.714,0.653,3.583333333,43.1875,0.347115705,0.652884295,0.333333333,0.083333333,0,0,0.02235434,2.24,Retained,0,Lower Risk,0,0
0,0,0,0,0,0,0,1,1,0,0,50,0,2,31,4,0.934,0.667,0,2.583333333,62.32307692,1,0,0.166666667,0.166666667,0,0,0.10605734,10.61,Retained,0,Lower Risk,0,0
1,0,0,0,0,0,0,0,1,0,0,62,0,0,49,6,0.757,1,0,4.083333333,40.03125,1,0,0.166666667,0.083333333,0,0,0.017429531,1.74,Retained,0,Lower Risk,0,0
0,0,0,0,0,0,0,1,0,0,1,36,0,2,28,6,0.668,0.814,0.739,2.333333333,66.43589744,0.261410788,0.738589212,0.166666667,0.083333333,0,0,0.005929989,0.59,Retained,0,Lower Risk,0,0
1,0,0,1,0,0,0,0,0,1,0,38,0,3,36,1,0.767,0.66,0.508,3,62.48717949,0.491557223,0.508442777,0.083333333,0.083333333,0,0,0.003901505,0.39,Retained,0,Lower Risk,0,0
0,0,0,0,0,0,1,0,0,1,0,50,0,4,43,4,0.732,0.756,0.808,3.583333333,59.3164557,0.191534392,0.808465608,0.166666667,0.25,0,0,0.02926448,2.93,Retained,0,Lower Risk,0,0
0,0,0,1,0,0,0,0,0,0,1,52,0,1,42,6,0.745,0.725,0,3.5,46.11363636,1,0,0,0.166666667,0,0,0.016012595,1.6,Retained,0,Lower Risk,0,0
0,0,0,1,0,0,0,0,0,1,0,38,0,2,31,2,1.084,1.417,0.153,2.583333333,50.5862069,0.846592123,0.153407877,0.166666667,0.25,0,0,0.110081029,11.01,Retained,0,Lower Risk,0,0
0,0,0,1,0,0,0,0,0,1,0,39,0,1,26,3,0.712,0.469,0.819,2.166666667,54.87234043,0.181236674,0.818763326,0.083333333,0.25,1,0,0.182375978,18.24,Retained,0,Lower Risk,0,0
0,0,0,0,1,0,0,0,0,0,0,42,0,5,36,5,0.81,0.64,0.623,3,69.12195122,0.377477042,0.622522958,0.25,0.166666667,0,0,0.039222396,3.92,Retained,0,Lower Risk,0,0
3,0,0,1,0,0,0,0,1,0,0,52,1,1,36,4,0.78,0.778,0.016,3,50.90625,0.984094333,0.015905667,0.166666667,0.25,0,0,0.08809083,8.81,Retained,0,Lower Risk,0,0
2,0,0,0,1,0,0,0,1,0,0,50,1,3,35,3,0.568,0.581,0.144,2.916666667,53.80882353,0.85620035,0.14379965,0.166666667,0.25,0,0,0.147434684,14.74,Retained,0,Lower Risk,0,0
0,0,0,0,1,0,0,0,1,0,0,42,0,1,36,5,0.883,1.028,0.731,3,56.42465753,0.268672951,0.731327049,0.25,0.25,0,0,0.031829414,3.18,Retained,0,Lower Risk,0,0
0,0,0,0,0,0,1,0,0,1,0,52,0,1,40,5,0.682,0.81,0.762,3.333333333,48.73684211,0.238158477,0.761841523,0.25,0.083333333,0,0,0.007270119,0.73,Retained,0,Lower Risk,0,0
1,0,0,1,0,0,0,0,1,0,0,46,1,1,27,2,0.919,0.911,0.303,2.25,147.2056075,0.697088223,0.302911777,0.166666667,0.166666667,0,0,0.201555758,20.16,Retained,0,Lower Risk,0,0
4,0,0,1,0,0,0,0,1,0,0,54,1,3,46,3,0.928,0.8,0.025,3.833333333,37.01851852,0.975257851,0.024742149,0.25,0.083333333,0,0,0.134164664,13.42,Retained,0,Lower Risk,0,0
1,0,0,0,1,0,0,0,1,0,0,57,0,0,45,3,1.328,0.8,0.371,3.75,51.26666667,0.629060579,0.370939421,0.166666667,0.166666667,0,0,0.006846466,0.68,Retained,0,Lower Risk,0,0
3,1,0,0,0,0,0,0,0,1,0,60,1,0,53,6,0.791,0.684,0.04,4.416666667,50.953125,0.959786766,0.040213234,0.166666667,0.25,0,0,0.015490124,1.55,Retained,0,Lower Risk,0,0
0,0,0,0,1,0,0,0,1,0,0,60,0,1,47,2,0.857,0.828,0.38,3.916666667,136.1509434,0.620286086,0.379713914,0.083333333,0.25,0,0,0.039684712,3.97,Retained,0,Lower Risk,0,0
0,0,0,0,0,0,0,1,0,1,0,49,0,3,37,2,0.962,0.86,0,3.083333333,115.025,1,0,0.166666667,0.166666667,1,1,0.656752712,65.68,Churn,1,High Risk,0,0
0,0,0,0,0,0,0,0,0,1,0,60,0,2,54,5,0.714,0.732,0.714,4.5,54.04225352,0.286191537,0.713808463,0.166666667,0.25,0,0,0.028938564,2.89,Retained,0,Lower Risk,0,0
0,0,0,0,1,0,0,0,0,1,0,27,0,0,18,6,0.781,0.6,0,1.5,66.025,1,0,0.333333333,0.083333333,1,0,0.11755604,11.76,Retained,0,Lower Risk,0,0
1,0,0,0,0,0,0,0,1,0,0,34,0,3,29,4,0.782,0.75,0,2.416666667,46.28571429,1,0,0.166666667,0.083333333,0,0,0.028240783,2.82,Retained,0,Lower Risk,0,0
0,0,0,1,0,0,0,0,0,1,0,58,0,1,36,5,0.609,0.786,0.54,3,50.62666667,0.460132367,0.539867633,0.083333333,0.083333333,0,0,0.001616283,0.16,Retained,0,Lower Risk,0,0
0,0,0,0,0,0,1,0,0,0,0,48,0,3,44,3,0.779,0.723,0.613,3.666666667,143.0982143,0.387143901,0.612856099,0.083333333,0.166666667,0,0,0.004893915,0.49,Retained,0,Lower Risk,0,0
2,0,0,1,0,0,0,0,1,0,0,40,1,3,29,6,0.729,0.851,0,2.416666667,52.67816092,1,0,0.166666667,0.25,0,0,0.051287524,5.13,Retained,0,Lower Risk,0,0
3,0,0,0,0,0,0,1,1,0,0,55,1,2,46,4,0.475,0.5,0.172,3.833333333,43.18181818,0.827944257,0.172055743,0.083333333,0.083333333,0,0,0.009935476,0.99,Retained,0,Lower Risk,0,0
0,0,0,0,1,0,0,0,1,0,0,45,0,3,39,1,0.83,0.766,0.518,3.25,60.48192771,0.482027393,0.517972607,0.166666667,0.166666667,0,0,0.030694489,3.07,Retained,0,Lower Risk,0,0
3,0,0,0,0,0,1,0,1,0,0,48,1,3,42,4,1.006,0.676,0.167,3.5,57.14516129,0.832836435,0.167163565,0.25,0.25,0,0,0.071617485,7.16,Retained,0,Lower Risk,0,0
2,0,0,1,0,0,0,0,1,0,0,47,1,3,36,2,0.949,1.083,0.059,3,29.2,0.94135296,0.05864704,0.166666667,0.083333333,0,0,0.142927651,14.29,Retained,0,Lower Risk,0,0
0,0,0,1,0,0,0,0,0,0,0,46,0,3,34,4,0.581,0.933,0.07,2.833333333,52.89655172,0.930447126,0.069552874,0.333333333,0.166666667,0,0,0.054495973,5.45,Retained,0,Lower Risk,0,0
1,0,0,0,0,0,0,1,0,0,0,41,1,2,25,4,0.804,0.683,0.511,2.083333333,127.0144928,0.488894085,0.511105915,0.25,0.166666667,1,0,0.113585247,11.36,Retained,0,Lower Risk,0,0
3,0,0,0,0,0,0,1,0,1,0,57,1,2,38,6,0.674,0.636,0.099,3.166666667,36.16666667,0.900904033,0.099095967,0.25,0.083333333,0,0,0.018112782,1.81,Retained,0,Lower Risk,0,0
1,0,0,0,0,0,0,1,1,0,0,48,0,3,36,1,0.576,0.8,0.377,3,62.13580247,0.623038516,0.376961484,0.166666667,0.5,0,0,0.005452727,0.55,Retained,0,Lower Risk,0,0
3,0,0,1,0,0,0,0,1,0,0,47,1,3,42,6,0.708,0.66,0.091,3.5,46.03614458,0.908635985,0.091364015,0.25,0.25,0,0,0.049554963,4.96,Retained,0,Lower Risk,0,0
1,0,0,1,0,0,0,0,0,1,0,33,0,3,36,6,1.158,1.31,0.274,3,42.52238806,0.72558309,0.27441691,0.166666667,0.083333333,0,0,0.000296573,0.03,Retained,0,Lower Risk,0,0
2,0,0,1,0,0,0,0,0,1,0,48,1,2,40,4,0.784,1.061,0.095,3.333333333,57.33823529,0.905491271,0.094508729,0.333333333,0.416666667,0,0,0.029266349,2.93,Retained,0,Lower Risk,0,0
1,0,0,0,0,0,1,0,1,0,0,44,1,2,36,3,0.811,0.909,0.38,3,156.7714286,0.620088473,0.379911527,0.166666667,0.25,0,0,0.051741657,5.17,Retained,0,Lower Risk,0,0
1,0,0,1,0,0,0,0,0,1,0,46,1,2,31,3,0.692,0.562,0,2.583333333,39.92,1,0,0.416666667,0.25,1,1,0.704110265,70.41,Churn,1,High Risk,0,0
4,0,0,1,0,0,0,0,0,0,0,40,1,4,30,5,0.557,0.583,0.051,2.5,39.81578947,0.948586629,0.051413371,0.25,0.25,0,0,0.27348015,27.35,Retained,0,Lower Risk,0,0
0,0,0,0,1,0,0,0,0,0,1,41,0,3,36,5,0.828,1,0.52,3,75.61666667,0.48044992,0.51955008,0,0.166666667,0,0,0.004579842,0.46,Retained,0,Lower Risk,0,0
0,0,0,0,0,0,0,0,0,1,0,58,0,2,36,6,0.691,0.975,0.86,3,62.98734177,0.140144665,0.859855335,0,0.333333333,0,0,0.001887871,0.19,Retained,0,Lower Risk,0,0
0,0,0,0,1,0,0,0,0,0,1,40,0,3,31,5,0.932,0.585,0.698,2.583333333,50.8,0.301980198,0.698019802,0.333333333,0.166666667,0,0,0.107730443,10.77,Retained,0,Lower Risk,0,0
0,0,0,0,0,0,0,0,1,0,0,40,0,4,26,3,0.593,0.769,0,2.166666667,55.65217391,1,0,0.083333333,0.083333333,0,0,0.022159977,2.22,Retained,0,Lower Risk,0,0
3,0,0,1,0,0,0,0,0,0,1,54,1,3,47,6,0.684,0.512,0.085,3.916666667,57.12307692,0.914747154,0.085252846,0.333333333,0.166666667,0,0,0.103642567,10.36,Retained,0,Lower Risk,0,0
0,0,0,1,0,0,0,0,0,0,0,43,0,2,33,4,0.925,0.818,0.511,2.75,63.4875,0.48926507,0.51073493,0.166666667,0.25,0,0,0.021586569,2.16,Retained,0,Lower Risk,0,0
0,0,0,1,0,0,0,0,1,0,0,47,0,2,41,5,0.8,0.739,0,3.416666667,37.525,1,0,0.333333333,0.25,0,0,0.241095918,24.11,Retained,0,Lower Risk,0,0
0,0,0,0,0,0,0,0,0,1,0,54,0,1,48,3,0.907,0.71,0.444,4,56.9245283,0.556147541,0.443852459,0.333333333,0.083333333,0,0,0.026126319,2.61,Retained,0,Lower Risk,0,0
3,0,0,1,0,0,0,0,1,0,0,48,1,5,38,6,0.723,0.868,0.019,3.166666667,51.56338028,0.980965349,0.019034651,0.166666667,0.166666667,0,0,0.037830653,3.78,Retained,0,Lower Risk,0,0
4,0,0,0,0,0,0,0,0,0,1,44,1,4,34,5,0.698,0.647,0.179,2.833333333,33.01785714,0.820824882,0.179175118,0.25,0.25,0,0,0.122153651,12.22,Retained,0,Lower Risk,0,0
3,0,0,1,0,0,0,0,1,0,0,46,1,4,33,5,0.479,0.634,0.057,2.75,64.3880597,0.943489246,0.056510754,0.25,0.083333333,0,0,0.01130931,1.13,Retained,0,Lower Risk,0,0
3,0,0,1,0,0,0,0,0,1,0,37,1,3,29,6,0.639,0.786,0.177,2.416666667,45.52,0.823030977,0.176969023,0.333333333,0.166666667,0,0,0.023752102,2.38,Retained,0,Lower Risk,0,0
0,0,0,0,0,0,0,0,0,1,0,36,0,3,30,3,1.002,0.971,0.17,2.5,42.49253731,0.829576817,0.170423183,0.25,0.166666667,0,0,0.055090669,5.51,Retained,0,Lower Risk,0,0
2,0,0,0,1,0,0,0,1,0,0,41,1,2,36,4,0.307,0.375,0.126,3,58.74242424,0.874463873,0.125536127,0.166666667,0.25,0,0,0.412741015,41.27,Retained,0,Lower Risk,0,0
3,0,0,0,0,0,1,0,1,0,0,39,1,4,27,6,0.797,0.725,0,2.25,62.05797101,1,0,0.166666667,0.333333333,0,0,0.044160591,4.42,Retained,0,Lower Risk,0,0
1,1,0,1,0,0,0,0,0,1,0,49,0,3,36,1,0.693,0.911,0.11,3,95.98837209,0.890017843,0.109982157,0.083333333,0.25,0,0,0.038636981,3.86,Retained,0,Lower Risk,0,0
0,0,0,0,0,0,1,0,0,1,0,48,0,3,40,3,0.902,1,0.418,3.333333333,63.65277778,0.581888928,0.418111072,0.333333333,0.333333333,0,0,0.168111831,16.81,Retained,0,Lower Risk,0,0
2,0,0,1,0,0,0,0,1,0,0,33,1,3,36,5,1.175,0.548,0.704,3,35.66666667,0.296060255,0.703939745,0.25,0.083333333,0,0,0.001788182,0.18,Retained,0,Lower Risk,0,0
2,0,0,1,0,0,0,0,1,0,0,53,1,2,38,6,0.632,0.682,0.155,3.166666667,41.54054054,0.845105954,0.154894046,0.166666667,0.25,0,0,0.05473952,5.47,Retained,0,Lower Risk,0,0
2,0,0,0,0,0,0,1,0,1,0,51,1,1,22,2,0.821,0.785,0.277,1.833333333,120.3275862,0.722928437,0.277071563,0.25,0.25,0,0,0.103322057,10.33,Retained,0,Lower Risk,0,0
1,1,0,0,0,0,0,1,0,1,0,37,1,3,24,3,0.646,0.511,0.11,2,64.58823529,0.890107712,0.109892288,0.25,0.083333333,0,0,0.045081446,4.51,Retained,0,Lower Risk,0,0
1,0,0,0,0,1,0,0,0,0,1,49,0,5,39,3,0.979,0.688,0,3.25,53,1,0,0.333333333,0.083333333,0,0,0.060192928,6.02,Retained,0,Lower Risk,0,0
3,0,0,1,0,0,0,0,1,0,0,39,1,2,27,4,0.952,1,0.148,2.25,62.72727273,0.851792349,0.148207651,0.166666667,0.166666667,0,0,0.014817923,1.48,Retained,0,Lower Risk,0,0
0,0,0,1,0,0,0,0,0,1,0,58,0,3,53,1,0.725,1.135,0.767,4.416666667,61.55696203,0.232671413,0.767328587,0.083333333,0.25,0,0,0.020950923,2.1,Retained,0,Lower Risk,0,0
1,0,1,0,0,0,0,0,0,1,0,36,1,2,31,3,0.545,0.828,0,2.583333333,41.88679245,1,0,0.166666667,0.25,0,0,0.278763414,27.88,Retained,0,Lower Risk,0,0
0,0,0,0,0,0,1,0,0,1,0,28,1,0,20,1,0.878,0.758,0.206,1.666666667,147.1034483,0.794334408,0.205665592,0.25,0.083333333,0,0,0.043052943,4.31,Retained,0,Lower Risk,0,0
2,0,0,0,0,0,0,1,0,1,0,48,1,5,36,2,0.807,0.712,0,3,122.256,1,0,0,0.25,0,0,0.086527099,8.65,Retained,0,Lower Risk,0,0
4,2,1,0,0,0,0,0,0,1,0,45,1,4,36,1,0.701,0.778,0.041,3,83.40625,0.959120408,0.040879592,0.083333333,0.25,0,0,0.020436785,2.04,Retained,0,Lower Risk,0,0
3,1,0,1,0,0,0,0,0,1,0,50,1,2,40,3,0.801,1.079,0,3.333333333,96.97468354,1,0,0.5,0.333333333,1,1,0.969741542,96.97,Churn,1,High Risk,0,0
0,0,0,0,1,0,0,0,0,1,0,26,0,2,13,5,0.699,0.581,0,1.083333333,50.93877551,1,0,0.25,0,0,1,0.586404251,58.64,Churn,1,High Risk,0,0
0,0,0,0,1,0,0,0,1,0,0,50,0,2,40,2,0.984,0.859,0,3.333333333,123.5546218,1,0,0.166666667,0.25,0,1,0.74410525,74.41,Churn,1,High Risk,0,0
0,0,0,1,0,0,0,0,0,0,1,45,0,2,35,6,0.636,0.519,0.777,2.916666667,46.43902439,0.223148148,0.776851852,0.25,0.25,0,1,0.510308048,51.03,Churn,1,High Risk,0,0
2,0,0,0,0,0,0,1,0,0,1,49,1,2,36,5,0.397,0.267,0.275,3,38.89473684,0.725080633,0.274919367,0.166666667,0.25,0,0,0.161752418,16.18,Retained,0,Lower Risk,0,0
0,0,0,1,0,0,0,0,0,1,0,31,0,0,17,4,0.67,0.648,0.632,1.416666667,48.96629213,0.368137783,0.631862217,0.25,0.166666667,0,0,0.065697028,6.57,Retained,0,Lower Risk,0,0
3,0,0,0,0,0,1,0,1,0,0,47,1,4,40,5,0.853,0.769,0.083,3.333333333,48.84057971,0.917439001,0.082560999,0.333333333,0.166666667,0,0,0.017455841,1.75,Retained,0,Lower Risk,0,0
0,0,0,1,0,0,0,0,0,1,0,38,0,1,29,2,0.67,0.449,0.151,2.416666667,75.25,0.848880597,0.151119403,0.25,0.25,0,1,0.655028476,65.5,Churn,1,High Risk,0,0
2,0,0,0,1,0,0,0,0,1,0,43,1,4,36,4,0.66,0.5,0.272,3,64.63333333,0.728075457,0.271924543,0.25,0.25,0,0,0.261817995,26.18,Retained,0,Lower Risk,0,0
2,0,0,0,1,0,0,0,1,0,0,35,1,3,24,3,0.624,0.536,0.822,2,44.06976744,0.177637948,0.822362052,0.166666667,0.166666667,0,0,0.105004678,10.5,Retained,0,Lower Risk,0,0
0,0,0,0,0,0,1,0,0,1,0,48,0,4,37,6,0.865,0.739,0.33,3.083333333,53.075,0.670445956,0.329554044,0.333333333,0.25,0,0,0.050923748,5.09,Retained,0,Lower Risk,0,0
4,0,0,0,0,0,0,0,0,1,0,54,1,3,49,3,1.203,0.263,0,4.083333333,88.125,1,0,0.25,0.166666667,1,1,0.966548583,96.65,Churn,1,High Risk,0,0
0,0,1,0,0,0,0,0,0,0,0,41,0,1,30,3,1.001,0.85,0.306,2.5,84.91891892,0.6939379,0.3060621,0.083333333,0.25,1,0,0.158605697,15.86,Retained,0,Lower Risk,0,0
0,0,0,0,0,0,1,0,0,1,0,55,0,3,47,4,0.166,0.514,0.172,3.916666667,113.3773585,0.82827318,0.17172682,0.25,0.25,1,1,0.862191191,86.22,Churn,1,High Risk,0,0
3,0,0,1,0,0,0,0,1,0,0,43,1,3,26,5,0.751,0.812,0.463,2.166666667,49.68965517,0.537154989,0.462845011,0.166666667,0.25,0,0,0.014465841,1.45,Retained,0,Lower Risk,0,0
0,0,0,0,0,0,0,0,1,0,0,47,0,2,36,6,0.684,0.267,0.444,3,57.26315789,0.555849656,0.444150344,0.25,0.166666667,1,1,0.657416122,65.74,Churn,1,High Risk,0,0
0,0,0,0,0,0,0,1,0,1,0,45,0,3,34,6,0.602,0.889,0.245,2.833333333,70.23529412,0.754572864,0.245427136,0.166666667,0.333333333,0,0,0.016197571,1.62,Retained,0,Lower Risk,0,0
1,0,0,1,0,0,0,0,0,1,0,59,1,2,50,2,0.813,0.823,0,4.166666667,121.6902655,1,0,0.166666667,0.083333333,0,0,0.094724049,9.47,Retained,0,Lower Risk,0,0
0,0,0,0,0,0,0,0,0,1,0,47,0,4,37,6,0.63,0.381,0.255,3.083333333,37.93103448,0.745300752,0.254699248,0.166666667,0.166666667,0,0,0.224916424,22.49,Retained,0,Lower Risk,0,0
2,0,0,0,1,0,0,0,0,1,0,42,1,2,34,4,0.69,1.25,0.525,2.833333333,43.25925926,0.474520384,0.525479616,0.25,0.333333333,0,0,0.028711068,2.87,Retained,0,Lower Risk,0,0
1,0,0,1,0,0,0,0,1,0,0,53,0,1,47,6,0.689,0.571,0,3.916666667,46.77272727,1,0,0.166666667,0.166666667,0,0,0.263684765,26.37,Retained,0,Lower Risk,0,0
0,0,0,0,1,0,0,0,1,0,0,56,0,2,43,1,0.563,0.432,0.567,3.583333333,56.95238095,0.432631063,0.567368937,0.166666667,0.166666667,0,1,0.622789937,62.28,Churn,1,High Risk,0,0
0,1,0,0,0,0,1,0,1,0,0,46,0,4,36,3,0.662,0.75,0.127,3,50.83116883,0.87309552,0.12690448,0.333333333,0.083333333,0,0,0.010023945,1,Retained,0,Lower Risk,0,0
0,0,0,0,0,0,0,0,1,0,0,34,0,1,16,6,0.82,0.641,0.817,1.333333333,74.34375,0.183250788,0.816749212,0.333333333,0.083333333,0,0,0.090574734,9.06,Retained,0,Lower Risk,0,0
1,0,0,0,0,0,0,1,1,0,0,56,0,2,49,3,0.693,0.931,0,4.083333333,118.0535714,1,0,0.166666667,0.25,0,0,0.269488553,26.95,Retained,0,Lower Risk,0,0
0,0,0,1,0,0,0,0,0,1,0,31,1,2,14,4,0.656,0.917,0.27,1.166666667,135.5217391,0.730275494,0.269724506,0.25,0.25,0,0,0.028035537,2.8,Retained,0,Lower Risk,0,0
0,0,0,1,0,0,0,0,0,1,0,48,0,1,35,5,0.785,0.913,0,2.916666667,54.51136364,1,0,0.166666667,0.166666667,0,0,0.043581861,4.36,Retained,0,Lower Risk,0,0
0,0,0,1,0,0,0,0,0,1,0,63,1,1,56,4,0.941,0.841,0.262,4.666666667,52.43209877,0.737777218,0.262222782,0.166666667,0.166666667,0,0,0.007904565,0.79,Retained,0,Lower Risk,0,0
0,0,0,0,1,0,0,0,1,0,0,47,0,3,36,3,1.222,0.658,0,3,61.06349206,1,0,0.166666667,0.166666667,0,0,0.067762395,6.78,Retained,0,Lower Risk,0,0
1,0,0,1,0,0,0,0,1,0,0,49,0,1,39,3,0.778,0.949,0.277,3.25,52.38157895,0.723371754,0.276628246,0.25,0.25,0,0,0.087488461,8.75,Retained,0,Lower Risk,0,0
1,0,0,0,0,0,0,0,1,0,0,46,0,2,34,2,0.563,0.826,0.446,2.833333333,58.26190476,0.554476058,0.445523942,0.25,0.083333333,0,0,0.019547967,1.95,Retained,0,Lower Risk,0,0
0,0,0,0,1,0,0,0,0,1,0,30,0,0,25,4,0.668,0.745,0.09,2.083333333,50.09756098,0.910428118,0.089571882,0.166666667,0.083333333,0,0,0.008284019,0.83,Retained,0,Lower Risk,0,0
0,0,0,0,1,0,0,0,1,0,0,55,0,2,45,5,1.144,0.652,0.79,3.75,42.81578947,0.210229056,0.789770944,0,0.166666667,0,0,0.001950214,0.2,Retained,0,Lower Risk,0,0
0,0,0,1,0,0,0,0,0,1,0,44,0,1,25,3,0.66,0.37,0,2.083333333,67.89189189,1,0,0.333333333,0.166666667,1,1,0.958301014,95.83,Churn,1,High Risk,0,0
0,0,0,0,0,0,1,0,0,1,0,42,0,2,23,4,0.529,0.31,0,1.916666667,55.05263158,1,0,0.25,0.166666667,1,1,0.921220433,92.12,Churn,1,High Risk,0,0
0,0,0,0,0,0,0,1,1,0,0,54,0,4,41,3,0.823,0.733,0,3.416666667,51.66666667,1,0,0.25,0.083333333,0,0,0.045151232,4.52,Retained,0,Lower Risk,0,0
0,0,0,0,1,0,0,0,0,1,0,39,0,2,34,3,0.783,0.433,0.266,2.833333333,63.1627907,0.734171097,0.265828903,0.083333333,0.25,1,1,0.577152726,57.72,Churn,1,High Risk,0,0
0,0,0,0,0,0,0,0,1,0,0,43,0,2,37,3,0.845,0.576,0.249,3.083333333,96.20430108,0.751486989,0.248513011,0.083333333,0.25,0,0,0.176823591,17.68,Retained,0,Lower Risk,0,0
1,0,0,0,0,1,0,0,0,1,0,43,1,3,32,3,0.666,0.66,0.639,2.666666667,50.27272727,0.360877684,0.639122316,0.166666667,0.25,0,0,0.053459655,5.35,Retained,0,Lower Risk,0,0
1,0,0,1,0,0,0,0,0,0,1,46,1,1,36,4,1.143,1.4,0.619,3,61,0.381213933,0.618786067,0.166666667,0.25,0,0,0.001679828,0.17,Retained,0,Lower Risk,0,0
0,0,0,0,0,0,1,0,1,0,0,42,0,2,37,6,0.607,0.521,0.188,3.083333333,55.1369863,0.812120024,0.187879976,0.083333333,0.083333333,0,0,0.016689888,1.67,Retained,0,Lower Risk,0,0
4,0,0,0,1,0,0,0,1,0,0,48,1,4,31,6,0.575,0.85,0.029,2.583333333,33.02702703,0.970651292,0.029348708,0.083333333,0.25,0,0,0.072665766,7.27,Retained,0,Lower Risk,0,0
1,1,0,1,0,0,0,0,0,0,1,42,1,4,37,3,0.745,0.955,0.131,3.083333333,36.3255814,0.868565308,0.131434692,0.166666667,0.5,0,0,0.013378568,1.34,Retained,0,Lower Risk,0,0
0,0,0,0,0,0,0,1,0,1,0,54,0,3,36,2,0.488,0.839,0,3,43.22807018,1,0,0.25,0.25,1,1,0.877395519,87.74,Churn,1,High Risk,0,0
2,0,0,0,0,0,0,1,1,0,0,50,1,2,37,6,0.681,0.52,0.041,3.083333333,60.30263158,0.958695051,0.041304949,0.166666667,0.25,0,0,0.230891937,23.09,Retained,0,Lower Risk,0,0
1,0,0,1,0,0,0,0,0,0,0,37,0,0,28,4,0.688,0.841,0,2.333333333,58.20987654,1,0,0.083333333,0.25,0,0,0.017802063,1.78,Retained,0,Lower Risk,0,0
2,0,0,0,0,0,0,1,1,0,0,60,1,0,47,5,0.825,0.467,0.228,3.916666667,64.29545455,0.771636203,0.228363797,0.25,0.083333333,1,0,0.046999704,4.7,Retained,0,Lower Risk,0,0
0,0,0,1,0,0,0,0,0,0,0,59,0,0,49,6,0.719,1.027,0.674,4.083333333,52.29333333,0.325852783,0.674147217,0.25,0.166666667,0,0,0.014016157,1.4,Retained,0,Lower Risk,0,0
0,0,0,0,1,0,0,0,0,1,0,41,0,3,32,2,0.965,0.902,0.244,2.666666667,60.32051282,0.756164384,0.243835616,0.083333333,0.083333333,0,0,0.010251345,1.03,Retained,0,Lower Risk,0,0
0,0,0,0,0,0,0,0,0,1,0,48,0,4,42,2,0.707,0.745,0,3.5,61.52439024,1,0,0.166666667,0.25,0,0,0.144721701,14.47,Retained,0,Lower Risk,0,0
3,0,0,0,0,1,0,0,1,0,0,53,1,4,34,1,0.908,1.346,0,2.833333333,66.55737705,1,0,0.25,0.166666667,0,0,0.328237889,32.82,Retained,0,Lower Risk,0,0
2,0,0,1,0,0,0,0,1,0,0,42,1,4,36,4,0.733,0.905,0.487,3,63.4875,0.512949039,0.487050961,0.25,0.166666667,0,0,0.011909934,1.19,Retained,0,Lower Risk,0,0
0,1,0,0,0,0,0,1,0,0,1,26,1,0,13,2,0.51,0.838,0,1.083333333,62.61764706,1,0,0.083333333,0.083333333,0,0,0.026958755,2.7,Retained,0,Lower Risk,0,0
0,0,0,0,0,0,0,0,1,0,0,65,1,1,56,5,0.715,0.722,0,4.666666667,51.51612903,1,0,0.166666667,0.25,0,0,0.073261951,7.33,Retained,0,Lower Risk,0,0
2,0,0,0,0,1,0,0,1,0,0,56,1,2,49,5,0.77,0.81,0,4.083333333,38.05263158,1,0,0.333333333,0.25,0,0,0.103949216,10.39,Retained,0,Lower Risk,0,0
0,0,0,0,0,0,1,0,1,0,0,48,0,3,38,6,0.664,0.683,0.408,3.166666667,49.42028986,0.592205592,0.407794408,0.25,0.083333333,0,0,0.013996711,1.4,Retained,0,Lower Risk,0,0
4,0,0,1,0,0,0,0,1,0,0,53,1,2,36,5,0.539,0.367,0,3,40.3902439,1,0,0.25,0.083333333,0,0,0.309213643,30.92,Retained,0,Lower Risk,0,0
1,0,0,0,0,1,0,0,1,0,0,37,0,3,36,2,0,0,0.779,3,41.84375,0.221466131,0.778533869,0.416666667,0.166666667,1,1,0.989451008,98.95,Churn,1,High Risk,0,0
0,0,0,0,1,0,0,0,1,0,0,50,0,2,21,6,0.796,0.692,0.613,1.75,67.8030303,0.386509275,0.613490725,0.083333333,0.083333333,0,0,0.003361818,0.34,Retained,0,Lower Risk,0,0
0,0,0,0,0,0,0,1,0,1,0,31,0,2,25,5,0.805,0.886,0.759,2.083333333,52.65060241,0.241180049,0.758819951,0.083333333,0.25,0,0,0.005241059,0.52,Retained,0,Lower Risk,0,0
0,0,0,0,0,0,0,1,1,0,0,55,0,2,36,5,0.839,1.474,0.559,3,41.17021277,0.441143809,0.558856191,0.333333333,0.416666667,0,0,0.010493919,1.05,Retained,0,Lower Risk,0,0
0,0,0,0,0,1,0,0,1,0,0,62,0,1,53,3,0.699,0.409,0,4.416666667,29.09677419,1,0,0.25,0.083333333,0,0,0.443550477,44.36,Retained,0,Lower Risk,0,0
3,0,0,0,1,0,0,0,1,0,0,57,1,4,38,4,0.747,0.538,0.101,3.166666667,47.9,0.899338864,0.100661136,0.25,0.083333333,0,0,0.027014001,2.7,Retained,0,Lower Risk,0,0
0,0,0,1,0,0,0,0,0,1,0,26,0,0,19,2,0.783,1,0.325,1.583333333,65.91428571,0.675351288,0.324648712,0.166666667,0.083333333,0,0,0.008269907,0.83,Retained,0,Lower Risk,0,0
1,0,0,1,0,0,0,0,0,1,0,46,0,4,36,1,0.766,0.729,0.9,3,64.20481928,0.100301659,0.899698341,0.083333333,0.25,0,0,0.061966625,6.2,Retained,0,Lower Risk,0,0
0,0,0,0,0,0,0,1,1,0,0,40,0,2,34,3,0.959,0.775,0.416,2.833333333,59.43661972,0.584191717,0.415808283,0.25,0.25,0,0,0.071120498,7.11,Retained,0,Lower Risk,0,0
0,0,0,0,1,0,0,0,1,0,0,44,0,2,32,4,0.779,0.833,0.599,2.666666667,48.01298701,0.400804829,0.599195171,0.25,0.166666667,0,0,0.025323785,2.53,Retained,0,Lower Risk,0,0
0,0,0,0,0,0,1,0,0,0,0,45,0,3,32,3,0.366,0.107,0,2.666666667,59.77419355,1,0,0.166666667,0.166666667,1,1,0.964314193,96.43,Churn,1,High Risk,0,0
2,0,0,1,0,0,0,0,1,0,0,59,1,1,48,4,0.406,0.278,0.078,4,78.65217391,0.921933086,0.078066914,0.166666667,0.25,0,0,0.301169154,30.12,Retained,0,Lower Risk,0,0
0,0,1,0,0,0,0,0,0,1,0,43,0,3,30,1,0.889,0.6,0.074,2.5,127.0625,0.926050152,0.073949848,0.166666667,0.166666667,1,0,0.150213566,15.02,Retained,0,Lower Risk,0,0
1,0,0,0,0,0,1,0,0,1,0,45,0,2,35,6,0.604,0.619,0.347,2.916666667,58.35294118,0.65327414,0.34672586,0.166666667,0.25,0,0,0.084395282,8.44,Retained,0,Lower Risk,0,0
2,0,0,0,1,0,0,0,0,1,0,41,1,4,28,6,0.706,0.737,0,2.333333333,51.01515152,1,0,0.333333333,0.083333333,0,0,0.032987441,3.3,Retained,0,Lower Risk,0,0
2,0,0,0,0,0,1,0,0,1,0,62,1,0,50,5,0.822,0.667,0.046,4.166666667,62.21428571,0.954170742,0.045829258,0.166666667,0.166666667,0,0,0.018844328,1.88,Retained,0,Lower Risk,0,0
2,0,0,0,1,0,0,0,0,1,0,43,1,2,36,4,0.519,1.438,0,3,31.20512821,1,0,0.166666667,0.25,0,0,0.32399586,32.4,Retained,0,Lower Risk,0,0
0,0,0,1,0,0,0,0,1,0,0,56,0,4,36,3,0.884,0.723,0,3,56,1,0,0.166666667,0.416666667,0,0,0.067661841,6.77,Retained,0,Lower Risk,0,0
1,0,0,0,1,0,0,0,0,1,0,26,0,0,36,6,0.804,0.312,0,3,55.97619048,1,0,0.333333333,0.25,0,0,0.493337568,49.33,Retained,0,Lower Risk,0,0
2,0,0,0,1,0,0,0,0,0,0,55,1,0,46,6,0.785,0.9,0,3.833333333,38.84210526,1,0,0.166666667,0.083333333,0,0,0.027021102,2.7,Retained,0,Lower Risk,0,0
1,0,0,1,0,0,0,0,0,1,0,60,1,1,48,3,0.771,0.833,0.521,4,51.61363636,0.478551067,0.521448933,0.25,0.083333333,0,0,0.008178167,0.82,Retained,0,Lower Risk,0,0
0,0,0,0,0,0,1,0,0,0,1,47,0,3,29,2,0.658,0.582,0.567,2.416666667,54.7816092,0.433191187,0.566808813,0.25,0.166666667,0,1,0.579354939,57.94,Churn,1,High Risk,0,0
0,1,0,1,0,0,0,0,0,0,0,37,0,2,32,1,0.684,0.893,0.085,2.666666667,118.8962264,0.914817585,0.085182415,0.166666667,0.25,0,0,0.060778816,6.08,Retained,0,Lower Risk,0,0
2,0,0,0,1,0,0,0,0,1,0,46,1,3,39,5,0.741,0.55,0.06,3.25,68.87096774,0.939838845,0.060161155,0.083333333,0.25,0,0,0.059699133,5.97,Retained,0,Lower Risk,0,0
3,0,0,0,0,0,0,0,1,0,0,43,1,4,36,4,0.655,0.862,0.044,3,63.92592593,0.955763297,0.044236703,0.166666667,0.083333333,0,0,0.0032043,0.32,Retained,0,Lower Risk,0,0
0,0,0,1,0,0,0,0,1,0,0,35,0,1,18,5,1.468,1.208,0.214,1.5,42.05660377,0.78649611,0.21350389,0.166666667,0.083333333,0,0,0.001338754,0.13,Retained,0,Lower Risk,0,0
0,0,0,0,0,0,0,1,1,0,0,40,0,3,30,4,0.595,1.029,0.789,2.5,65.65217391,0.211111111,0.788888889,0.25,0.166666667,0,0,0.027529572,2.75,Retained,0,Lower Risk,0,0
4,0,0,1,0,0,0,0,1,0,0,41,1,2,32,5,0.407,0.591,0.147,2.666666667,43,0.85337715,0.14662285,0.25,0.166666667,0,0,0.188888717,18.89,Retained,0,Lower Risk,0,0
4,0,0,0,0,0,1,0,1,0,0,50,1,1,30,6,0.594,0.735,0.058,2.5,47.05084746,0.941766137,0.058233863,0.416666667,0.166666667,0,0,0.054468342,5.45,Retained,0,Lower Risk,0,0
0,0,0,0,0,0,0,1,1,0,0,54,0,3,50,6,0.569,0.742,0.631,4.166666667,38.31481481,0.368809273,0.631190727,0.166666667,0.166666667,0,0,0.026400857,2.64,Retained,0,Lower Risk,0,0
0,0,0,0,0,0,0,1,0,0,0,35,0,2,31,2,1.001,0.812,0.082,2.583333333,138.2155172,0.918299795,0.081700205,0.166666667,0.166666667,0,0,0.240664291,24.07,Retained,0,Lower Risk,0,0
1,0,0,0,0,0,1,0,1,0,0,50,0,4,40,5,1.077,1.333,0.512,3.333333333,40.35714286,0.48776509,0.51223491,0.25,0.166666667,0,0,0.004322029,0.43,Retained,0,Lower Risk,0,0
3,0,0,0,0,0,1,0,1,0,0,44,1,2,34,6,0.806,0.5,0.788,2.833333333,48.61538462,0.211884285,0.788115715,0.25,0.25,0,0,0.13948645,13.95,Retained,0,Lower Risk,0,0
3,0,1,0,0,0,0,0,1,0,0,52,1,3,36,2,0.95,0.9,0.296,3,71.68421053,0.703838518,0.296161482,0.25,0.25,1,0,0.185855893,18.59,Retained,0,Lower Risk,0,0
1,0,0,0,0,0,1,0,1,0,0,48,0,2,36,3,0.531,0.607,0,3,29.08888889,1,0,0.166666667,0.25,0,1,0.533748095,53.37,Churn,1,High Risk,0,0
0,0,0,0,1,0,0,0,0,0,1,37,0,3,36,6,0.838,0.766,0.442,3,58.12048193,0.557811305,0.442188695,0.166666667,0.333333333,0,0,0.014525894,1.45,Retained,0,Lower Risk,0,0
0,0,0,1,0,0,0,0,1,0,0,67,0,1,56,4,2.053,1,0.837,4.666666667,51.90625,0.162674651,0.837325349,0.166666667,0.25,0,0,0.001970399,0.2,Retained,0,Lower Risk,0,0
0,0,0,1,0,0,0,0,0,0,0,49,0,3,36,3,0.409,0.536,0,3,43,1,0,0.25,0.25,1,1,0.86439886,86.44,Churn,1,High Risk,0,0
0,2,1,0,0,0,0,0,1,0,0,45,0,5,39,6,0.625,0.776,0.069,3.25,137.9514563,0.931444298,0.068555702,0.166666667,0.25,0,0,0.055651554,5.57,Retained,0,Lower Risk,0,0
0,0,0,0,1,0,0,0,1,0,0,37,0,3,30,3,0.491,0.567,0,2.5,52.04255319,1,0,0.25,0.25,1,1,0.775937303,77.59,Churn,1,High Risk,0,0
0,0,0,1,0,0,0,0,0,1,0,51,0,4,42,3,0.32,0.571,0.654,3.5,34.96969697,0.345895522,0.654104478,0.25,0.083333333,0,0,0.145645419,14.56,Retained,0,Lower Risk,0,0
1,0,0,0,0,0,0,1,1,0,0,54,1,2,44,4,0.821,0.444,0.867,3.666666667,38.30769231,0.132667126,0.867332874,0.166666667,0.25,1,0,0.079476777,7.95,Retained,0,Lower Risk,0,0
3,0,0,1,0,0,0,0,0,1,0,59,1,1,54,2,0.984,0.758,0,4.5,149.3103448,1,0,0.333333333,0.416666667,1,1,0.980474704,98.05,Churn,1,High Risk,0,0
0,0,0,0,0,0,1,0,1,0,0,40,0,3,27,1,0.591,0.864,0.886,2.25,53.7195122,0.113732394,0.886267606,0.083333333,0.083333333,0,0,0.010546311,1.05,Retained,0,Lower Risk,0,0
3,0,0,0,1,0,0,0,1,0,0,54,1,1,42,5,0.552,0.476,0.413,3.5,48.87096774,0.587144623,0.412855377,0.166666667,0.25,0,0,0.145851083,14.59,Retained,0,Lower Risk,0,0
0,0,0,1,0,0,0,0,1,0,0,65,1,1,56,3,0.346,0.632,0.711,4.666666667,47.19354839,0.288782142,0.711217858,0.416666667,0.166666667,0,0,0.045371869,4.54,Retained,0,Lower Risk,0,0
2,0,0,0,0,0,0,0,1,0,0,48,1,1,29,4,0.904,0.852,0.054,2.416666667,34.88,0.946180915,0.053819085,0.166666667,0.25,0,0,0.023461123,2.35,Retained,0,Lower Risk,0,0
0,0,0,0,0,0,0,1,1,0,0,43,0,3,31,4,0.773,0.744,0,2.583333333,52.37333333,1,0,0.166666667,0.25,0,0,0.141119737,14.11,Retained,0,Lower Risk,0,0
3,0,0,0,0,0,0,1,0,1,0,54,1,1,47,5,0.709,0.848,0.127,3.916666667,42.60655738,0.872523118,0.127476882,0.416666667,0.5,1,0,0.104160623,10.42,Retained,0,Lower Risk,0,0
1,0,0,0,1,0,0,0,0,1,0,32,1,1,36,6,0.834,0.882,0.443,3,145.78125,0.557169537,0.442830463,0.166666667,0.25,1,0,0.234589891,23.46,Retained,0,Lower Risk,0,0
0,0,1,0,0,0,0,0,0,1,0,46,0,4,36,2,0.568,0.409,0,3,83.70967742,1,0,0.25,0.166666667,1,1,0.923674162,92.37,Churn,1,High Risk,0,0
3,0,0,0,0,0,0,0,1,0,0,42,1,4,34,3,0.678,0.763,0.019,2.833333333,25.34328358,0.980646657,0.019353343,0.25,0.166666667,0,0,0.425155118,42.52,Retained,0,Lower Risk,0,0
0,0,0,1,0,0,0,0,1,0,0,54,0,1,36,4,1.008,0.414,0.306,3,71.34146341,0.694293911,0.305706089,0.166666667,0.166666667,1,1,0.661872861,66.19,Churn,1,High Risk,0,0
1,0,0,1,0,0,0,0,0,1,0,47,0,4,36,1,0.731,0.725,0.647,3,59.28409091,0.352704064,0.647295936,0.083333333,0.166666667,0,0,0.017637387,1.76,Retained,0,Lower Risk,0,0
1,0,0,0,0,1,0,0,0,1,0,43,1,4,25,1,1.027,0.655,0.218,2.083333333,96.625,0.78170961,0.21829039,0.166666667,0.166666667,1,0,0.395414174,39.54,Retained,0,Lower Risk,0,0
3,0,0,0,1,0,0,0,1,0,0,41,1,3,35,6,0.603,0.737,0.035,2.916666667,41,0.965175571,0.034824429,0.166666667,0.083333333,0,0,0.017733204,1.77,Retained,0,Lower Risk,0,0
3,0,0,0,1,0,0,0,1,0,0,51,1,3,47,2,0.67,0.909,0,3.916666667,97.8452381,1,0,0.25,0.333333333,1,1,0.822034151,82.2,Churn,1,High Risk,0,0
3,0,0,0,1,0,0,0,1,0,0,55,1,1,45,3,1.566,0.941,0.048,3.75,58.09090909,0.951828034,0.048171966,0.25,0.25,0,0,0.029247448,2.92,Retained,0,Lower Risk,0,0
3,0,0,1,0,0,0,0,1,0,0,50,1,1,30,6,0.46,0.472,0.182,2.5,52.41509434,0.818237642,0.181762358,0.25,0.166666667,0,0,0.260275016,26.03,Retained,0,Lower Risk,0,0
1,0,0,0,1,0,0,0,0,1,0,56,0,2,36,4,0.673,0.595,0.045,3,47.02985075,0.955048907,0.044951093,0.166666667,0.083333333,0,0,0.044299106,4.43,Retained,0,Lower Risk,0,0
1,0,0,0,0,0,0,1,1,0,0,39,0,4,28,2,0.876,0.8,0.845,2.333333333,58.19753086,0.155229358,0.844770642,0.166666667,0.25,0,0,0.050620235,5.06,Retained,0,Lower Risk,0,0
2,0,0,0,0,0,0,1,0,1,0,52,1,2,39,3,0.552,0.694,0.6,3.25,45.37349398,0.399631676,0.600368324,0.25,0.166666667,0,0,0.071208967,7.12,Retained,0,Lower Risk,0,0
0,0,0,0,0,0,1,0,1,0,0,43,0,5,30,1,0.832,0.851,0.294,2.5,55.13793103,0.706015524,0.293984476,0.166666667,0.25,0,0,0.09948245,9.95,Retained,0,Lower Risk,0,0
1,0,0,0,1,0,0,0,0,1,0,60,1,0,36,5,0.81,0.622,0,3,57.95,1,0,0.166666667,0.25,0,0,0.218337629,21.83,Retained,0,Lower Risk,0,0
0,0,0,0,0,0,0,1,0,0,0,44,0,3,32,3,0.919,0.615,0.861,2.666666667,67.35714286,0.139397519,0.860602481,0.166666667,0.25,1,0,0.257391871,25.74,Retained,0,Lower Risk,0,0
4,0,0,0,0,0,0,1,0,1,0,32,1,3,20,6,0.699,0.535,0.117,1.666666667,41.34848485,0.882547037,0.117452963,0.166666667,0.166666667,0,0,0.040810023,4.08,Retained,0,Lower Risk,0,0
0,0,0,0,0,0,0,0,1,0,0,44,0,4,39,4,0.857,0.778,0.227,3.25,38.25,0.772883858,0.227116142,0.166666667,0.166666667,0,0,0.030661899,3.07,Retained,0,Lower Risk,0,0
2,0,1,0,0,0,0,0,1,0,0,55,1,0,36,4,0.721,0.886,0.182,3,34.43939394,0.818072289,0.181927711,0.333333333,0.5,0,0,0.006127954,0.61,Retained,0,Lower Risk,0,0
0,0,0,1,0,0,0,0,0,0,0,42,0,3,36,5,0.857,0.848,0.678,3,55.47058824,0.322294023,0.677705977,0.25,0.166666667,0,0,0.021310329,2.13,Retained,0,Lower Risk,0,0
0,1,0,0,0,0,0,1,1,0,0,31,0,1,36,2,0.724,0.746,0.147,3,121.1935484,0.853182652,0.146817348,0.083333333,0.25,0,0,0.015175868,1.52,Retained,0,Lower Risk,0,0
2,0,0,0,0,0,0,1,0,0,0,58,1,2,52,6,0.726,0.733,0.059,4.333333333,45.19230769,0.941401274,0.058598726,0.25,0.166666667,0,0,0.023043857,2.3,Retained,0,Lower Risk,0,0
0,0,0,0,0,0,1,0,0,1,0,52,0,3,42,2,1.043,0.489,0.768,3.5,70.61428571,0.23187251,0.76812749,0.25,0.25,0,1,0.903864272,90.39,Churn,1,High Risk,0,0
0,0,0,1,0,0,0,0,1,0,0,42,0,4,36,6,0.795,0.628,0,3,62.8,1,0,0.083333333,0.166666667,0,0,0.10864036,10.86,Retained,0,Lower Risk,0,0
0,0,0,1,0,0,0,0,1,0,0,34,0,2,29,5,0.504,0.591,0,2.416666667,65.94285714,1,0,0.166666667,0.166666667,1,0,0.4643777,46.44,Retained,0,Lower Risk,0,0
2,0,0,0,1,0,0,0,0,1,0,52,1,0,39,4,0.776,0.865,0,3.25,95.27536232,1,0,0.166666667,0.25,1,0,0.420828152,42.08,Retained,0,Lower Risk,0,0
0,0,0,1,0,0,0,0,0,1,0,55,0,3,36,4,0.648,0.783,0.497,3,53.82926829,0.503141614,0.496858386,0.25,0.083333333,0,0,0.006449676,0.64,Retained,0,Lower Risk,0,0
0,0,0,0,0,0,1,0,1,0,0,44,1,0,24,5,0.559,0.875,0.238,2,62.55,0.762023311,0.237976689,0,0.25,0,0,0.001856087,0.19,Retained,0,Lower Risk,0,0
0,0,1,0,0,0,0,0,1,0,0,47,0,4,28,3,1.073,0.765,0,2.333333333,49.36666667,1,0,0.333333333,0.166666667,0,0,0.183592353,18.36,Retained,0,Lower Risk,0,0
3,0,0,0,0,0,0,0,1,0,0,52,1,2,41,4,0.635,0.886,0.057,3.416666667,43.62650602,0.943111001,0.056888999,0.25,0.166666667,0,0,0.032173515,3.22,Retained,0,Lower Risk,0,0
3,0,0,1,0,0,0,0,1,0,0,29,1,1,14,5,1.025,0.519,0,1.166666667,43.90243902,1,0,0.166666667,0.25,0,0,0.060167117,6.02,Retained,0,Lower Risk,0,0
0,0,0,0,1,0,0,0,0,1,0,60,0,0,36,3,0.66,0.308,0,3,40.02941176,1,0,0.166666667,0.166666667,0,1,0.725116175,72.51,Churn,1,High Risk,0,0
4,0,0,1,0,0,0,0,0,1,0,29,1,0,22,2,0.778,0.902,0,1.833333333,106.4358974,1,0,0.25,0.166666667,1,1,0.664577101,66.46,Churn,1,High Risk,0,0
2,0,0,0,0,0,0,0,1,0,0,35,1,3,28,4,0.895,0.75,0.312,2.333333333,55.17142857,0.68805086,0.31194914,0.333333333,0.25,0,0,0.019540912,1.95,Retained,0,Lower Risk,0,0
0,0,0,0,0,0,0,0,1,0,0,43,0,4,23,6,0.764,0.421,0.051,1.916666667,35.74074074,0.949130548,0.050869452,0.25,0.166666667,1,0,0.412833568,41.28,Retained,0,Lower Risk,0,0
0,0,0,1,0,0,0,0,0,0,1,46,0,2,40,5,0.101,0.222,0,3.333333333,45.66666667,1,0,0.166666667,0.166666667,1,1,0.849375479,84.94,Churn,1,High Risk,0,0
0,0,0,0,0,0,1,0,1,0,0,48,0,2,41,5,0.699,0.81,0.849,3.416666667,61.23684211,0.150809717,0.849190283,0.166666667,0.25,1,0,0.027819893,2.78,Retained,0,Lower Risk,0,0
3,0,0,1,0,0,0,0,0,1,0,42,1,2,36,3,0.692,0.878,0.404,3,61.18181818,0.595863427,0.404136573,0.25,0.083333333,0,0,0.005713887,0.57,Retained,0,Lower Risk,0,0
2,0,0,1,0,0,0,0,0,1,0,45,1,2,34,5,0.682,0.795,0,2.833333333,52.59493671,1,0,0.083333333,0.083333333,0,0,0.005894511,0.59,Retained,0,Lower Risk,0,0
1,0,0,0,0,0,0,0,0,1,0,48,0,3,37,6,0.777,0.767,0,3.083333333,66.25,1,0,0.083333333,0.25,0,0,0.067789968,6.78,Retained,0,Lower Risk,0,0
0,0,0,1,0,0,0,0,1,0,0,65,1,1,54,5,0.507,0.773,0.783,4.5,47.56410256,0.216619981,0.783380019,0.333333333,0.25,0,0,0.020514586,2.05,Retained,0,Lower Risk,0,0
3,0,0,1,0,0,0,0,0,0,0,32,1,2,26,5,0.833,0.605,0.026,2.166666667,33.86956522,0.973665765,0.026334235,0.25,0.083333333,0,0,0.053463424,5.35,Retained,0,Lower Risk,0,0
3,0,0,0,1,0,0,0,1,0,0,42,1,3,36,1,1.004,0.786,0,3,104.8933333,1,0,0.166666667,0.25,1,1,0.883907566,88.39,Churn,1,High Risk,0,0
0,0,0,0,0,0,1,0,1,0,0,48,0,5,36,4,0.696,0.771,0.4,3,60.29411765,0.599636033,0.400363967,0.25,0.166666667,0,0,0.021800785,2.18,Retained,0,Lower Risk,0,0
0,0,0,0,0,0,0,1,1,0,0,30,0,0,19,5,1.154,0.778,0,1.583333333,41.125,1,0,0.333333333,0.083333333,0,0,0.00819987,0.82,Retained,0,Lower Risk,0,0
2,1,0,0,1,0,0,0,0,1,0,46,1,3,29,4,0.764,1.038,0.059,2.416666667,70.83018868,0.940896975,0.059103025,0.25,0.25,0,0,0.019819857,1.98,Retained,0,Lower Risk,0,0
0,0,0,1,0,0,0,0,0,0,1,55,0,2,36,5,0.715,0.738,0.596,3,66.54794521,0.403761062,0.596238938,0.166666667,0.083333333,0,0,0.003116489,0.31,Retained,0,Lower Risk,0,0
3,0,1,0,0,0,0,0,0,1,0,51,1,2,41,3,1.001,0.727,0.03,3.416666667,45.19736842,0.969695214,0.030304786,0.166666667,0.25,0,0,0.145872001,14.59,Retained,0,Lower Risk,0,0
1,0,0,1,0,0,0,0,0,1,0,46,0,1,34,4,0.706,0.636,0,2.833333333,58.13888889,1,0,0.166666667,0.166666667,0,0,0.11385213,11.39,Retained,0,Lower Risk,0,0
0,0,0,0,0,0,1,0,0,0,0,42,0,3,28,6,0.838,0.686,0.679,2.333333333,46.6744186,0.321340562,0.678659438,0.333333333,0.166666667,0,0,0.069633993,6.96,Retained,0,Lower Risk,0,0
0,0,0,0,1,0,0,0,0,1,0,44,0,3,34,2,0.861,0.882,0,2.833333333,132.6979167,1,0,0.166666667,0.166666667,0,0,0.333384856,33.34,Retained,0,Lower Risk,0,0
2,0,0,1,0,0,0,0,0,0,0,49,1,2,36,5,0.93,0.722,0,3,46.32258065,1,0,0.166666667,0.25,0,0,0.096966541,9.7,Retained,0,Lower Risk,0,0
3,0,0,0,0,0,0,0,1,0,0,41,1,4,22,1,0.787,0.811,0.332,1.833333333,65.35820896,0.668453445,0.331546555,0.25,0.166666667,0,0,0.139452848,13.95,Retained,0,Lower Risk,0,0
4,0,0,0,0,0,0,0,0,1,0,55,1,3,44,2,0.717,0.707,0.285,3.666666667,80.81818182,0.715414407,0.284585593,0.25,0.166666667,0,0,0.050728564,5.07,Retained,0,Lower Risk,0,0
3,0,0,0,0,0,0,1,1,0,0,49,1,4,38,6,0.763,0.885,0.188,3.166666667,98.28571429,0.811562949,0.188437051,0.25,0.5,0,0,0.104890189,10.49,Retained,0,Lower Risk,0,0
2,0,0,0,0,0,1,0,0,0,1,47,1,2,36,6,0.584,0.425,0,3,33.24561404,1,0,0.083333333,0.166666667,0,0,0.147724874,14.77,Retained,0,Lower Risk,0,0
1,0,0,0,0,0,1,0,1,0,0,67,1,1,49,4,0.781,0.407,0.539,4.083333333,39.78947368,0.460721185,0.539278815,0.166666667,0.25,0,0,0.050334909,5.03,Retained,0,Lower Risk,0,0
4,0,0,1,0,0,0,0,1,0,0,47,1,1,41,5,0.742,0.66,0.12,3.416666667,54.21686747,0.880478088,0.119521912,0.25,0.25,0,0,0.057926973,5.79,Retained,0,Lower Risk,0,0
1,0,0,0,0,0,0,1,0,1,0,38,0,2,29,5,0.567,0.511,0.712,2.416666667,63.89705882,0.288461538,0.711538462,0.166666667,0.25,0,0,0.172768652,17.28,Retained,0,Lower Risk,0,0
0,0,0,0,0,0,1,0,1,0,0,50,0,3,36,1,0.648,0.872,0.677,3,57.57534247,0.322684998,0.677315002,0.25,0.166666667,0,0,0.065935111,6.59,Retained,0,Lower Risk,0,0
2,0,0,0,0,0,1,0,1,0,0,43,1,4,31,1,0.676,0.627,0.107,2.583333333,76.77083333,0.892697276,0.107302724,0.166666667,0.083333333,0,0,0.004291576,0.43,Retained,0,Lower Risk,0,0
1,0,0,0,1,0,0,0,1,0,0,41,1,2,32,3,0.892,0.276,0.197,2.666666667,29.75675676,0.803420806,0.196579194,0.25,0.083333333,0,0,0.088265796,8.83,Retained,0,Lower Risk,0,0
2,1,0,1,0,0,0,0,0,1,0,42,1,3,22,5,1.01,0.86,0.045,1.833333333,50.7375,0.954928241,0.045071759,0.083333333,0.25,0,0,0.004472771,0.45,Retained,0,Lower Risk,0,0
0,0,0,1,0,0,0,0,1,0,0,51,0,3,35,6,0.746,0.778,0.549,2.916666667,67.453125,0.450723961,0.549276039,0.083333333,0.083333333,0,0,0.000821124,0.08,Retained,0,Lower Risk,0,0
0,0,0,1,0,0,0,0,0,1,0,38,0,4,26,2,0.579,0.385,0.44,2.166666667,51.36111111,0.559781371,0.440218629,0.166666667,0.166666667,1,1,0.843698581,84.37,Churn,1,High Risk,0,0
0,0,0,1,0,0,0,0,1,0,0,61,0,1,54,3,0.704,1,0.674,4.5,39.54,0.325918762,0.674081238,0.166666667,0.166666667,0,0,0.018903524,1.89,Retained,0,Lower Risk,0,0
3,0,0,1,0,0,0,0,0,1,0,53,1,1,36,4,0.803,0.774,0.082,3,61.25454545,0.9175403,0.0824597,0.333333333,0.166666667,0,0,0.02492068,2.49,Retained,0,Lower Risk,0,0
0,0,0,0,0,0,1,0,1,0,0,45,0,2,27,1,0.715,0.772,0.425,2.25,121.3564356,0.574698795,0.425301205,0.166666667,0.166666667,0,0,0.052661324,5.27,Retained,0,Lower Risk,0,0
3,0,0,1,0,0,0,0,1,0,0,52,1,1,43,3,1.541,0.7,0.678,3.583333333,46.41176471,0.321563342,0.678436658,0.333333333,0.083333333,0,0,0.00342379,0.34,Retained,0,Lower Risk,0,0
4,0,0,0,1,0,0,0,0,1,0,58,1,3,53,4,0.705,0.619,0.295,4.416666667,43.17647059,0.705390791,0.294609209,0.166666667,0.083333333,0,0,0.007964816,0.8,Retained,0,Lower Risk,0,0
0,0,0,1,0,0,0,0,0,0,1,48,0,1,36,6,0.764,0.795,0.62,3,61.7721519,0.379976581,0.620023419,0.25,0.166666667,0,0,0.023073608,2.31,Retained,0,Lower Risk,0,0
3,0,0,0,1,0,0,0,1,0,0,57,1,1,53,3,0.613,0.528,0.068,4.416666667,37.32727273,0.931758321,0.068241679,0.333333333,0.166666667,0,0,0.075075869,7.51,Retained,0,Lower Risk,0,0
1,0,0,0,1,0,0,0,1,0,0,62,1,1,56,5,1.043,0.613,0.526,4.666666667,40.42,0.473505723,0.526494277,0.25,0.25,0,0,0.04630754,4.63,Retained,0,Lower Risk,0,0
2,0,0,0,0,0,0,1,1,0,0,50,1,2,36,1,0.667,0.585,0.156,3,82.73809524,0.84402296,0.15597704,0.083333333,0.25,0,0,0.023082626,2.31,Retained,0,Lower Risk,0,0
0,0,0,0,1,0,0,0,0,1,0,37,0,2,36,3,0.613,0.717,0.691,3,54.26582278,0.309036658,0.690963342,0.083333333,0.166666667,0,0,0.013579628,1.36,Retained,0,Lower Risk,0,0
0,0,0,0,1,0,0,0,1,0,0,41,0,3,28,3,0.833,0.848,0.811,2.333333333,66.36065574,0.189039932,0.810960068,0.25,0.083333333,0,0,0.017297822,1.73,Retained,0,Lower Risk,0,0
0,0,0,0,0,0,0,1,0,1,0,43,0,3,37,2,0.889,0.673,0.108,3.083333333,89.91954023,0.891636013,0.108363987,0.083333333,0.25,0,0,0.126333161,12.63,Retained,0,Lower Risk,0,0
0,0,0,1,0,0,0,0,1,0,0,50,0,2,31,5,0.53,0.605,0,2.583333333,72.6557377,1,0,0.25,0.083333333,0,0,0.093400337,9.34,Retained,0,Lower Risk,0,0
1,0,0,0,1,0,0,0,1,0,0,50,0,2,39,3,0.742,0.729,0.94,3.25,93.59036145,0.06021978,0.93978022,0.166666667,0.166666667,0,0,0.034063381,3.41,Retained,0,Lower Risk,0,0
0,1,0,0,1,0,0,0,0,1,0,49,0,4,40,5,0.805,0.681,0.155,3.333333333,136.8275862,0.844789842,0.155210158,0.416666667,0.25,0,0,0.177279532,17.73,Retained,0,Lower Risk,0,0
0,0,0,0,0,0,1,0,1,0,0,38,0,2,36,2,0.724,0.786,0,3,143.26,1,0,0.166666667,0.25,0,0,0.133023366,13.3,Retained,0,Lower Risk,0,0
3,0,0,1,0,0,0,0,0,0,0,43,1,4,32,2,0.776,0.647,0.068,2.666666667,96.11904762,0.931983171,0.068016829,0.166666667,0.083333333,0,0,0.007322274,0.73,Retained,0,Lower Risk,0,0
0,0,0,1,0,0,0,0,0,1,0,49,0,0,39,4,0.788,0.622,0,3.25,63.39726027,1,0,0,0.25,0,0,0.056276454,5.63,Retained,0,Lower Risk,0,0
0,0,0,1,0,0,0,0,1,0,0,28,0,0,15,2,0.913,0.714,0.039,1.25,117.075,0.961173874,0.038826126,0.166666667,0.166666667,0,0,0.093493119,9.35,Retained,0,Lower Risk,0,0
0,0,0,1,0,0,0,0,1,0,0,35,0,0,36,4,0.871,0.5,0,3,53.07843137,1,0,0.333333333,0.25,1,1,0.763240696,76.32,Churn,1,High Risk,0,0
2,0,0,0,0,0,0,1,0,1,0,46,1,4,31,4,0.755,0.655,0.057,2.583333333,146.90625,0.943371337,0.056628663,0.333333333,0.083333333,0,0,0.007835705,0.78,Retained,0,Lower Risk,0,0
4,0,0,1,0,0,0,0,1,0,0,50,1,3,35,1,0.761,0.833,0.047,2.916666667,119.6198347,0.952543748,0.047456252,0.166666667,0.083333333,0,0,0.009877222,0.99,Retained,0,Lower Risk,0,0
2,0,0,0,1,0,0,0,1,0,0,33,1,3,25,5,1.342,1.059,0.136,2.083333333,62.02857143,0.864056844,0.135943156,0.166666667,0.166666667,0,0,0.003566634,0.36,Retained,0,Lower Risk,0,0
0,0,0,0,0,0,0,1,0,0,1,61,0,0,36,4,1.234,1.48,0,3,51.5,1,0,0.166666667,0.166666667,0,0,0.015857032,1.59,Retained,0,Lower Risk,0,0
1,0,0,1,0,0,0,0,1,0,0,44,1,2,36,3,1.376,0.846,0.311,3,45.33333333,0.689027431,0.310972569,0.166666667,0.083333333,0,0,0.001430219,0.14,Retained,0,Lower Risk,0,0
0,0,0,1,0,0,0,0,1,0,0,47,0,4,36,4,0.728,1.308,0.23,3,44.76666667,0.770424378,0.229575622,0.25,0.083333333,0,0,0.006448672,0.64,Retained,0,Lower Risk,0,0
4,0,0,1,0,0,0,0,0,1,0,62,1,1,53,4,0.564,0.767,0.06,4.416666667,50.26315789,0.940288562,0.059711438,0.333333333,0.25,0,0,0.062295526,6.23,Retained,0,Lower Risk,0,0
3,0,0,1,0,0,0,0,1,0,0,42,1,3,36,1,0.769,0.542,0.071,3,87.14285714,0.929309028,0.070690972,0.166666667,0.083333333,0,0,0.011599363,1.16,Retained,0,Lower Risk,0,0
0,0,0,1,0,0,0,0,0,1,0,45,0,4,36,5,0.903,0.939,0.745,3,65.78125,0.254826255,0.745173745,0.166666667,0.25,0,0,0.01734017,1.73,Retained,0,Lower Risk,0,0
2,0,0,0,0,0,0,0,1,0,0,34,1,3,23,5,0.846,0.545,0.428,1.916666667,45.11764706,0.572438163,0.427561837,0.166666667,0.25,0,0,0.044228324,4.42,Retained,0,Lower Risk,0,0
1,0,0,0,0,0,1,0,1,0,0,50,1,3,40,5,0.956,0.951,0,3.333333333,46,1,0,0.166666667,0.166666667,0,0,0.038753268,3.88,Retained,0,Lower Risk,0,0
3,0,1,0,0,0,0,0,0,1,0,37,1,3,36,5,0.774,0.588,0,3,46.77777778,1,0,0.333333333,0.166666667,0,0,0.394910964,39.49,Retained,0,Lower Risk,0,0
4,2,0,0,0,0,0,0,1,0,0,33,1,2,20,2,1.004,0.622,0,1.666666667,127.9178082,1,0,0.333333333,0.083333333,1,1,0.922751906,92.28,Churn,1,High Risk,0,0
0,0,0,0,0,0,0,1,1,0,0,50,0,1,31,5,0.62,0.617,0,2.583333333,58.28947368,1,0,0.083333333,0.25,0,0,0.180685038,18.07,Retained,0,Lower Risk,0,0
3,0,0,0,1,0,0,0,0,0,1,56,1,2,36,1,0.96,0.788,0.176,3,126.7118644,0.824350032,0.175649968,0.083333333,0.083333333,0,0,0.022131166,2.21,Retained,0,Lower Risk,0,0
4,0,0,0,0,0,0,1,1,0,0,53,1,1,36,2,0.814,0.623,0.039,3,125.6607143,0.960991066,0.039008934,0.25,0.25,0,0,0.17717019,17.72,Retained,0,Lower Risk,0,0
0,0,0,0,0,0,0,0,1,0,0,47,1,3,34,2,0.8,0.704,0,2.833333333,90.39130435,1,0,0.166666667,0.083333333,0,0,0.023861422,2.39,Retained,0,Lower Risk,0,0
0,0,0,1,0,0,0,0,0,0,1,52,0,1,36,6,0.796,0.884,0.597,3,57.03703704,0.403411069,0.596588931,0.25,0.083333333,0,0,0.00322943,0.32,Retained,0,Lower Risk,0,0
2,0,0,0,1,0,0,0,1,0,0,49,1,3,34,6,0.432,0.591,0,2.833333333,37.97142857,1,0,0.25,0.25,1,1,0.599388351,59.94,Churn,1,High Risk,0,0
1,0,0,1,0,0,0,0,0,0,0,62,0,0,50,3,0.751,0.806,0.222,4.166666667,71.80357143,0.778276956,0.221723044,0.333333333,0.166666667,0,0,0.033579695,3.36,Retained,0,Lower Risk,0,0
2,0,0,0,0,0,0,1,0,0,1,48,1,2,44,4,0.945,0.757,0.212,3.666666667,56.21538462,0.788185085,0.211814915,0.25,0.25,0,0,0.030856545,3.09,Retained,0,Lower Risk,0,0
0,0,0,0,0,0,1,0,1,0,0,33,0,3,16,6,1.318,0.852,0.913,1.333333333,55.16,0.087169442,0.912830558,0.333333333,0.083333333,0,0,0.006006162,0.6,Retained,0,Lower Risk,0,0
3,0,0,1,0,0,0,0,1,0,0,50,1,2,37,6,0.65,0.212,0.599,3.083333333,34.775,0.40068136,0.59931864,0.083333333,0.166666667,0,0,0.03104407,3.1,Retained,0,Lower Risk,0,0
0,0,0,0,0,0,1,0,0,1,0,49,0,2,42,6,0.954,0.61,0,3.5,68.59090909,1,0,0.166666667,0.25,0,0,0.327907559,32.79,Retained,0,Lower Risk,0,0
3,0,0,0,0,0,0,0,0,0,1,43,1,3,39,3,0.693,0.923,0.067,3.25,49.04,0.933118712,0.066881288,0.083333333,0.25,0,0,0.023271387,2.33,Retained,0,Lower Risk,0,0
0,0,0,0,1,0,0,0,1,0,0,58,0,1,43,4,0.899,0.5,0.589,3.583333333,58.28205128,0.411343894,0.588656106,0.333333333,0.083333333,0,0,0.073179567,7.32,Retained,0,Lower Risk,0,0
0,0,0,1,0,0,0,0,0,1,0,46,0,3,28,5,0.774,0.833,0.4,2.333333333,77.24242424,0.59952722,0.40047278,0.25,0.25,0,0,0.051859541,5.19,Retained,0,Lower Risk,0,0
0,0,0,1,0,0,0,0,1,0,0,50,0,5,30,1,0.717,0.696,0.414,2.5,45.89473684,0.586325627,0.413674373,0.166666667,0.25,0,0,0.215977334,21.6,Retained,0,Lower Risk,0,0
0,0,0,0,1,0,0,0,0,1,0,45,0,4,35,3,0.739,0.794,0,2.916666667,80.16393443,1,0,0.166666667,0.166666667,0,0,0.098320919,9.83,Retained,0,Lower Risk,0,0
0,0,0,0,0,0,0,1,1,0,0,31,0,2,20,3,0.331,0.111,0,1.666666667,26.93333333,1,0,0.166666667,0.083333333,1,1,0.687925422,68.79,Churn,1,High Risk,0,0
3,0,0,0,0,0,1,0,1,0,0,57,1,2,52,6,0.591,1,0,4.333333333,51.03846154,1,0,0.333333333,0.166666667,0,0,0.061499864,6.15,Retained,0,Lower Risk,0,0
3,0,0,0,0,0,1,0,1,0,0,36,1,3,31,3,0.576,0.463,0.126,2.583333333,38.33333333,0.874350423,0.125649577,0.416666667,0.25,0,0,0.271460372,27.15,Retained,0,Lower Risk,0,0
0,0,0,0,1,0,0,0,1,0,0,56,0,2,47,4,0.762,0.846,0.592,3.916666667,57.05555556,0.408400357,0.591599643,0.083333333,0.25,0,0,0.007024766,0.7,Retained,0,Lower Risk,0,0
1,0,0,0,1,0,0,0,1,0,0,45,0,3,39,6,0.482,0.829,0,3.25,61.1875,1,0,0.083333333,0.333333333,0,0,0.094406227,9.44,Retained,0,Lower Risk,0,0
3,0,0,1,0,0,0,0,1,0,0,57,1,2,47,6,0.731,0.304,0.663,3.916666667,48.93333333,0.336998088,0.663001912,0.25,0.166666667,0,0,0.08646039,8.65,Retained,0,Lower Risk,0,0
0,0,0,0,0,0,1,0,0,1,0,43,0,3,29,3,0.681,0.581,0.155,2.416666667,37.28571429,0.844610923,0.155389077,0.25,0.166666667,0,0,0.389874013,38.99,Retained,0,Lower Risk,0,0
1,0,0,0,1,0,0,0,1,0,0,63,1,1,36,5,1.441,0.842,0.345,3,53.42857143,0.655406887,0.344593113,0.166666667,0.25,0,0,0.003745983,0.37,Retained,0,Lower Risk,0,0
0,0,0,1,0,0,0,0,0,1,0,49,0,3,31,2,0.54,0.407,0,2.583333333,58.92105263,1,0,0.333333333,0.25,1,1,0.99710411,99.71,Churn,1,High Risk,0,0
4,0,0,0,0,0,0,0,0,1,0,38,1,3,26,2,0.626,0.429,0,2.166666667,82.05555556,1,0,0.083333333,0.166666667,0,0,0.49060515,49.06,Retained,0,Lower Risk,0,0
0,0,0,0,0,0,0,1,1,0,0,37,0,3,25,6,2.18,0.722,0.469,2.083333333,55.38709677,0.531391226,0.468608774,0.083333333,0.166666667,0,0,0.007006405,0.7,Retained,0,Lower Risk,0,0
0,0,0,0,1,0,0,0,1,0,0,38,0,2,36,6,0.641,0.692,0,3,53.48863636,1,0,0.25,0.333333333,0,0,0.171027263,17.1,Retained,0,Lower Risk,0,0
4,0,0,1,0,0,0,0,0,1,0,41,1,5,29,5,1.073,1,0.336,2.416666667,50.38461538,0.66429806,0.33570194,0.166666667,0.166666667,0,0,0.002377504,0.24,Retained,0,Lower Risk,0,0
3,0,0,1,0,0,0,0,1,0,0,45,1,4,36,4,0.674,0.829,0,3,58.5625,1,0,0.25,0.166666667,0,0,0.05506453,5.51,Retained,0,Lower Risk,0,0
3,0,0,0,0,1,0,0,0,1,0,49,1,4,42,3,0.904,0.62,0.065,3.5,150.8695652,0.934660839,0.065339161,0.083333333,0.166666667,0,0,0.025136925,2.51,Retained,0,Lower Risk,0,0
2,0,0,0,0,0,0,1,1,0,0,43,1,3,34,1,0.883,0.803,0.424,2.833333333,130.9272727,0.576298269,0.423701731,0.083333333,0.25,0,0,0.089542066,8.95,Retained,0,Lower Risk,0,0
4,0,1,0,0,0,0,0,1,0,0,46,1,3,38,3,0.699,0.633,0.061,3.166666667,47.12244898,0.938591612,0.061408388,0.166666667,0.166666667,1,0,0.07091223,7.09,Retained,0,Lower Risk,0,0
3,0,0,0,1,0,0,0,0,1,0,36,1,3,28,5,1.041,0.838,0,2.333333333,47.11764706,1,0,0.166666667,0.25,0,0,0.026841,2.68,Retained,0,Lower Risk,0,0
0,0,0,0,0,0,0,1,0,1,0,38,0,4,14,4,0.889,0.536,0,1.166666667,35.76744186,1,0,0.166666667,0.083333333,0,0,0.102845986,10.28,Retained,0,Lower Risk,0,0
2,0,0,0,1,0,0,0,0,1,0,42,1,3,37,3,0.742,0.867,0,3.083333333,49.52380952,1,0,0.25,0.25,0,0,0.283159052,28.32,Retained,0,Lower Risk,0,0
2,0,0,1,0,0,0,0,0,1,0,43,1,4,34,5,0.794,0.387,0,2.833333333,52.02325581,1,0,0.25,0.25,1,1,0.776723594,77.67,Churn,1,High Risk,0,0
0,0,0,1,0,0,0,0,1,0,0,42,0,4,36,5,0.525,0.414,0.248,3,55.82926829,0.751879699,0.248120301,0.25,0.166666667,1,1,0.58838663,58.84,Churn,1,High Risk,0,0
2,1,0,0,0,0,1,0,1,0,0,48,1,4,35,5,0.712,0.577,0,2.916666667,37.70731707,1,0,0.333333333,0.25,0,0,0.341240399,34.12,Retained,0,Lower Risk,0,0
4,0,0,0,0,1,0,0,0,0,0,54,1,2,43,3,0.949,0.714,0.174,3.583333333,43.33333333,0.826180643,0.173819357,0.166666667,0.166666667,0,0,0.040807369,4.08,Retained,0,Lower Risk,0,0
0,0,0,1,0,0,0,0,1,0,0,53,0,2,36,6,0.388,0.472,0.463,3,30.83018868,0.537153652,0.462846348,0.25,0.083333333,0,0,0.058143727,5.81,Retained,0,Lower Risk,0,0
0,0,0,1,0,0,0,0,0,1,0,37,1,1,32,4,0.892,1.136,0.456,2.666666667,52.61702128,0.543552422,0.456447578,0.25,0.083333333,0,0,0.002006924,0.2,Retained,0,Lower Risk,0,0
0,0,0,0,0,0,0,1,1,0,0,57,0,2,45,4,0.858,0.625,0.657,3.75,39.87179487,0.342822775,0.657177225,0,0.166666667,0,0,0.010058815,1.01,Retained,0,Lower Risk,0,0
0,0,0,1,0,0,0,0,1,0,0,40,0,4,28,1,0.866,1.367,0.599,2.333333333,59.38028169,0.400739827,0.599260173,0.25,0.25,0,0,0.132379177,13.24,Retained,0,Lower Risk,0,0
0,0,0,0,0,1,0,0,0,1,0,53,0,2,41,2,0.692,0.655,0.092,3.416666667,141.09375,0.907555791,0.092444209,0.25,0.166666667,0,0,0.026130808,2.61,Retained,0,Lower Risk,0,0
3,0,0,1,0,0,0,0,0,0,1,47,1,2,41,2,0.647,0.865,0.103,3.416666667,102.2173913,0.896975381,0.103024619,0.166666667,0.166666667,0,0,0.034695947,3.47,Retained,0,Lower Risk,0,0
0,0,0,0,0,0,0,1,1,0,0,59,0,1,52,6,0.722,0.75,0.907,4.333333333,63.23376623,0.092720971,0.907279029,0.25,0.25,0,0,0.022008043,2.2,Retained,0,Lower Risk,0,0
3,0,0,1,0,0,0,0,1,0,0,54,1,5,47,4,0.417,0.688,0.285,3.916666667,41.25925926,0.715086562,0.284913438,0.25,0.083333333,0,0,0.020536324,2.05,Retained,0,Lower Risk,0,0
1,0,0,0,0,0,0,1,1,0,0,61,1,1,49,1,0.526,0.273,0.144,4.083333333,50.35714286,0.855994152,0.144005848,0.166666667,0.166666667,1,1,0.553303304,55.33,Churn,1,High Risk,0,0
1,0,0,0,0,0,1,0,0,1,0,43,1,4,39,5,0.79,0.579,0.337,3.25,34.81666667,0.662755716,0.337244284,0.166666667,0.166666667,0,0,0.049399407,4.94,Retained,0,Lower Risk,0,0
0,0,0,0,0,0,1,0,1,0,0,53,0,1,41,4,0.743,0.714,0.334,3.416666667,66.68055556,0.665639445,0.334360555,0.166666667,0.166666667,0,0,0.018238762,1.82,Retained,0,Lower Risk,0,0
0,0,0,0,0,0,0,1,1,0,0,31,1,1,36,3,1.359,0.667,0.811,3,63.68571429,0.188972163,0.811027837,0.25,0.25,0,0,0.034535037,3.45,Retained,0,Lower Risk,0,0
0,0,0,1,0,0,0,0,0,1,0,36,0,3,31,3,0.67,0.7,0.735,2.583333333,49.23529412,0.264896153,0.735103847,0.25,0.166666667,0,0,0.065004477,6.5,Retained,0,Lower Risk,0,0
0,0,0,1,0,0,0,0,0,1,0,46,0,2,40,4,0.768,0.735,0.444,3.333333333,52.08235294,0.555725509,0.444274491,0.333333333,0.166666667,0,0,0.037651856,3.77,Retained,0,Lower Risk,0,0
0,0,0,1,0,0,0,0,0,1,0,55,0,4,44,1,0.551,0.925,0.539,3.666666667,53.93506494,0.460576194,0.539423806,0.083333333,0.166666667,0,0,0.020593481,2.06,Retained,0,Lower Risk,0,0
0,2,0,1,0,0,0,0,0,1,0,63,0,2,55,4,0.729,0.867,0.084,4.583333333,65,0.915869144,0.084130856,0.25,0.083333333,0,0,0.005227174,0.52,Retained,0,Lower Risk,0,0
0,0,0,1,0,0,0,0,1,0,0,46,1,2,39,3,0.646,1.16,0.295,3.25,63.03703704,0.705387205,0.294612795,0.25,0.25,0,0,0.037101339,3.71,Retained,0,Lower Risk,0,0
3,0,0,0,0,0,0,1,1,0,0,49,1,3,43,6,0.635,0.767,0.645,3.583333333,52.19736842,0.354632588,0.645367412,0.083333333,0.083333333,0,0,0.00088722,0.09,Retained,0,Lower Risk,0,0
0,0,0,0,0,0,1,0,1,0,0,47,0,3,36,3,0.798,0.705,0.679,3,61.81333333,0.321055525,0.678944475,0.166666667,0.25,0,0,0.063729496,6.37,Retained,0,Lower Risk,0,0
2,2,0,0,0,0,1,0,0,1,0,48,1,3,40,5,0.699,0.7,0.067,3.333333333,57.75,0.932871712,0.067128288,0.416666667,0.166666667,0,0,0.014335967,1.43,Retained,0,Lower Risk,0,0
3,0,0,0,1,0,0,0,0,1,0,44,1,2,36,5,0.871,0.632,0.033,3,68.75806452,0.967032471,0.032967529,0,0.25,0,0,0.033344898,3.33,Retained,0,Lower Risk,0,0
4,0,0,0,0,0,0,1,1,0,0,51,1,2,42,4,0.709,0.294,0.138,3.5,33.09090909,0.861536969,0.138463031,0.333333333,0.083333333,0,0,0.02299681,2.3,Retained,0,Lower Risk,0,0
0,0,0,1,0,0,0,0,0,1,0,52,0,2,38,2,0.586,0.712,0.867,3.166666667,50.59550562,0.133264463,0.866735537,0.25,0.166666667,0,0,0.23179149,23.18,Retained,0,Lower Risk,0,0
0,0,0,1,0,0,0,0,1,0,0,53,0,3,47,4,0.925,0.976,0.481,3.916666667,56.4691358,0.519206146,0.480793854,0.166666667,0.083333333,0,0,0.002262221,0.23,Retained,0,Lower Risk,0,0
2,0,1,0,0,0,0,0,1,0,0,49,1,0,39,5,0.565,0.738,0.071,3.25,48.93150685,0.929256047,0.070743953,0.25,0.5,0,0,0.021567455,2.16,Retained,0,Lower Risk,0,0
0,0,0,1,0,0,0,0,0,1,0,32,0,1,13,5,0.77,0.578,0.229,1.083333333,68.70422535,0.770657673,0.229342327,0.25,0.083333333,0,0,0.144193962,14.42,Retained,0,Lower Risk,0,0
0,0,0,1,0,0,0,0,1,0,0,45,0,4,36,2,0.74,0.684,0.489,3,67.546875,0.511095031,0.488904969,0.166666667,0.166666667,0,0,0.038750385,3.88,Retained,0,Lower Risk,0,0
0,0,0,1,0,0,0,0,1,0,0,50,0,1,38,4,0.807,0.81,0.653,3.166666667,68.90789474,0.346549752,0.653450248,0.25,0.083333333,0,0,0.003852217,0.39,Retained,0,Lower Risk,0,0
0,0,0,0,0,0,0,1,0,1,0,56,0,3,50,5,0.721,0.8,0,4.166666667,51.9047619,1,0,0.166666667,0.166666667,0,0,0.04734124,4.73,Retained,0,Lower Risk,0,0
0,0,0,1,0,0,0,0,0,1,0,37,0,1,28,4,0.897,0.9,0.416,2.333333333,67.57894737,0.583536119,0.416463881,0.25,0.25,0,0,0.023081548,2.31,Retained,0,Lower Risk,0,0
0,0,0,1,0,0,0,0,1,0,0,39,0,1,36,1,0.393,0.161,0,3,55.5,1,0,0.25,0.166666667,1,1,0.995401412,99.54,Churn,1,High Risk,0,0
0,0,0,0,0,0,0,1,0,1,0,65,0,0,56,6,0.865,0.907,0.785,4.666666667,49.8902439,0.215006582,0.784993418,0.25,0.25,0,0,0.017171999,1.72,Retained,0,Lower Risk,0,0
4,0,0,0,0,0,1,0,0,1,0,55,1,2,36,6,0.759,0.919,0.079,3,55.61971831,0.920657828,0.079342172,0.25,0.166666667,0,0,0.01762063,1.76,Retained,0,Lower Risk,0,0
2,0,0,1,0,0,0,0,1,0,0,42,1,5,27,3,0.835,1.471,0.17,2.25,42.5952381,0.829545455,0.170454545,0.25,0.166666667,0,0,0.075908431,7.59,Retained,0,Lower Risk,0,0
0,0,0,0,0,0,0,0,1,0,0,31,1,2,21,6,1.604,1.042,0.706,1.75,52.44897959,0.293598234,0.706401766,0.333333333,0.166666667,0,0,0.002935913,0.29,Retained,0,Lower Risk,0,0
0,0,0,0,0,1,0,0,1,0,0,45,0,2,38,3,0.871,0.771,0.505,3.166666667,71.77419355,0.494675369,0.505324631,0.25,0.166666667,0,0,0.055377546,5.54,Retained,0,Lower Risk,0,0
0,0,0,1,0,0,0,0,1,0,0,40,0,4,24,3,0.873,0.789,0.175,2,46.94117647,0.825056152,0.174943848,0.166666667,0.25,0,0,0.036668063,3.67,Retained,0,Lower Risk,0,0
0,0,0,1,0,0,0,0,0,1,0,39,0,2,26,5,0.666,0.721,0.74,2.166666667,51.85135135,0.260429324,0.739570676,0.25,0.25,0,0,0.055500071,5.55,Retained,0,Lower Risk,0,0
0,0,0,0,0,0,0,1,1,0,0,46,0,2,41,5,0.691,1.229,0,3.416666667,50.53846154,1,0,0.25,0.166666667,0,0,0.097287788,9.73,Retained,0,Lower Risk,0,0
3,0,0,1,0,0,0,0,0,1,0,38,1,1,19,6,0.556,0.636,0.059,1.583333333,41.22222222,0.940963292,0.059036708,0.166666667,0.25,0,0,0.022030571,2.2,Retained,0,Lower Risk,0,0
0,1,0,0,0,0,1,0,0,0,1,65,0,0,53,5,0.648,0.566,0,4.416666667,58.26506024,1,0,0.166666667,0.083333333,0,0,0.066826382,6.68,Retained,0,Lower Risk,0,0
1,0,0,0,0,0,0,1,1,0,0,40,0,4,30,1,0.583,0.147,0.75,2.5,52.1025641,0.25,0.75,0.333333333,0.25,1,1,0.990258197,99.03,Churn,1,High Risk,0,0
2,0,0,0,0,1,0,0,1,0,0,36,1,2,29,5,0.676,0.739,0.326,2.416666667,46.125,0.673625519,0.326374481,0.25,0.25,0,0,0.031676053,3.17,Retained,0,Lower Risk,0,0
0,0,0,1,0,0,0,0,1,0,0,43,0,3,38,2,0.642,0.68,0,3.166666667,61.16666667,1,0,0.166666667,0.166666667,0,0,0.129538336,12.95,Retained,0,Lower Risk,0,0
0,0,0,0,0,0,0,0,1,0,0,54,0,1,36,4,0.651,0.833,0.816,3,65.72727273,0.18385214,0.81614786,0.333333333,0.166666667,0,0,0.030103495,3.01,Retained,0,Lower Risk,0,0
2,0,0,0,0,1,0,0,1,0,0,49,1,4,35,4,0.797,0.943,0.562,2.916666667,52.72058824,0.438464583,0.561535417,0.25,0.166666667,0,0,0.011000463,1.1,Retained,0,Lower Risk,0,0
1,0,0,0,1,0,0,0,0,1,0,65,0,0,36,3,0.708,0.651,0.142,3,38.36619718,0.857781427,0.142218573,0.25,0.25,0,0,0.234612096,23.46,Retained,0,Lower Risk,0,0
3,0,0,0,0,0,0,0,1,0,0,31,1,1,36,4,1.033,1,0.057,3,53.91666667,0.942692842,0.057307158,0,0.083333333,0,0,0.000898216,0.09,Retained,0,Lower Risk,0,0
0,0,1,0,0,0,0,0,0,1,0,55,1,2,44,2,0.689,0.632,0.32,3.666666667,59.37096774,0.680010264,0.319989736,0.166666667,0.166666667,0,0,0.088214122,8.82,Retained,0,Lower Risk,0,0
1,0,0,0,0,0,0,1,0,1,0,39,0,2,29,2,0.746,0.778,0.14,2.416666667,78.36607143,0.859631792,0.140368208,0.166666667,0.166666667,0,0,0.038112584,3.81,Retained,0,Lower Risk,0,0
0,0,0,0,0,0,0,1,1,0,0,55,0,1,36,4,0.963,0.692,0.251,3,38.63636364,0.749009247,0.250990753,0.25,0.083333333,1,0,0.017945172,1.79,Retained,0,Lower Risk,0,0
0,0,0,1,0,0,0,0,0,1,0,63,0,0,56,5,0.778,0.714,0.793,4.666666667,47.66666667,0.207146556,0.792853444,0.25,0.5,1,0,0.192875347,19.29,Retained,0,Lower Risk,0,0
0,0,0,1,0,0,0,0,1,0,0,52,0,2,45,3,0.75,0.636,0.661,3.75,38.05555556,0.339481947,0.660518053,0.25,0.25,0,0,0.170257914,17.03,Retained,0,Lower Risk,0,0
2,0,0,1,0,0,0,0,1,0,0,53,1,2,47,6,0.644,1,0.183,3.916666667,48.30769231,0.817381738,0.182618262,0.166666667,0.166666667,0,0,0.005521247,0.55,Retained,0,Lower Risk,0,0
1,0,0,1,0,0,0,0,1,0,0,36,1,2,28,5,0.563,0.655,0.274,2.333333333,40.27083333,0.72552755,0.27447245,0.25,0.083333333,0,0,0.026419101,2.64,Retained,0,Lower Risk,0,0
1,0,0,0,0,0,0,1,0,1,0,36,1,3,22,3,0.807,1.032,0.298,1.833333333,41.6984127,0.701635846,0.298364154,0.25,0.5,0,0,0.004465176,0.45,Retained,0,Lower Risk,0,0
0,0,0,0,0,0,0,1,0,1,0,39,0,4,29,5,0.823,0.636,0.678,2.416666667,55.38888889,0.322389102,0.677610898,0,0.25,0,0,0.012531647,1.25,Retained,0,Lower Risk,0,0
3,0,0,0,0,0,1,0,0,0,0,57,1,0,39,4,0.839,0.861,0.655,3.25,69.8358209,0.344543828,0.655456172,0.25,0.333333333,0,0,0.042328702,4.23,Retained,0,Lower Risk,0,0
0,0,0,0,0,0,0,0,0,1,0,52,0,1,41,5,0.824,0.343,0,3.416666667,58.29787234,1,0,0.5,0.25,1,1,0.991208504,99.12,Churn,1,High Risk,0,0
0,0,0,0,0,0,0,0,1,0,0,46,0,3,40,3,0.777,0.523,0,3.333333333,70.10447761,1,0,0.25,0.25,0,1,0.746570276,74.66,Churn,1,High Risk,0,0
2,0,0,0,0,0,0,1,1,0,0,56,1,4,47,1,0.734,0.8,0.537,3.916666667,52.69135802,0.462638646,0.537361354,0.25,0.083333333,0,0,0.021227372,2.12,Retained,0,Lower Risk,0,0
3,0,0,1,0,0,0,0,1,0,0,49,1,3,40,4,0.85,0.742,0.042,3.333333333,57.40740741,0.957823427,0.042176573,0.25,0.166666667,1,0,0.030665597,3.07,Retained,0,Lower Risk,0,0
0,0,0,0,0,0,0,1,1,0,0,59,1,0,51,5,0.742,1.333,0.655,4.25,51.07142857,0.34522293,0.65477707,0.333333333,0.25,0,0,0.012576603,1.26,Retained,0,Lower Risk,0,0
1,0,0,0,0,0,0,1,0,1,0,49,0,2,44,6,0.612,0.683,0.653,3.666666667,61.44927536,0.346995808,0.653004192,0.25,0.083333333,0,0,0.005872661,0.59,Retained,0,Lower Risk,0,0
3,0,0,0,1,0,0,0,0,1,0,51,1,4,37,6,0.662,0.766,0.244,3.083333333,53.31325301,0.756119777,0.243880223,0.166666667,0.166666667,0,0,0.008240916,0.82,Retained,0,Lower Risk,0,0
1,0,0,0,0,0,0,1,1,0,0,49,0,1,37,5,0.672,0.783,0.288,3.083333333,50.97560976,0.712148111,0.287851889,0.333333333,0.166666667,0,0,0.038448383,3.84,Retained,0,Lower Risk,0,0
4,0,0,0,0,0,1,0,1,0,0,44,1,1,33,2,0.734,0.585,0.031,2.75,88.23809524,0.969347549,0.030652451,0.25,0.166666667,0,0,0.110414644,11.04,Retained,0,Lower Risk,0,0
0,0,0,0,0,0,1,0,0,1,0,40,0,3,36,3,0.611,0.632,0.129,3,66.16129032,0.870740941,0.129259059,0.166666667,0.166666667,1,0,0.04427522,4.43,Retained,0,Lower Risk,0,0
3,0,0,0,0,0,0,1,1,0,0,46,1,3,33,4,0.816,0.618,0.032,2.75,140.8181818,0.968159694,0.031840306,0.25,0.083333333,0,0,0.032694476,3.27,Retained,0,Lower Risk,0,0
0,0,0,0,1,0,0,0,1,0,0,42,0,3,33,6,0.852,0.741,0.312,2.75,47.12765957,0.688073394,0.311926606,0.166666667,0.25,0,0,0.025789861,2.58,Retained,0,Lower Risk,0,0
0,0,1,0,0,0,0,0,0,1,0,53,0,1,48,4,0.716,0.684,0.648,4,57.953125,0.352007058,0.647992942,0.25,0.25,0,0,0.086280258,8.63,Retained,0,Lower Risk,0,0
0,0,0,0,1,0,0,0,1,0,0,57,0,3,51,2,0.733,0.609,0,4.25,70.45945946,1,0,0.166666667,0.416666667,1,1,0.689720776,68.97,Churn,1,High Risk,0,0
0,0,0,0,0,0,0,1,1,0,0,47,0,3,38,5,0.873,0.565,0.895,3.166666667,61.06944444,0.104651163,0.895348837,0.333333333,0.083333333,0,0,0.073004258,7.3,Retained,0,Lower Risk,0,0
0,0,0,0,0,0,0,1,1,0,0,41,0,5,22,2,0.765,0.855,0.133,1.833333333,134.5304348,0.867042588,0.132957412,0.25,0.083333333,0,0,0.023827923,2.38,Retained,0,Lower Risk,0,0
1,0,0,1,0,0,0,0,0,1,0,39,0,2,34,6,0.702,0.66,0.045,2.833333333,56.95180723,0.954805492,0.045194508,0.166666667,0.333333333,0,0,0.05858199,5.86,Retained,0,Lower Risk,0,0
0,0,0,0,0,0,0,0,1,0,0,56,0,1,36,6,0.64,1.188,0,3,69.65714286,1,0,0.166666667,0.166666667,0,0,0.057155132,5.72,Retained,0,Lower Risk,0,0
0,0,0,0,0,0,0,1,0,1,0,32,0,0,26,6,0.715,0.689,0.06,2.166666667,66.26315789,0.940240453,0.059759547,0.333333333,0.166666667,0,0,0.141766254,14.18,Retained,0,Lower Risk,0,0
0,0,0,0,1,0,0,0,0,1,0,37,0,1,28,4,0.666,0.698,0.261,2.333333333,51.41111111,0.738812042,0.261187958,0.166666667,0.25,0,0,0.033073107,3.31,Retained,0,Lower Risk,0,0
0,0,0,0,1,0,0,0,0,1,0,35,0,4,24,5,0.834,0.833,0.099,2,50.81818182,0.900738989,0.099261011,0.333333333,0.166666667,0,0,0.05038056,5.04,Retained,0,Lower Risk,0,0
0,0,0,0,1,0,0,0,0,1,0,52,0,1,40,2,0.754,0.862,0.611,3.333333333,125.7438017,0.388929352,0.611070648,0.083333333,0.083333333,0,0,0.002041013,0.2,Retained,0,Lower Risk,0,0
0,0,0,0,1,0,0,0,1,0,0,35,0,2,21,5,0.847,0.639,0.551,1.75,35.77966102,0.449235049,0.550764951,0.25,0.5,0,0,0.007618153,0.76,Retained,0,Lower Risk,0,0
0,0,0,0,1,0,0,0,0,0,1,35,0,4,26,2,0.625,0.672,0,2.166666667,80.62886598,1,0,0.166666667,0.083333333,0,0,0.047449021,4.74,Retained,0,Lower Risk,0,0
2,0,0,0,1,0,0,0,1,0,0,49,1,2,38,5,0.635,0.628,0.137,3.166666667,55.97142857,0.863439306,0.136560694,0.083333333,0.166666667,0,0,0.012032611,1.2,Retained,0,Lower Risk,0,0
0,0,0,0,1,0,0,0,0,1,0,41,0,4,23,3,0.76,0.551,0.737,1.916666667,65.11842105,0.263365626,0.736634374,0.166666667,0.166666667,0,0,0.203819053,20.38,Retained,0,Lower Risk,0,0
1,0,0,0,0,0,0,1,1,0,0,42,1,3,29,4,0.798,0.711,0.198,2.416666667,52.79220779,0.801881159,0.198118841,0.333333333,0.25,0,0,0.05186063,5.19,Retained,0,Lower Risk,0,0
0,0,0,0,0,0,0,1,1,0,0,45,0,2,38,3,0.797,0.51,0,3.166666667,52.14285714,1,0,0.25,0.166666667,0,1,0.766097648,76.61,Churn,1,High Risk,0,0
1,0,0,0,1,0,0,0,1,0,0,58,0,2,53,4,0.682,0.723,0.473,4.416666667,60.45679012,0.527252082,0.472747918,0.25,0.166666667,0,0,0.023506276,2.35,Retained,0,Lower Risk,0,0
1,0,0,1,0,0,0,0,0,1,0,43,0,4,35,5,0.807,0.778,0.314,2.916666667,55.8625,0.686495875,0.313504125,0.166666667,0.166666667,0,0,0.013037872,1.3,Retained,0,Lower Risk,0,0
2,0,0,0,0,0,0,0,1,0,0,45,1,4,26,6,0.903,0.675,0.494,2.166666667,63.80597015,0.506425041,0.493574959,0.166666667,0.166666667,0,0,0.034685301,3.47,Retained,0,Lower Risk,0,0
1,0,0,0,0,0,1,0,0,0,1,45,1,2,37,6,0.847,0.733,0.58,3.083333333,54.80769231,0.420135183,0.579864817,0.083333333,0.333333333,0,0,0.007453127,0.75,Retained,0,Lower Risk,0,0
3,0,0,1,0,0,0,0,1,0,0,44,1,4,36,3,1.012,0.633,0,3,45.625,1,0,0.25,0.166666667,0,0,0.237233851,23.72,Retained,0,Lower Risk,0,0
1,0,0,1,0,0,0,0,0,1,0,37,0,1,27,6,0.714,0.75,0.942,2.25,48.44444444,0.058361392,0.941638608,0.166666667,0.083333333,0,0,0.007314815,0.73,Retained,0,Lower Risk,0,0
0,0,0,0,0,0,0,1,1,0,0,48,0,2,37,4,0.433,0.407,0,3.083333333,58.18421053,1,0,0.25,0.166666667,0,1,0.934550296,93.46,Churn,1,High Risk,0,0
3,0,0,1,0,0,0,0,1,0,0,37,1,3,18,5,0.778,0.864,0,1.5,48.17073171,1,0,0.166666667,0.25,0,0,0.028953307,2.9,Retained,0,Lower Risk,0,0
2,0,0,0,1,0,0,0,1,0,0,45,1,3,36,2,0.831,0.707,0.089,3,86.77777778,0.911023899,0.088976101,0.083333333,0.416666667,0,0,0.008296606,0.83,Retained,0,Lower Risk,0,0
0,0,0,0,0,0,1,0,0,1,0,55,0,1,36,3,1.012,0.622,0.526,3,60.76712329,0.474379476,0.525620524,0,0.25,0,0,0.054485065,5.45,Retained,0,Lower Risk,0,0
3,0,0,0,0,0,0,1,0,0,0,39,1,1,34,6,0.666,0.645,0.279,2.833333333,29.68627451,0.721455125,0.278544875,0.25,0.083333333,0,0,0.008512337,0.85,Retained,0,Lower Risk,0,0
0,0,0,0,0,0,0,1,0,1,0,38,0,3,30,6,0.853,0.467,0.675,2.5,39,0.325201072,0.674798928,0.166666667,0.166666667,1,0,0.054789792,5.48,Retained,0,Lower Risk,0,0
0,0,0,0,0,0,0,1,1,0,0,45,0,4,39,3,0.585,0.618,0.432,3.25,38.32727273,0.568454999,0.431545001,0.166666667,0.166666667,1,0,0.079134185,7.91,Retained,0,Lower Risk,0,0
1,1,0,0,0,0,1,0,0,1,0,58,1,4,50,5,1.296,0.848,0.049,4.166666667,48.36065574,0.951060713,0.048939287,0.25,0.166666667,0,0,0.003784395,0.38,Retained,0,Lower Risk,0,0
0,0,0,0,0,0,0,0,1,0,0,51,0,2,25,4,0.578,0.756,0,2.083333333,60.51898734,1,0,0.25,0.25,0,0,0.140389591,14.04,Retained,0,Lower Risk,0,0
1,0,0,0,0,0,1,0,0,1,0,34,0,3,27,3,0.773,0.545,0.767,2.25,63.48529412,0.232598357,0.767401643,0.333333333,0.166666667,0,0,0.334351501,33.44,Retained,0,Lower Risk,0,0
0,0,0,0,0,0,1,0,0,1,0,29,0,2,18,4,0.995,0.865,0.053,1.5,36.75362319,0.946551351,0.053448649,0.166666667,0.083333333,0,0,0.013063053,1.31,Retained,0,Lower Risk,0,0
0,0,0,0,0,0,1,0,1,0,0,49,0,4,38,1,0.818,0.762,0.509,3.166666667,69,0.491106291,0.508893709,0.25,0.25,0,0,0.108967683,10.9,Retained,0,Lower Risk,0,0
2,0,0,0,0,1,0,0,0,1,0,36,1,2,30,4,0.59,1.045,0.497,2.5,49.53333333,0.503113325,0.496886675,0.333333333,0.166666667,0,0,0.01899745,1.9,Retained,0,Lower Risk,0,0
3,0,0,1,0,0,0,0,1,0,0,54,1,4,34,2,1.996,1.5,0.169,2.833333333,63.04,0.831368083,0.168631917,0.166666667,0.25,0,0,0.032962076,3.3,Retained,0,Lower Risk,0,0
0,0,0,1,0,0,0,0,0,1,0,38,0,2,36,3,0.681,0.949,0,3,62.75,1,0,0.083333333,0.083333333,0,0,0.005428722,0.54,Retained,0,Lower Risk,0,0
0,0,0,1,0,0,0,0,0,1,0,48,0,4,35,3,0.763,0.242,0.699,2.916666667,118.5853659,0.300879765,0.699120235,0.166666667,0.166666667,0,1,0.582512654,58.25,Churn,1,High Risk,0,0
1,0,0,0,0,1,0,0,0,1,0,43,1,0,37,1,0.809,0.733,0.126,3.083333333,132.1730769,0.874364837,0.125635163,0.25,0.166666667,0,0,0.056506694,5.65,Retained,0,Lower Risk,0,0
0,0,0,0,0,1,0,0,0,0,0,48,0,3,36,5,0.949,1,0.215,3,154.1666667,0.784974354,0.215025646,0.083333333,0.25,1,0,0.224665867,22.47,Retained,0,Lower Risk,0,0
2,0,0,0,0,0,0,0,1,0,0,38,1,1,36,4,0.772,0.694,0.304,3,49.65060241,0.696050776,0.303949224,0.166666667,0.083333333,0,0,0.00310443,0.31,Retained,0,Lower Risk,0,0
3,0,0,1,0,0,0,0,0,0,0,34,1,3,21,6,0.883,0.6,0,1.75,40.28571429,1,0,0.166666667,0.333333333,0,0,0.036137017,3.61,Retained,0,Lower Risk,0,0
0,0,0,0,0,0,1,0,0,1,0,49,0,2,31,6,0.687,0.756,0.673,2.583333333,50.79746835,0.326753465,0.673246535,0.25,0.083333333,0,0,0.00828531,0.83,Retained,0,Lower Risk,0,0
1,0,1,0,0,0,0,0,0,1,0,33,1,2,25,5,0.781,0.971,0.164,2.083333333,37.58208955,0.835556504,0.164443496,0.166666667,0.166666667,0,0,0.009677479,0.97,Retained,0,Lower Risk,0,0
0,0,0,0,0,0,0,0,1,0,0,43,0,4,28,5,0.2,0.5,0,2.333333333,42.66666667,1,0,0.333333333,0.166666667,1,1,0.943832874,94.38,Churn,1,High Risk,0,0
0,0,0,0,0,0,1,0,1,0,0,43,0,4,36,2,0.697,2.1,0.256,3,45.16129032,0.744423792,0.255576208,0.083333333,0.083333333,0,0,0.006486886,0.65,Retained,0,Lower Risk,0,0
0,1,1,0,0,0,0,0,1,0,0,55,0,2,36,3,0.787,0.682,0,3,130.4054054,1,0,0.083333333,0.166666667,0,0,0.068011533,6.8,Retained,0,Lower Risk,0,0
3,0,0,0,0,0,0,1,1,0,0,51,1,2,39,4,0.782,0.775,0.204,3.25,50.3943662,0.795559194,0.204440806,0.166666667,0.25,0,0,0.022455709,2.25,Retained,0,Lower Risk,0,0
3,0,0,0,1,0,0,0,0,1,0,41,1,0,31,3,0.633,0.667,0.075,2.583333333,67.41428571,0.92480282,0.07519718,0.166666667,0.416666667,0,0,0.009841918,0.98,Retained,0,Lower Risk,0,0
0,0,0,0,0,0,0,1,1,0,0,36,0,2,29,6,0.628,0.481,0.586,2.416666667,45.05,0.413504189,0.586495811,0.333333333,0.25,0,0,0.308580873,30.86,Retained,0,Lower Risk,0,0
1,0,0,0,0,0,0,1,1,0,0,58,0,5,47,1,0.809,0.75,0.539,3.916666667,68.34285714,0.460745829,0.539254171,0.25,0.25,0,0,0.062112388,6.21,Retained,0,Lower Risk,0,0
2,0,0,1,0,0,0,0,0,0,1,42,1,1,32,5,0.959,0.833,0,2.666666667,80.03636364,1,0,0.166666667,0.25,0,0,0.348585577,34.86,Retained,0,Lower Risk,0,0
0,0,0,0,0,1,0,0,0,0,1,48,0,4,43,4,0.734,1.027,0.62,3.583333333,60.45333333,0.379719983,0.620280017,0.25,0.083333333,0,0,0.004852771,0.49,Retained,0,Lower Risk,0,0
3,0,0,0,0,0,0,1,1,0,0,36,1,1,26,6,0.57,0.783,0,2.166666667,49.29268293,1,0,0.083333333,0.166666667,0,0,0.082337762,8.23,Retained,0,Lower Risk,0,0
0,0,0,0,0,0,0,0,0,1,0,54,0,3,36,4,0.667,0.783,0.476,3,52.19512195,0.523841731,0.476158269,0.166666667,0.333333333,0,0,0.023995199,2.4,Retained,0,Lower Risk,0,0
0,0,0,0,1,0,0,0,1,0,0,39,0,2,36,1,0.742,0.776,0.894,3,55.36781609,0.106178977,0.893821023,0.083333333,0.25,0,0,0.030059353,3.01,Retained,0,Lower Risk,0,0
0,0,0,0,0,0,0,1,1,0,0,59,0,0,47,5,1.423,0.5,0.218,3.916666667,44.30952381,0.781851274,0.218148726,0.166666667,0.25,0,0,0.079061718,7.91,Retained,0,Lower Risk,0,0
0,0,0,0,1,0,0,0,1,0,0,49,1,4,32,2,0.506,0.619,0.38,2.666666667,52.23529412,0.620346689,0.379653311,0.25,0.083333333,0,0,0.050061423,5.01,Retained,0,Lower Risk,0,0
1,0,0,0,1,0,0,0,1,0,0,48,0,5,36,3,0.424,0.848,0,3,49.91764706,1,0,0.083333333,0.166666667,0,0,0.175186241,17.52,Retained,0,Lower Risk,0,0
0,0,0,1,0,0,0,0,0,1,0,33,0,3,36,5,0.707,0.595,0.277,3,39.41791045,0.723439438,0.276560562,0.25,0.25,0,0,0.15402271,15.4,Retained,0,Lower Risk,0,0
1,0,0,0,1,0,0,0,0,1,0,26,0,0,13,2,0.331,0.286,0.934,1.083333333,32.18518519,0.065895954,0.934104046,0.333333333,0.166666667,1,1,0.985478276,98.55,Churn,1,High Risk,0,0
2,0,0,0,0,0,1,0,0,0,0,40,1,3,30,2,0.777,0.527,0.103,2.5,91.27380952,0.897261113,0.102738887,0.166666667,0.25,0,0,0.091479301,9.15,Retained,0,Lower Risk,0,0
0,0,0,0,0,0,1,0,0,0,0,58,0,0,36,3,0.466,0.64,0,3,44.97560976,1,0,0.5,0.166666667,1,1,0.867266087,86.73,Churn,1,High Risk,0,0
0,0,0,1,0,0,0,0,0,1,0,32,0,2,17,5,1.132,0.971,0.854,1.416666667,38.50746269,0.146214281,0.853785719,0.166666667,0.083333333,0,0,0.001041717,0.1,Retained,0,Lower Risk,0,0
0,0,0,0,0,0,1,0,0,1,0,56,0,4,51,5,1.12,0.587,0.382,4.25,58.68493151,0.618476305,0.381523695,0.083333333,0.083333333,0,0,0.010192709,1.02,Retained,0,Lower Risk,0,0
1,0,0,0,0,0,0,1,0,1,0,40,1,2,36,6,0.751,0.826,0,3,53.53571429,1,0,0.083333333,0.5,0,0,0.004387705,0.44,Retained,0,Lower Risk,0,0
1,0,0,0,0,0,0,1,0,0,1,38,0,3,36,6,0.894,0.909,0.518,3,56.0952381,0.481618695,0.518381305,0.25,0.083333333,0,0,0.002338769,0.23,Retained,0,Lower Risk,0,0
0,0,0,1,0,0,0,0,0,1,0,65,0,2,56,3,0.735,0.778,0.283,4.666666667,47.66666667,0.717263652,0.282736348,0.25,0,1,0,0.348464274,34.85,Retained,0,Lower Risk,0,0
3,0,0,1,0,0,0,0,1,0,0,53,1,0,41,3,0.963,1.067,0.035,3.416666667,37.35483871,0.965072039,0.034927961,0.166666667,0.25,0,0,0.093828891,9.38,Retained,0,Lower Risk,0,0
1,0,0,0,0,0,0,0,1,0,0,44,1,3,36,3,0.733,0.659,0.412,3,61.10294118,0.588119784,0.411880216,0.166666667,0.25,0,0,0.053350844,5.34,Retained,0,Lower Risk,0,0
0,0,0,1,0,0,0,0,0,1,0,44,0,5,28,2,0.874,0.792,0.564,2.333333333,55.87209302,0.435815148,0.564184852,0.166666667,0.166666667,0,0,0.089994721,9,Retained,0,Lower Risk,0,0
1,0,0,0,1,0,0,0,0,0,1,35,1,2,19,4,0.537,0.73,0.109,1.583333333,47.109375,0.890917549,0.109082451,0.25,0.25,0,0,0.077200931,7.72,Retained,0,Lower Risk,0,0
0,0,0,0,0,0,0,0,0,1,0,51,0,3,36,3,0.382,0.333,0.248,3,46.325,0.752008929,0.247991071,0.25,0.25,1,1,0.888953412,88.9,Churn,1,High Risk,0,0
2,0,0,0,1,0,0,0,0,1,0,43,1,2,33,1,0.81,0.667,0.095,2.75,85.53684211,0.904671477,0.095328523,0.083333333,0.166666667,0,0,0.008744027,0.87,Retained,0,Lower Risk,0,0
4,0,0,0,0,0,0,1,1,0,0,26,1,0,17,4,0.52,0.756,0.065,1.416666667,53.65277778,0.935172012,0.064827988,0.083333333,0.166666667,0,0,0.004903678,0.49,Retained,0,Lower Risk,0,0
3,1,1,0,0,0,0,0,0,1,0,37,1,5,36,4,0.711,0.618,0,3,48.74545455,1,0,0.083333333,0.083333333,0,0,0.011394216,1.14,Retained,0,Lower Risk,0,0
1,0,0,0,1,0,0,0,1,0,0,65,0,0,46,6,1.058,0.706,0.289,3.833333333,43,0.711247235,0.288752765,0.25,0.083333333,0,0,0.005952125,0.6,Retained,0,Lower Risk,0,0
0,0,0,0,1,0,0,0,1,0,0,40,0,5,31,4,0.877,0.744,0.785,2.583333333,66.04411765,0.215072876,0.784927124,0.166666667,0.166666667,0,0,0.010799868,1.08,Retained,0,Lower Risk,0,0
3,0,0,0,0,0,0,0,1,0,0,58,1,1,47,3,1.022,0.556,0.148,3.916666667,65.57142857,0.851946342,0.148053658,0.25,0.25,1,0,0.351192497,35.12,Retained,0,Lower Risk,0,0
1,0,0,0,1,0,0,0,0,1,0,46,1,2,41,3,0.998,0.972,0.49,3.416666667,48.33802817,0.51015873,0.48984127,0.166666667,0.25,0,0,0.031461212,3.15,Retained,0,Lower Risk,0,0
0,0,0,1,0,0,0,0,1,0,0,64,1,0,53,3,0.664,0.542,0.79,4.416666667,43.16216216,0.209692898,0.790307102,0.333333333,0.25,0,0,0.092567047,9.26,Retained,0,Lower Risk,0,0
4,1,0,1,0,0,0,0,0,1,0,49,1,4,36,2,0.622,0.435,0,3,80.42424242,1,0,0.166666667,0.166666667,0,0,0.323453031,32.35,Retained,0,Lower Risk,0,0
3,0,0,0,1,0,0,0,0,1,0,52,1,2,46,3,0.685,0.675,0.073,3.833333333,45.85074627,0.927077297,0.072922703,0.166666667,0.25,0,0,0.057701504,5.77,Retained,0,Lower Risk,0,0
2,0,0,0,0,0,0,1,0,1,0,40,1,2,27,6,0.413,0.323,0,2.25,48.6097561,1,0,0.25,0.166666667,1,1,0.677256635,67.73,Churn,1,High Risk,0,0
0,0,0,0,1,0,0,0,1,0,0,37,1,3,26,3,0.395,0.182,0.348,2.166666667,66.30769231,0.652053597,0.347946403,0.333333333,0.25,1,1,0.754849262,75.48,Churn,1,High Risk,0,0
1,0,0,0,0,0,0,0,1,0,0,41,0,4,29,5,0.875,0.406,0,2.416666667,64.6,1,0,0.25,0.166666667,1,1,0.960874164,96.09,Churn,1,High Risk,0,0
0,0,0,1,0,0,0,0,1,0,0,54,0,2,47,4,0.669,0.711,0.526,3.916666667,53.50649351,0.474025974,0.525974026,0.25,0.25,0,0,0.066328733,6.63,Retained,0,Lower Risk,0,0
0,0,0,0,0,0,0,1,1,0,0,49,0,2,32,3,0.683,0.569,0.494,2.666666667,47.6,0.506361677,0.493638323,0.25,0.083333333,0,0,0.073280022,7.33,Retained,0,Lower Risk,0,0
1,0,0,0,0,1,0,0,1,0,0,59,1,1,36,4,1.642,0.458,0.553,3,48.68571429,0.44744261,0.55255739,0.166666667,0.166666667,0,0,0.031773307,3.18,Retained,0,Lower Risk,0,0
1,1,0,1,0,0,0,0,1,0,0,51,0,3,44,4,0.627,0.63,0,3.666666667,54.33333333,1,0,0.25,0.166666667,0,0,0.14808511,14.81,Retained,0,Lower Risk,0,0
2,0,0,1,0,0,0,0,1,0,0,41,1,5,36,4,0.46,0.561,0.294,3,73.84375,0.706229508,0.293770492,0.25,0.333333333,0,0,0.150628473,15.06,Retained,0,Lower Risk,0,0
0,0,0,1,0,0,0,0,0,1,0,43,0,1,36,2,0.587,0.429,0,3,46.52,1,0,0.166666667,0.25,1,1,0.97436233,97.44,Churn,1,High Risk,0,0
4,0,0,0,1,0,0,0,0,0,1,50,1,2,40,1,0.791,0.652,0.066,3.333333333,102.2631579,0.934211593,0.065788407,0.25,0.166666667,0,0,0.031885921,3.19,Retained,0,Lower Risk,0,0
3,0,0,0,0,0,1,0,1,0,0,57,1,3,38,5,0.693,0.737,0.994,3.166666667,42.18181818,0.006067961,0.993932039,0.25,0.25,0,0,0.107297959,10.73,Retained,0,Lower Risk,0,0
0,0,0,0,0,0,1,0,0,1,0,41,0,1,30,4,0.802,0.81,0.208,2.5,64.05263158,0.791924916,0.208075084,0.25,0.166666667,0,0,0.033343421,3.33,Retained,0,Lower Risk,0,0
3,0,0,0,1,0,0,0,0,1,0,50,1,2,38,1,0.242,0.091,0.094,3.166666667,40.94444444,0.905595117,0.094404883,0.25,0.166666667,1,1,0.96361516,96.36,Churn,1,High Risk,0,0
4,0,0,0,1,0,0,0,0,1,0,53,1,2,36,2,0.688,0.655,0.068,3,145.1041667,0.932112529,0.067887471,0.166666667,0.166666667,0,0,0.012968528,1.3,Retained,0,Lower Risk,0,0
1,0,0,0,0,0,1,0,1,0,0,51,0,2,36,6,0.785,0.688,0.26,3,56.44444444,0.740101221,0.259898779,0.25,0.25,0,0,0.09584075,9.58,Retained,0,Lower Risk,0,0
2,0,0,0,0,0,1,0,0,0,1,45,1,3,39,3,0.511,0.481,0.144,3.25,58.98701299,0.855737158,0.144262842,0.25,0.166666667,0,0,0.34435133,34.44,Retained,0,Lower Risk,0,0
4,0,0,1,0,0,0,0,1,0,0,53,1,0,33,4,0.701,0.781,0.091,2.75,32.56140351,0.909311625,0.090688375,0.25,0.25,0,0,0.065332899,6.53,Retained,0,Lower Risk,0,0
0,0,0,1,0,0,0,0,1,0,0,54,0,0,36,1,0.811,0.86,0,3,51.08602151,1,0,0.25,0.166666667,0,0,0.262233756,26.22,Retained,0,Lower Risk,0,0
3,0,0,0,0,0,0,1,1,0,0,48,1,4,36,5,0.869,0.75,0.164,3,42.30952381,0.83623298,0.16376702,0,0.25,0,0,0.007893717,0.79,Retained,0,Lower Risk,0,0
0,0,1,0,0,0,0,0,0,1,0,65,0,2,53,6,0.535,0.625,0.873,4.416666667,64.69230769,0.126651481,0.873348519,0.166666667,0.25,0,0,0.049246875,4.92,Retained,0,Lower Risk,0,0
0,0,0,1,0,0,0,0,1,0,0,50,0,4,31,4,0.651,0.864,0.865,2.583333333,62.56097561,0.135096154,0.864903846,0.083333333,0.166666667,0,0,0.007297685,0.73,Retained,0,Lower Risk,0,0
1,0,0,0,0,0,0,1,0,0,0,54,0,2,49,5,0.967,0.692,0.46,4.083333333,34.81818182,0.540357925,0.459642075,0.166666667,0.25,0,0,0.027369462,2.74,Retained,0,Lower Risk,0,0
0,0,0,1,0,0,0,0,1,0,0,44,0,2,33,3,0.389,0.407,0,2.75,48.63157895,1,0,0.166666667,0.166666667,1,1,0.916632714,91.66,Churn,1,High Risk,0,0
0,0,0,0,0,0,0,1,1,0,0,44,0,2,30,3,0.954,0.722,0,2.5,50.70967742,1,0,0.333333333,0.083333333,0,0,0.102409309,10.24,Retained,0,Lower Risk,0,0
3,0,0,0,1,0,0,0,1,0,0,44,1,3,36,1,0.983,0.5,0,3,116.2619048,1,0,0.166666667,0.25,1,1,0.964735347,96.47,Churn,1,High Risk,0,0
2,0,0,1,0,0,0,0,0,1,0,52,1,3,46,4,0.694,0.711,0.137,3.833333333,54.19480519,0.862669659,0.137330341,0.166666667,0.166666667,0,0,0.01316289,1.32,Retained,0,Lower Risk,0,0
3,0,0,0,1,0,0,0,0,0,1,41,1,4,36,4,0.859,1.667,0.094,3,60.95833333,0.905812842,0.094187158,0,0.25,0,0,0.003822761,0.38,Retained,0,Lower Risk,0,0
